experiment,value_metric,feature,n,n_family,f_statistic,p_value,kruskal_p_value,eta_sq,omega_sq,max_abs_pairwise_d,p_adj_bh,rank_within_metric,rank_score
01.00-resazurin-20260415-36C,corrected_fc,trough_value,126,9,22.249846187659262,2.676968313957175e-20,4.3837127764770337e-13,0.6033881761683257,0.5743225547447499,3.35256926619011,5.889330290705785e-19,1,2
01.00-resazurin-20260415-36C,metabolism_per_area_mm2_measurement,trough_value,126,9,11.082834330776926,1.4764211262543553e-11,3.1515649020752736e-7,0.43110727213255645,0.3903108037496435,2.712550601727246,3.2481264777595815e-10,1,2
01.00-resazurin-20260415-36C,corrected_fc,time_to_min_slope,126,9,2.5097048948926766,0.014885037900784031,0.019274583066502888,0.14646910526254478,0.08746991354060832,1.6867164124056975,0.16373541690862434,2,4
01.00-resazurin-20260415-36C,metabolism_per_area_mm2_measurement,time_to_min_slope,126,9,2.5097048948926766,0.014885037900784031,0.019274583066502888,0.14646910526254478,0.08746991354060832,1.6867164124056975,0.16373541690862434,2,4
01.00-resazurin-20260415-36C,corrected_fc,depression_abs,126,9,2.2417394621652353,0.02903118194045766,0.046888375398123114,0.1329088806519963,0.07307900788675359,1.3749437970753629,0.21289533423002283,3,6
01.00-resazurin-20260415-36C,metabolism_per_area_mm2_measurement,depression_abs,126,9,2.070357509048353,0.0441205066566903,0.04759456764391253,0.1240079769436674,0.06363464679466913,1.2912830087153369,0.25363133758152484,3,6
01.00-resazurin-20260415-36C,corrected_fc,time_to_peak,126,9,2.0520561376470656,0.04611478865118634,0.052149916267963156,0.12304666487358762,0.06261472578286446,1.3552891317150904,0.25363133758152484,4,8
01.00-resazurin-20260415-36C,metabolism_per_area_mm2_measurement,time_to_peak,126,9,2.0520561376470656,0.04611478865118634,0.052149916267963156,0.12304666487358762,0.06261472578286446,1.3552891317150904,0.25363133758152484,3,7
01.00-resazurin-20260415-36C,corrected_fc,stability_cv,126,9,1.747186747386232,0.09467080940223813,0.03680772267984949,0.10671676144087257,0.04529176754967717,1.4217079265309165,0.4165515613698478,5,10
01.00-resazurin-20260415-36C,metabolism_per_area_mm2_measurement,stability_cv,126,9,1.7471867473862315,0.09467080940223825,0.03680772267984949,0.10671676144087254,0.045291767549677134,1.4217079265309165,0.41655156136984833,5,9
01.00-resazurin-20260415-36C,corrected_fc,delta_auc_late_minus_early,126,9,1.634296228416386,0.12234085765756729,0.11112321127376158,0.10051457366033623,0.03871366945357613,1.3640126388447094,0.44098019857196097,6,12
01.00-resazurin-20260415-36C,corrected_fc,time_to_trough,126,9,1.496031746031738,0.16593326945042117,0.16996288666560602,0.09279999999999955,0.03053248656570543,1.140175425099139,0.44098019857196097,6,13
01.00-resazurin-20260415-36C,corrected_fc,auc_late,126,9,1.3326553457293848,0.2341456304926628,0.24731420293882359,0.08351197697010244,0.020684105863010897,1.3444622271502433,0.44098019857196097,6,14
01.00-resazurin-20260415-36C,corrected_fc,final_value,126,9,1.3086248548238602,0.24590184344222293,0.1926858967231577,0.0821297643660587,0.01921863531989491,1.2423812811440915,0.44098019857196097,6,15
01.00-resazurin-20260415-36C,corrected_fc,final_delta,126,9,1.2928925126198705,0.25385228129799836,0.19859005412155237,0.0812225934805661,0.01825683943150972,1.242900161794698,0.44098019857196097,6,16
01.00-resazurin-20260415-36C,corrected_fc,peak_value,126,9,1.2764463362486362,0.2623809716311598,0.20727172267115934,0.08027234185225486,0.017249384576502744,1.2293305421848206,0.44098019857196097,6,17
01.00-resazurin-20260415-36C,corrected_fc,late_early_auc_ratio,126,9,1.2703332587594451,0.26560823223136043,0.04256805686221232,0.07991863008341786,0.01687438422116686,1.3004023793100368,0.44098019857196097,6,18
01.00-resazurin-20260415-36C,corrected_fc,metabolic_scope,126,9,1.2606745826898518,0.2707708009518696,0.2079116842831537,0.07935920984202782,0.016281299163477068,1.2298302163899109,0.44098019857196097,6,19
01.00-resazurin-20260415-36C,corrected_fc,min_slope,126,9,1.2426325685843467,0.2806237627276115,0.17912425470714471,0.07831241133252494,0.015171521483021496,0.990664080892687,0.44098019857196097,6,20
01.00-resazurin-20260415-36C,corrected_fc,vmax,126,9,1.143256075139676,0.3398566765135815,0.3606239389840316,0.072503647181513,0.009013639147471995,1.1950805150628727,0.49845645888658613,15,22
01.00-resazurin-20260415-36C,corrected_fc,auc_total,126,9,1.0979895725052908,0.3696355648045196,0.32406583608081857,0.06983338425825451,0.006183091682196275,1.2975896781336222,0.5054880021668086,16,24
01.00-resazurin-20260415-36C,corrected_fc,time_to_vmax,126,9,1.0623780508851324,0.39427525572907307,0.29471599552940714,0.06772183646235194,0.003944887396721496,1.166781256104576,0.5054880021668086,16,25
01.00-resazurin-20260415-36C,corrected_fc,metabolic_depression_index,126,9,1.0312172082171074,0.4166888073383758,0.07164775910758411,0.06586630694391982,0.0019781242349831505,0.7845402021178074,0.5054880021668086,16,26
01.00-resazurin-20260415-36C,corrected_fc,resilience_ratio,126,9,1.0044490145561482,0.4365578200531528,0.07104995944060725,0.06426643790326046,2.823973438891779e-4,0.719925183224508,0.5054880021668086,16,27
01.00-resazurin-20260415-36C,corrected_fc,inflection_time,126,9,0.97034646934111,0.4626574122685563,0.4557099053807104,0.06222025725742702,0,1.1673570986888822,0.508923153495412,20,29
01.00-resazurin-20260415-36C,metabolism_per_area_mm2_measurement,time_to_trough,126,9,1.496031746031738,0.16593326945042117,0.16996288666560602,0.09279999999999955,0.03053248656570543,1.140175425099139,0.5235420407080452,6,11
01.00-resazurin-20260415-36C,metabolism_per_area_mm2_measurement,min_slope,126,9,1.4942287083867374,0.16658155840710528,0.18084952550796618,0.09269852394421944,0.03042487995330747,1.0681348638631565,0.5235420407080452,6,12
01.00-resazurin-20260415-36C,corrected_fc,initial_slope,126,9,0.834322969926042,0.5741985110197805,0.545629397503177,0.05396892034334887,0,0.9228064751337031,0.6015412972588177,21,31
01.00-resazurin-20260415-36C,metabolism_per_area_mm2_measurement,late_early_auc_ratio,126,9,1.2703332587594465,0.2656082322313598,0.04256805686221232,0.07991863008341793,0.016874384221166938,1.3004023793100368,0.6135170443430226,8,14
01.00-resazurin-20260415-36C,metabolism_per_area_mm2_measurement,delta_auc_late_minus_early,126,9,1.0839945555550123,0.37919283129333126,0.26723419121565023,0.06900470629876757,0.005304697766587562,1.1513760111531282,0.6135170443430226,8,15
01.00-resazurin-20260415-36C,metabolism_per_area_mm2_measurement,time_to_vmax,126,9,1.0623780508851324,0.39427525572907307,0.29471599552940714,0.06772183646235194,0.003944887396721496,1.166781256104576,0.6135170443430226,8,16
01.00-resazurin-20260415-36C,metabolism_per_area_mm2_measurement,metabolic_depression_index,126,9,1.0312172082171074,0.4166888073383758,0.07164775910758411,0.06586630694391982,0.0019781242349831427,0.7845402021178072,0.6135170443430226,8,17
01.00-resazurin-20260415-36C,metabolism_per_area_mm2_measurement,initial_slope,126,9,1.0192106031941168,0.4255318813811654,0.24772405725248411,0.06514937883705185,0.001218234931190895,1.0167152082910096,0.6135170443430226,8,18
01.00-resazurin-20260415-36C,metabolism_per_area_mm2_measurement,resilience_ratio,126,9,1.0044490145561473,0.4365578200531532,0.07104995944060725,0.06426643790326042,2.823973438891238e-4,0.7199251832245079,0.6135170443430226,8,19
01.00-resazurin-20260415-36C,metabolism_per_area_mm2_measurement,inflection_time,126,9,0.97034646934111,0.4626574122685563,0.4557099053807104,0.06222025725742702,0,1.1673570986888822,0.6135170443430226,8,20
01.00-resazurin-20260415-36C,metabolism_per_area_mm2_measurement,auc_late,126,9,0.939994910813969,0.48658415636707153,0.3891155881572088,0.06039159769727236,0,1.13408249797117,0.6135170443430226,8,21
01.00-resazurin-20260415-36C,metabolism_per_area_mm2_measurement,final_delta,126,9,0.909087353758303,0.5115709025059415,0.3755609816440638,0.058522096152520936,0,1.0642901577922936,0.6135170443430226,8,22
01.00-resazurin-20260415-36C,metabolism_per_area_mm2_measurement,final_value,126,9,0.9053082720116394,0.5146661488128131,0.3759882525886278,0.05829300076696899,0,1.056186098616944,0.6135170443430226,8,23
01.00-resazurin-20260415-36C,metabolism_per_area_mm2_measurement,metabolic_scope,126,9,0.8909269046356523,0.5265201546165303,0.4195929733373938,0.057420153504942874,0,1.0488331518780314,0.6135170443430226,8,24
01.00-resazurin-20260415-36C,metabolism_per_area_mm2_measurement,peak_value,126,9,0.8869052443774509,0.5298556292053377,0.42228859077694303,0.05717577759823698,0,1.0406901252164567,0.6135170443430226,8,25
01.00-resazurin-20260415-36C,metabolism_per_area_mm2_measurement,auc_total,126,9,0.8171793920954173,0.588906008940749,0.4843945462225017,0.052918656838925035,0,1.0968100483367413,0.6477966098348239,20,27
01.00-resazurin-20260415-36C,metabolism_per_area_mm2_measurement,vmax,126,9,0.5330078917393002,0.8296211191453271,0.660477660220772,0.03516345258203586,0,0.8264034680035572,0.8691268867236761,21,29
01.00-resazurin-20260415-36C,corrected_fc,auc_early,126,9,0.38317262751383496,0.9277418810188339,0.628192653450979,0.02553093151469894,0,0.7665202109776169,0.9277418810188339,22,33
01.00-resazurin-20260415-36C,metabolism_per_area_mm2_measurement,auc_early,126,9,0.3460517702333712,0.9459526232596691,0.797993269805295,0.023114726710211416,0,0.6653196493109471,0.9459526232596691,22,31
01.00-resazurin-20260429-freshwater_stress,corrected_fc,trough_value,99,9,6657517317965854e15,0,1.0935960442354406e-17,1,1,2266877917785107.5,0,1,2
01.00-resazurin-20260429-freshwater_stress,metabolism_per_area_mm2_measurement,trough_value,99,9,206.6911620126637,1.7661711285926553e-54,6.818828130928962e-17,0.9483805633772554,0.9432511679676311,12.675589209584993,3.7089593700445763e-53,1,2
01.00-resazurin-20260429-freshwater_stress,corrected_fc,delta_auc_late_minus_early,99,9,7.029420617566045,3.567523328090016e-7,2.1383573172647032e-5,0.384553797663092,0.32760719518718684,2.634537270299894,3.7458994944945165e-6,2,4
01.00-resazurin-20260429-freshwater_stress,corrected_fc,auc_early,99,9,6.375801795806643,1.5454192983012178e-6,4.588149976945265e-5,0.3617311637603635,0.30284839285832116,2.5241543075064663,1.0817935088108524e-5,3,6
01.00-resazurin-20260429-freshwater_stress,corrected_fc,auc_total,99,9,5.993537426241381,3.705613687022001e-6,5.721325154894482e-5,0.347581663674204,0.28750477393086993,2.453005334634116,1.9454471856865508e-5,4,8
01.00-resazurin-20260429-freshwater_stress,corrected_fc,auc_late,99,9,4.769965926195994,6.603723976845206e-5,4.048049120982127e-4,0.2977513153380746,0.23350720858933746,2.1960405680190744,2.7735640702749865e-4,5,10
01.00-resazurin-20260429-freshwater_stress,corrected_fc,final_value,99,9,4.354740292339322,1.799692832328972e-4,4.0519979393452996e-4,0.2790652206161452,0.2132737241677883,2.1055580504554845,4.82327476721566e-4,6,12
01.00-resazurin-20260429-freshwater_stress,corrected_fc,final_delta,99,9,4.331299541278447,1.9050944858464963e-4,4.4115679010986247e-4,0.277980635042914,0.21209958033229317,2.0991935171850584,4.82327476721566e-4,6,13
01.00-resazurin-20260429-freshwater_stress,corrected_fc,peak_value,99,9,4.320952478447283,1.9535825526875063e-4,5.074353222744372e-4,0.27750084552811904,0.21158018177026275,2.0892522696806775,4.82327476721566e-4,6,14
01.00-resazurin-20260429-freshwater_stress,corrected_fc,metabolic_scope,99,9,4.297705164038954,2.0671177573781398e-4,5.416036428790165e-4,0.27642054687140105,0.21041071911475395,2.086070987701879,4.82327476721566e-4,6,15
01.00-resazurin-20260429-freshwater_stress,corrected_fc,vmax,99,9,4.154200850583226,2.93150354331949e-4,5.420082097452269e-4,0.2696797380713159,0.203114177022494,2.1203309241840094,6.156157440970929e-4,10,17
01.00-resazurin-20260429-freshwater_stress,metabolism_per_area_mm2_measurement,delta_auc_late_minus_early,99,9,3.9772579248951314,4.516274257482382e-4,5.457849884706437e-6,0.2611933116593953,0.19392964471155913,1.7045533905244177,0.004742087970356502,2,4
01.00-resazurin-20260429-freshwater_stress,metabolism_per_area_mm2_measurement,auc_early,99,9,3.5207261965958105,0.0013846937652475274,7.611316638608614e-6,0.2383583684197753,0.16922479396619708,1.6353019316454382,0.009692856356732692,3,6
01.00-resazurin-20260429-freshwater_stress,metabolism_per_area_mm2_measurement,auc_total,99,9,3.2754124514879686,0.002532181307057673,7.803463765428078e-6,0.2254953146719382,0.1553138834160854,1.5911037353532158,0.013293951862052782,4,8
01.00-resazurin-20260429-freshwater_stress,metabolism_per_area_mm2_measurement,auc_late,99,9,2.552253120676184,0.014864021135712266,2.237265568413999e-5,0.18491568719695725,0.11145436269638362,1.4337354807095173,0.06242888876999152,5,10
01.00-resazurin-20260429-freshwater_stress,metabolism_per_area_mm2_measurement,final_value,99,9,2.3181285656464743,0.02610969884171285,3.81211738729068e-5,0.170851017104585,0.0962620455454873,1.3640473709224004,0.06814623253001048,6,12
01.00-resazurin-20260429-freshwater_stress,metabolism_per_area_mm2_measurement,peak_value,99,9,2.295342300996141,0.02756896596084548,4.366183349813999e-5,0.1694562049441407,0.09475565954934069,1.3631349573634601,0.06814623253001048,6,13
01.00-resazurin-20260429-freshwater_stress,metabolism_per_area_mm2_measurement,final_delta,99,9,2.29378743071345,0.027671372877335964,4.321490385636139e-5,0.16936085584980415,0.09465268497821096,1.3617922168042735,0.06814623253001048,6,14
01.00-resazurin-20260429-freshwater_stress,metabolism_per_area_mm2_measurement,metabolic_scope,99,9,2.2711381082974396,0.029205528227147348,4.926746904691383e-5,0.16796944828954324,0.09315002517265547,1.3608826120574777,0.06814623253001048,6,15
01.00-resazurin-20260429-freshwater_stress,metabolism_per_area_mm2_measurement,vmax,99,9,1.9341616934890242,0.06432449817315054,6.799089934980053e-4,0.14670342631220964,0.07018937142720458,1.3875504481810976,0.13508144616361614,10,17
01.00-resazurin-20260429-freshwater_stress,corrected_fc,inflection_time,99,9,1.8376827317992408,0.08017832159343405,0.12143005600629214,0.1404131479543135,0.0633998975683547,1.0422384539540754,0.15306770486019228,11,19
01.00-resazurin-20260429-freshwater_stress,metabolism_per_area_mm2_measurement,inflection_time,99,9,1.8376827317992408,0.08017832159343405,0.12143005600629214,0.1404131479543135,0.0633998975683547,1.0422384539540754,0.15306770486019228,11,19
01.00-resazurin-20260429-freshwater_stress,metabolism_per_area_mm2_measurement,min_slope,99,9,1.6410484897044142,0.12428222594204806,0.06459309695125344,0.12730139763379655,0.049250622430569324,1.181567141005989,0.2174938953985841,12,21
01.00-resazurin-20260429-freshwater_stress,corrected_fc,initial_slope,99,9,1.515957885410664,0.16275415254043743,0.3600917180345126,0.11875003027725387,0.040024790244222196,1.1582702381514158,0.2848197669457655,12,21
01.00-resazurin-20260429-freshwater_stress,corrected_fc,min_slope,99,9,1.4354641517987723,0.192720093700198,0.07549261685039328,0.11315818913848938,0.033992847303477826,0.9822931469796503,0.31131707443878137,13,23
01.00-resazurin-20260429-freshwater_stress,metabolism_per_area_mm2_measurement,initial_slope,99,9,1.2779843086835954,0.2649759843015083,0.27629229635957203,0.1020103695211191,0.021969861172815807,1.0240062395745813,0.4176772924762019,13,23
01.00-resazurin-20260429-freshwater_stress,metabolism_per_area_mm2_measurement,stability_cv,99,9,1.2526008119158163,0.27845152831746794,0.26707366005255273,0.10018721950412139,0.02000386420811259,1.0269731920004928,0.4176772924762019,13,24
01.00-resazurin-20260429-freshwater_stress,corrected_fc,stability_cv,99,9,1.2526008119158112,0.2784515283174707,0.26707366005255273,0.10018721950412103,0.020003864208112194,1.0269731920004923,0.4176772924762061,14,25
01.00-resazurin-20260429-freshwater_stress,corrected_fc,time_to_peak,99,9,1.1946902654867537,0.3111930959071416,0.08374838041395738,0.09600000000000204,0.015488867376575293,0.9513508201207842,0.43567033426999824,15,27
01.00-resazurin-20260429-freshwater_stress,metabolism_per_area_mm2_measurement,time_to_peak,99,9,1.1946902654867537,0.3111930959071416,0.08374838041395738,0.09600000000000204,0.015488867376575293,0.9513508201207842,0.43567033426999824,15,26
01.00-resazurin-20260429-freshwater_stress,metabolism_per_area_mm2_measurement,resilience_ratio,99,9,1.1146462545967077,0.36108582664050054,0.011355390647841173,0.09014784828011754,0.009179303581517617,0.982680302644335,0.44670295517107733,16,28
01.00-resazurin-20260429-freshwater_stress,metabolism_per_area_mm2_measurement,metabolic_depression_index,99,9,1.1138386100962676,0.361616677995634,0.011355390647841173,0.0900884138997666,0.009115227896710739,0.9823551760019643,0.44670295517107733,16,29
01.00-resazurin-20260429-freshwater_stress,corrected_fc,resilience_ratio,99,9,1.114646254596709,0.3610858266404991,0.011355390647841173,0.09014784828011764,0.009179303581517726,0.9826803026443381,0.4467029551710781,16,29
01.00-resazurin-20260429-freshwater_stress,corrected_fc,metabolic_depression_index,99,9,1.1138386100962674,0.36161667799563463,0.011355390647841173,0.0900884138997666,0.009115227896710721,0.9823551760019639,0.4467029551710781,16,30
01.00-resazurin-20260429-freshwater_stress,metabolism_per_area_mm2_measurement,depression_abs,99,9,1.0038950518765606,0.4388495549739083,0.013111004924776503,0.08192456746418962,3.1465262935322856e-4,0.9327887657708737,0.4842975345722701,18,31
01.00-resazurin-20260429-freshwater_stress,corrected_fc,depression_abs,99,9,1.0018442232542524,0.44038075370695756,0.013251713439612128,0.08177089138570105,1.4900593568005756e-4,0.9345551625377221,0.4842975345722701,18,32
01.00-resazurin-20260429-freshwater_stress,corrected_fc,late_early_auc_ratio,99,9,0.9877989119678208,0.4509516515599471,0.2384218463726673,0.08071704062744597,0,0.9826890620157361,0.4842975345722701,18,33
01.00-resazurin-20260429-freshwater_stress,metabolism_per_area_mm2_measurement,late_early_auc_ratio,99,9,0.9877989119678199,0.45095165155994765,0.2384218463726673,0.08071704062744592,0,0.9826890620157359,0.4842975345722701,18,32
01.00-resazurin-20260429-freshwater_stress,corrected_fc,time_to_vmax,99,9,0.9743153858870719,0.4612357472116858,0.6521711834866122,0.0797030635361319,0,0.8860410621915437,0.4842975345722701,18,34
01.00-resazurin-20260429-freshwater_stress,metabolism_per_area_mm2_measurement,time_to_vmax,99,9,0.9743153858870719,0.4612357472116858,0.6521711834866122,0.0797030635361319,0,0.8860410621915437,0.4842975345722701,18,33
01.00-resazurin-20260429-freshwater_stress,metabolism_per_area_mm2_measurement,time_to_min_slope,99,9,0.7773756313308743,0.6235998627637582,0.0023999141364267665,0.06463385323277333,0,0.9441878718544228,0.6235998627637582,21,35
01.00-resazurin-20260429-freshwater_stress,corrected_fc,time_to_min_slope,99,9,0.7760852063694071,0.6247150146411323,0.0029623810307208803,0.06453348642153034,0,0.9437281419720559,0.6247150146411323,21,36
01.00-resazurin-20260429-freshwater_stress,corrected_fc,time_to_trough,99,9,NA,NA,NA,NA,0,-Inf,NA,NA,NA
01.00-resazurin-20260429-freshwater_stress,metabolism_per_area_mm2_measurement,time_to_trough,99,9,NA,NA,NA,NA,0,-Inf,NA,NA,NA
01.00-resazurin-20260505-mgig-freshwater-36C,corrected_fc,trough_value,99,9,11149397399059827e15,0,1.0935960442354406e-17,1,1,2818950088381221,0,1,2
01.00-resazurin-20260505-mgig-freshwater-36C,metabolism_per_area_mm2_measurement,trough_value,99,9,89.1710000528739,2.025255855335592e-39,7.089806156318619e-16,0.8879716394571192,0.8769220059127921,8.448729124736586,4.2530372962047433e-38,1,2
01.00-resazurin-20260505-mgig-freshwater-36C,metabolism_per_area_mm2_measurement,auc_early,99,9,8.403706595813118,1.846189786115678e-8,1.2412120177767502e-7,0.4275888904133423,0.37432713610203316,2.794663857849264,1.9384992754214617e-7,2,4
01.00-resazurin-20260505-mgig-freshwater-36C,metabolism_per_area_mm2_measurement,initial_slope,99,9,7.712458968334372,8.02262969822472e-8,1.2301283427099311e-6,0.40672251321484704,0.3516685473676814,2.687544063901951,5.615840788757303e-7,3,6
01.00-resazurin-20260505-mgig-freshwater-36C,corrected_fc,auc_early,99,9,7.230304210402637,2.2905637933473194e-7,1.0237464447699106e-5,0.3912437873361776,0.3348670970356473,2.497422974028189,2.4050919830146853e-6,2,4
01.00-resazurin-20260505-mgig-freshwater-36C,corrected_fc,initial_slope,99,9,6.366954949190458,1.5767928806077392e-6,5.7087712815492264e-5,0.3614106392139599,0.3025007652516525,2.4982616615583337,1.1037550164254175e-5,3,6
01.00-resazurin-20260505-mgig-freshwater-36C,corrected_fc,inflection_time,99,9,5.791984732824418,5.906096125304858e-6,1.5948753184157645e-5,0.33986562150055954,0.279139569784892,2.1205841574040147,3.1007004657850504e-5,4,8
01.00-resazurin-20260505-mgig-freshwater-36C,metabolism_per_area_mm2_measurement,inflection_time,99,9,5.791984732824418,5.906096125304858e-6,1.5948753184157645e-5,0.33986562150055954,0.279139569784892,2.1205841574040147,3.1007004657850504e-5,4,8
01.00-resazurin-20260505-mgig-freshwater-36C,corrected_fc,time_to_peak,99,9,5.571428571428556,9.874600607901843e-6,6.660895754659232e-5,0.331210191082802,0.2697576396206527,1.973855084879306,4.1473322553187746e-5,5,10
01.00-resazurin-20260505-mgig-freshwater-36C,metabolism_per_area_mm2_measurement,time_to_peak,99,9,5.571428571428556,9.874600607901843e-6,6.660895754659232e-5,0.331210191082802,0.2697576396206527,1.973855084879306,4.1473322553187746e-5,5,10
01.00-resazurin-20260505-mgig-freshwater-36C,metabolism_per_area_mm2_measurement,auc_total,99,9,5.219919786362599,2.2585262115183716e-5,8.6332380203873e-7,0.316936563994974,0.2542898574195249,2.286128489136776,7.904841740314301e-5,6,12
01.00-resazurin-20260505-mgig-freshwater-36C,corrected_fc,auc_total,99,9,3.7558471863391123,7.770130262307844e-4,5.305943989858397e-4,0.25029224539606976,0.18213436117623533,1.7836269804553835,0.0027195455918077455,6,12
01.00-resazurin-20260505-mgig-freshwater-36C,metabolism_per_area_mm2_measurement,auc_late,99,9,3.6478329044543014,0.0010130621042460507,2.4954889102767615e-6,0.2448566128945933,0.1762539010647728,1.8815143053904018,0.0030391863127381524,7,14
01.00-resazurin-20260505-mgig-freshwater-36C,metabolism_per_area_mm2_measurement,resilience_ratio,99,9,2.7707323750015473,0.00873644889075054,1.1229321756068842e-4,0.19761680780254118,0.12517785068030837,1.3791458735267874,0.02105814867039344,8,16
01.00-resazurin-20260505-mgig-freshwater-36C,metabolism_per_area_mm2_measurement,metabolic_depression_index,99,9,2.7574255073119662,0.009024920858740045,1.1456448295290309e-4,0.19685455445560443,0.12435413202091126,1.3764341630424723,0.02105814867039344,8,17
01.00-resazurin-20260505-mgig-freshwater-36C,corrected_fc,resilience_ratio,99,9,2.7707323750015487,0.008736448890750514,1.1229321756068842e-4,0.19761680780254126,0.12517785068030846,1.3791458735267876,0.02369041725419265,7,14
01.00-resazurin-20260505-mgig-freshwater-36C,corrected_fc,metabolic_depression_index,99,9,2.757425507311966,0.009024920858740057,1.1456448295290309e-4,0.19685455445560446,0.12435413202091126,1.376434163042471,0.02369041725419265,7,15
01.00-resazurin-20260505-mgig-freshwater-36C,corrected_fc,auc_late,99,9,2.6712778276878617,0.01113354992229369,0.002151275370167916,0.19188452818425833,0.1189836801030276,1.4616714889134212,0.025978283152018614,9,17
01.00-resazurin-20260505-mgig-freshwater-36C,corrected_fc,depression_abs,99,9,2.571059384405417,0.0142019885679471,1.2196475515923961e-4,0.18602476936799758,0.11265256665708641,1.3801581339294202,0.02982417599268891,10,19
01.00-resazurin-20260505-mgig-freshwater-36C,metabolism_per_area_mm2_measurement,depression_abs,99,9,2.400027770230868,0.02145869876121314,1.313521226722483e-4,0.17582585256456776,0.10163520492179769,1.2677729979495829,0.045063267398547595,10,19
01.00-resazurin-20260505-mgig-freshwater-36C,metabolism_per_area_mm2_measurement,min_slope,99,9,2.0071623747092437,0.054343121982978825,2.979108523492874e-4,0.1514021114004244,0.07526155687758397,1.305847743553239,0.10374596014932322,11,21
01.00-resazurin-20260505-mgig-freshwater-36C,metabolism_per_area_mm2_measurement,delta_auc_late_minus_early,99,9,1.7524973752992143,0.09713045691274028,4.9434929673047375e-5,0.13478159808195198,0.05732222629997385,1.1032234541408366,0.1699782995972955,12,23
01.00-resazurin-20260505-mgig-freshwater-36C,corrected_fc,min_slope,99,9,1.634164914405602,0.12616598686766606,0.0012726480540532215,0.12683514416820801,0.04874754979109875,1.1245746540001353,0.24086233856554431,11,21
01.00-resazurin-20260505-mgig-freshwater-36C,metabolism_per_area_mm2_measurement,time_to_min_slope,99,9,1.5564516129032295,0.14928030438528403,0.026046423177138327,0.1215365239294713,0.04303086997193666,1.1372137582551525,0.24114510708392037,13,25
01.00-resazurin-20260505-mgig-freshwater-36C,corrected_fc,time_to_min_slope,99,9,1.5564516129032295,0.14928030438528403,0.026046423177138327,0.1215365239294713,0.04303086997193666,1.1372137582551525,0.2606645011677524,12,23
01.00-resazurin-20260505-mgig-freshwater-36C,corrected_fc,delta_auc_late_minus_early,99,9,1.5068519394413344,0.16592712972151952,0.0011245221310311419,0.11812098679161473,0.03934620129342333,1.0321675506473282,0.2606645011677524,12,24
01.00-resazurin-20260505-mgig-freshwater-36C,corrected_fc,time_to_vmax,99,9,1.4849624060150362,0.17377633411183493,0.02803432873080367,0.11660516605166042,0.037711028283271116,1.116121837549232,0.2606645011677524,12,25
01.00-resazurin-20260505-mgig-freshwater-36C,metabolism_per_area_mm2_measurement,time_to_vmax,99,9,1.4849624060150362,0.17377633411183493,0.02803432873080367,0.11660516605166042,0.037711028283271116,1.116121837549232,0.2606645011677524,14,27
01.00-resazurin-20260505-mgig-freshwater-36C,metabolism_per_area_mm2_measurement,stability_cv,99,9,1.3862222633491337,0.21328867912735913,1.045888301847048e-5,0.10970226974954508,0.030265303383860288,1.0800521380940353,0.2982882265510719,15,29
01.00-resazurin-20260505-mgig-freshwater-36C,metabolism_per_area_mm2_measurement,final_value,99,9,1.33915553669796,0.23463929963696192,3.834525732339192e-6,0.10637373831741619,0.026675427693095787,1.2105926181561526,0.2982882265510719,15,30
01.00-resazurin-20260505-mgig-freshwater-36C,metabolism_per_area_mm2_measurement,late_early_auc_ratio,99,9,1.3127950945186257,0.24734663745306731,9.916690613791098e-5,0.10449864736641466,0.02465322715163955,1.036418234297589,0.2982882265510719,15,31
01.00-resazurin-20260505-mgig-freshwater-36C,metabolism_per_area_mm2_measurement,peak_value,99,9,1.296108391267473,0.2556756227580616,3.3080270353795473e-6,0.10330760350911755,0.023368783702579755,1.1912257938166022,0.2982882265510719,15,32
01.00-resazurin-20260505-mgig-freshwater-36C,corrected_fc,stability_cv,99,9,1.3862222633491337,0.21328867912735913,1.045888301847048e-5,0.10970226974954507,0.03026530338386027,1.0800521380940356,0.29860415077830277,15,27
01.00-resazurin-20260505-mgig-freshwater-36C,metabolism_per_area_mm2_measurement,final_delta,99,9,1.2355205490186787,0.28781781567671944,7.096401128813205e-6,0.09895627051895618,0.01867651284522163,1.1682632782505327,0.31811442785321625,19,34
01.00-resazurin-20260505-mgig-freshwater-36C,corrected_fc,late_early_auc_ratio,99,9,1.3127950945186262,0.24734663745306712,9.916690613791098e-5,0.10449864736641468,0.02465322715163959,1.0364182342975896,0.3246424616571506,16,29
01.00-resazurin-20260505-mgig-freshwater-36C,metabolism_per_area_mm2_measurement,metabolic_scope,99,9,1.1953811918775417,0.3107859173370923,9.257627774261626e-6,0.09605018708930388,0.015542980669813642,1.148747808928545,0.326325213203947,20,36
01.00-resazurin-20260505-mgig-freshwater-36C,metabolism_per_area_mm2_measurement,vmax,99,9,1.021225382691324,0.4260378684890811,0.0024021211746554196,0.08322114139731895,0.0017122456260726458,0.9415095618855424,0.4260378684890811,21,38
01.00-resazurin-20260505-mgig-freshwater-36C,corrected_fc,final_value,99,9,1.0445942693611534,0.40913065303090396,0.0024139873564072,0.08496370408613999,0.003590638179796783,1.0171212925302475,0.4984351153457571,17,31
01.00-resazurin-20260505-mgig-freshwater-36C,corrected_fc,peak_value,99,9,1.019599421495114,0.42723009886779173,0.002858147663934166,0.08309965032019526,0.001581287206517063,0.9989777389148942,0.4984351153457571,17,32
01.00-resazurin-20260505-mgig-freshwater-36C,corrected_fc,final_delta,99,9,0.9697241022859558,0.4647673695197275,0.00466427482418945,0.07935728287879663,0,0.97335000711603,0.5065437806532961,19,34
01.00-resazurin-20260505-mgig-freshwater-36C,corrected_fc,metabolic_scope,99,9,0.947051229126039,0.4824226482412344,0.0053307515953255535,0.07764591714303216,0,0.9550944163957409,0.5065437806532961,19,35
01.00-resazurin-20260505-mgig-freshwater-36C,corrected_fc,vmax,99,9,0.7759623220908036,0.6248212238707342,0.054641417855241715,0.0645239275916754,0,0.7463031824955958,0.6248212238707342,21,37
01.00-resazurin-20260505-mgig-freshwater-36C,corrected_fc,time_to_trough,99,9,NA,NA,NA,NA,0,-Inf,NA,NA,NA
01.00-resazurin-20260505-mgig-freshwater-36C,metabolism_per_area_mm2_measurement,time_to_trough,99,9,NA,NA,NA,NA,0,-Inf,NA,NA,NA
01.00-resazurin-20260505-mgig-freshwater-RT,corrected_fc,trough_value,99,9,61.329672433756414,3.880662385263924e-33,4.574748899043831e-16,0.8449979226584704,0.829790856821819,6.589069992637566,8.537457247580633e-32,1,2
01.00-resazurin-20260505-mgig-freshwater-RT,metabolism_per_area_mm2_measurement,trough_value,99,9,50.94339302461796,3.6950228221165e-30,7.705233312928469e-15,0.8191126186740298,0.8014229924845553,6.0890485050107674,8.1290502086563e-29,1,2
01.00-resazurin-20260505-mgig-freshwater-RT,corrected_fc,min_slope,99,9,2.27240327933983,0.029117702896222942,0.004083715917761015,0.1680472939903897,0.0932340939368343,1.195809535561788,0.12997786932155153,2,4
01.00-resazurin-20260505-mgig-freshwater-RT,corrected_fc,late_early_auc_ratio,99,9,2.157828698544972,0.03819930311061576,0.027561832563906978,0.160937967441301,0.08555703499516401,1.3427523837577386,0.12997786932155153,2,5
01.00-resazurin-20260505-mgig-freshwater-RT,corrected_fc,stability_cv,99,9,2.134951431210288,0.04031374204134247,0.04308576533682606,0.1595038608980027,0.08400855006690527,1.4449680119518225,0.12997786932155153,2,6
01.00-resazurin-20260505-mgig-freshwater-RT,corrected_fc,initial_slope,99,9,2.0756717679131564,0.04632719468013309,0.023288168941401937,0.15576488780934555,0.07997160190015139,1.3685867484047936,0.12997786932155153,2,7
01.00-resazurin-20260505-mgig-freshwater-RT,corrected_fc,delta_auc_late_minus_early,99,9,2.052945433894305,0.048852448176015105,0.012940624931956388,0.15432262306839561,0.07841448560227991,1.3573874393266958,0.12997786932155153,2,8
01.00-resazurin-20260505-mgig-freshwater-RT,corrected_fc,auc_early,99,9,1.9753533102531744,0.05849745781199242,0.0041293546662940234,0.14936109939095152,0.07305823955266377,1.3616499435512965,0.12997786932155153,2,9
01.00-resazurin-20260505-mgig-freshwater-RT,corrected_fc,auc_total,99,9,1.9427966710037698,0.0630593808878409,0.0031697223783818144,0.14726192781200143,0.07079224096103509,1.3213465000804878,0.12997786932155153,2,10
01.00-resazurin-20260505-mgig-freshwater-RT,corrected_fc,auc_late,99,9,1.887452970140882,0.07159204920363149,0.002133014710967226,0.1436696271667522,0.0669146930917603,1.2253178308927648,0.12997786932155153,2,11
01.00-resazurin-20260505-mgig-freshwater-RT,corrected_fc,peak_value,99,9,1.8711128052897654,0.07431139622108747,0.002141578380623234,0.14260321003683682,0.06576365595662836,1.1475453999093232,0.12997786932155153,2,12
01.00-resazurin-20260505-mgig-freshwater-RT,corrected_fc,final_value,99,9,1.8697573689301188,0.07454125721300921,0.002141578380623234,0.14251463013775173,0.06566804847406395,1.1468587082833865,0.12997786932155153,2,13
01.00-resazurin-20260505-mgig-freshwater-RT,corrected_fc,metabolic_scope,99,9,1.8579075177010316,0.07657930018754713,0.0023297259281429418,0.14173944355283993,0.06483136956511253,1.1452959063274843,0.12997786932155153,2,14
01.00-resazurin-20260505-mgig-freshwater-RT,corrected_fc,final_delta,99,9,1.8566127959819747,0.07680510459909863,0.0023297259281429418,0.14165466126771872,0.06473986272044636,1.1446105607994062,0.12997786932155153,2,15
01.00-resazurin-20260505-mgig-freshwater-RT,corrected_fc,time_to_min_slope,99,9,1.7531958514230535,0.09697891892902669,0.1504039687856264,0.13482807391778123,0.05737238078615422,1.0994191814355223,0.15239544403132765,14,17
01.00-resazurin-20260505-mgig-freshwater-RT,corrected_fc,time_to_peak,99,9,1.7021276595744652,0.1086492926496525,0.04010201232611937,0.13141683778234067,0.05369127516778504,1.1801058864729888,0.15935229588615699,15,19
01.00-resazurin-20260505-mgig-freshwater-RT,metabolism_per_area_mm2_measurement,min_slope,99,9,2.4092050817549353,0.02099076236205037,0.014199254982211803,0.176379596567665,0.10223332237128341,1.2515273935011273,0.19029125035883354,2,4
01.00-resazurin-20260505-mgig-freshwater-RT,metabolism_per_area_mm2_measurement,late_early_auc_ratio,99,9,2.157828698544969,0.03819930311061602,0.027561832563906978,0.16093796744130082,0.0855570349951638,1.3427523837577386,0.19029125035883354,2,5
01.00-resazurin-20260505-mgig-freshwater-RT,metabolism_per_area_mm2_measurement,stability_cv,99,9,2.1349514312102875,0.04031374204134253,0.04308576533682606,0.15950386089800267,0.08400855006690523,1.4449680119518236,0.19029125035883354,2,6
01.00-resazurin-20260505-mgig-freshwater-RT,metabolism_per_area_mm2_measurement,initial_slope,99,9,1.9116787816454928,0.06773151943477364,0.02810763848298425,0.14524581653758395,0.0686160022853044,1.2254762920323703,0.19029125035883354,2,7
01.00-resazurin-20260505-mgig-freshwater-RT,metabolism_per_area_mm2_measurement,final_value,99,9,1.8606950292604483,0.07609524981861766,0.003432966337530084,0.14192192138614693,0.06502832132031529,1.4608642509856318,0.19029125035883354,2,8
01.00-resazurin-20260505-mgig-freshwater-RT,metabolism_per_area_mm2_measurement,peak_value,99,9,1.860390947577495,0.07614791430213591,0.003432966337530084,0.14190201917062228,0.06500684044659626,1.4621204314234053,0.19029125035883354,2,9
01.00-resazurin-20260505-mgig-freshwater-RT,metabolism_per_area_mm2_measurement,final_delta,99,9,1.851087254380616,0.07777578380226652,0.003768142598554673,0.1412926437660101,0.06434913349741642,1.4587852764636706,0.19029125035883354,2,10
01.00-resazurin-20260505-mgig-freshwater-RT,metabolism_per_area_mm2_measurement,metabolic_scope,99,9,1.8506876738258144,0.07784642060134099,0.003768142598554673,0.14126645256365808,0.06432086518339312,1.4600419623524143,0.19029125035883354,2,11
01.00-resazurin-20260505-mgig-freshwater-RT,metabolism_per_area_mm2_measurement,time_to_min_slope,99,9,1.7531958514230535,0.09697891892902669,0.1504039687856264,0.13482807391778123,0.05737238078615422,1.0994191814355223,0.21335362164385874,10,13
01.00-resazurin-20260505-mgig-freshwater-RT,metabolism_per_area_mm2_measurement,time_to_peak,99,9,1.7021276595744652,0.1086492926496525,0.04010201232611937,0.13141683778234067,0.05369127516778504,1.1801058864729888,0.217298585299305,11,15
01.00-resazurin-20260505-mgig-freshwater-RT,corrected_fc,time_to_vmax,99,9,1.4971629986244828,0.16936246361636723,0.06860176694654345,0.11745068285280717,0.03862311242311098,1.0078161464371276,0.2300241800653887,16,21
01.00-resazurin-20260505-mgig-freshwater-RT,corrected_fc,depression_abs,99,9,1.4742174401100954,0.17774595732325488,0.04010201232611937,0.11585918325027773,0.03690632852315029,1.0982613102284096,0.2300241800653887,16,22
01.00-resazurin-20260505-mgig-freshwater-RT,metabolism_per_area_mm2_measurement,auc_late,99,9,1.6287328725350387,0.12767063802067277,0.005482446116215648,0.1264668573108187,0.0483501836509557,1.3967412967023431,0.2340628363712334,12,17
01.00-resazurin-20260505-mgig-freshwater-RT,metabolism_per_area_mm2_measurement,time_to_vmax,99,9,1.4971629986244828,0.16936246361636723,0.06860176694654345,0.11745068285280717,0.03862311242311098,1.0078161464371276,0.2866133999661599,13,19
01.00-resazurin-20260505-mgig-freshwater-RT,corrected_fc,vmax,99,9,1.3355451170785828,0.2363474795442409,0.05119763668215645,0.10611738344700289,0.026398955669314775,1.0343886702241207,0.28886914166518335,18,24
01.00-resazurin-20260505-mgig-freshwater-RT,metabolism_per_area_mm2_measurement,auc_total,99,9,1.4318148400060369,0.19418430051893787,0.006126328618049499,0.11290299204568385,0.033717582818260955,1.3277822635597771,0.3051467579583309,14,21
01.00-resazurin-20260505-mgig-freshwater-RT,corrected_fc,resilience_ratio,99,9,1.249178081670336,0.28030910393226316,0.04010201232611937,0.0999408179888418,0.019738162758661474,1.0109672566873367,0.3092701913807971,19,26
01.00-resazurin-20260505-mgig-freshwater-RT,corrected_fc,metabolic_depression_index,99,9,1.2476258455369142,0.28115471943708825,0.04010201232611937,0.09982902840561991,0.019617617488398364,1.0103389444696373,0.3092701913807971,19,27
01.00-resazurin-20260505-mgig-freshwater-RT,metabolism_per_area_mm2_measurement,auc_early,99,9,1.3304315906820985,0.238784257493329,0.010382006595730964,0.10575404993796113,0.026007112652861798,1.2584174651403737,0.32554756987452044,15,23
01.00-resazurin-20260505-mgig-freshwater-RT,metabolism_per_area_mm2_measurement,vmax,99,9,1.29697003929727,0.25524007566943185,0.19945540357024943,0.10336918277760634,0.02343519108523229,1.1893057326667575,0.32554756987452044,15,24
01.00-resazurin-20260505-mgig-freshwater-RT,metabolism_per_area_mm2_measurement,depression_abs,99,9,1.2883507386478537,0.25962391813165164,0.04010201232611937,0.10275280740685282,0.022770492944479772,1.0266962305389018,0.32554756987452044,15,25
01.00-resazurin-20260505-mgig-freshwater-RT,metabolism_per_area_mm2_measurement,resilience_ratio,99,9,1.2491780816703388,0.2803091039322612,0.04010201232611937,0.09994081798884201,0.019738162758661703,1.0109672566873444,0.32554756987452044,15,26
01.00-resazurin-20260505-mgig-freshwater-RT,metabolism_per_area_mm2_measurement,metabolic_depression_index,99,9,1.2476258455369182,0.2811547194370858,0.04010201232611937,0.09982902840562019,0.019617617488398673,1.0103389444696387,0.32554756987452044,15,27
01.00-resazurin-20260505-mgig-freshwater-RT,metabolism_per_area_mm2_measurement,delta_auc_late_minus_early,99,9,1.1963600379927077,0.3102097483202255,0.032785686819382424,0.09612127837703555,0.015619633627489434,1.1754426293133065,0.3412307231522481,20,29
01.00-resazurin-20260505-mgig-freshwater-RT,corrected_fc,time_to_trough,99,9,0.9999999999999993,0.44176039372916975,0.4334701203666801,0.08163265306122443,0,0.9045340337332908,0.46279660295436836,21,29
01.00-resazurin-20260505-mgig-freshwater-RT,metabolism_per_area_mm2_measurement,time_to_trough,99,9,0.9999999999999993,0.44176039372916975,0.4334701203666801,0.08163265306122443,0,0.9045340337332908,0.46279660295436836,21,31
01.00-resazurin-20260505-mgig-freshwater-RT,corrected_fc,inflection_time,99,9,0.8475263584752639,0.5636566386345309,0.56987610380447,0.07005782284421355,0,0.798555430998317,0.5636566386345309,22,31
01.00-resazurin-20260505-mgig-freshwater-RT,metabolism_per_area_mm2_measurement,inflection_time,99,9,0.8475263584752639,0.5636566386345309,0.56987610380447,0.07005782284421355,0,0.798555430998317,0.5636566386345309,22,33
01.00-resazurin-20260511-mgig-freshwater-RT,metabolism_per_area_mm2_measurement,stability_cv,85,9,2.236164014660453,0.03360280140702834,0.02615800724884077,0.19053619324568966,0.10421945208181495,1.5064276449465277,0.26766266524153487,1,2
01.00-resazurin-20260511-mgig-freshwater-RT,metabolism_per_area_mm2_measurement,vmax,85,9,1.8625677137391685,0.0784418364214123,0.13798925450836957,0.16392137417029648,0.07508706239942636,1.5279100962392687,0.26766266524153487,1,3
01.00-resazurin-20260511-mgig-freshwater-RT,metabolism_per_area_mm2_measurement,inflection_time,85,9,1.8456927888027812,0.08143587398691055,0.11216335504509957,0.1626778393492481,0.07372639162896175,1.3243797358745633,0.26766266524153487,1,4
01.00-resazurin-20260511-mgig-freshwater-RT,metabolism_per_area_mm2_measurement,initial_slope,85,9,1.819919052180891,0.08621596681847504,0.00924285391330562,0.16077138394644847,0.07164044135590902,1.3755482356233675,0.26766266524153487,1,5
01.00-resazurin-20260511-mgig-freshwater-RT,metabolism_per_area_mm2_measurement,final_delta,85,9,1.778639617882568,0.09442037231390239,0.06868221241169137,0.15769983598575932,0.06827992149642713,1.2080974525940735,0.26766266524153487,1,6
01.00-resazurin-20260511-mgig-freshwater-RT,metabolism_per_area_mm2_measurement,final_value,85,9,1.7785930368576282,0.09443002724307512,0.06972824596145247,0.15769635725354345,0.06827611563663596,1.2077356208908285,0.26766266524153487,1,7
01.00-resazurin-20260511-mgig-freshwater-RT,metabolism_per_area_mm2_measurement,metabolic_scope,85,9,1.7435667867702935,0.10195463644744691,0.06868221241169137,0.1550723911581026,0.06540549927855366,1.1989201150446642,0.26766266524153487,1,8
01.00-resazurin-20260511-mgig-freshwater-RT,metabolism_per_area_mm2_measurement,peak_value,85,9,1.7435124448320387,0.1019667296158228,0.06972824596145247,0.15506830746947106,0.06540103187994738,1.1985598321488253,0.26766266524153487,1,9
01.00-resazurin-20260511-mgig-freshwater-RT,corrected_fc,auc_early,87,9,2.388623625739536,0.023341300696213978,0.140284550208169,0.19677878640824992,0.11323110265917001,1.5798146963043724,0.2947599695251922,1,2
01.00-resazurin-20260511-mgig-freshwater-RT,corrected_fc,stability_cv,87,9,2.1277131906812605,0.042764058444620806,0.02711108797038991,0.17913491903059017,0.09395485610343514,1.4786406458038492,0.2947599695251922,1,3
01.00-resazurin-20260511-mgig-freshwater-RT,corrected_fc,initial_slope,87,9,2.0443676267190907,0.051753183844562595,0.005221935486733838,0.17333422964430562,0.08761938212040547,1.5214825512604635,0.2947599695251922,1,4
01.00-resazurin-20260511-mgig-freshwater-RT,corrected_fc,inflection_time,87,9,2.008577240283454,0.0561447561000366,0.07574173002503315,0.17081805045276333,0.08487151805304348,1.334124888415889,0.2947599695251922,1,5
01.00-resazurin-20260511-mgig-freshwater-RT,metabolism_per_area_mm2_measurement,auc_early,85,9,1.5684766672228383,0.14849131555898246,0.048127797240780305,0.14170664260128765,0.050786425354999234,1.1011546591358168,0.3464797363042924,9,11
01.00-resazurin-20260511-mgig-freshwater-RT,metabolism_per_area_mm2_measurement,auc_total,85,9,1.4595418728537566,0.18628285187389332,0.11135838228761068,0.13317544563326772,0.04145790400045156,0.9980348744147101,0.35429077382051044,10,13
01.00-resazurin-20260511-mgig-freshwater-RT,metabolism_per_area_mm2_measurement,delta_auc_late_minus_early,85,9,1.4215458588458156,0.20130641636357718,0.08963239331752383,0.13015976650360775,0.03816087528467114,1.2294908419811568,0.35429077382051044,10,14
01.00-resazurin-20260511-mgig-freshwater-RT,metabolism_per_area_mm2_measurement,auc_late,85,9,1.4187498609958817,0.20245187075457738,0.13276799319929838,0.12993702384042707,0.03791736197093842,1.0667174705234344,0.35429077382051044,10,15
01.00-resazurin-20260511-mgig-freshwater-RT,metabolism_per_area_mm2_measurement,time_to_vmax,85,9,1.3376964801208155,0.23814005166259952,0.29131175519245806,0.12342996342207059,0.030804143919625694,1.1046222004933255,0.3846877757626608,13,17
01.00-resazurin-20260511-mgig-freshwater-RT,corrected_fc,auc_total,87,9,1.7520595689836969,0.09961181540536612,0.165848041287502,0.15232572553425802,0.06468183675517482,1.3422512974186214,0.41836962470253775,5,7
01.00-resazurin-20260511-mgig-freshwater-RT,corrected_fc,auc_late,87,9,1.4407517761817807,0.19310043636202803,0.14897002879183366,0.1287448604881268,0.038950286724166845,1.257055819736604,0.4305977327676207,6,9
01.00-resazurin-20260511-mgig-freshwater-RT,corrected_fc,final_value,87,9,1.4181151022338507,0.20223016066233493,0.09112885774535881,0.12697891177269463,0.03702389450995189,1.153871872737257,0.4305977327676207,6,10
01.00-resazurin-20260511-mgig-freshwater-RT,corrected_fc,final_delta,87,9,1.417581337189476,0.2024498137173313,0.09166132103117522,0.12693718490939024,0.0369783776375619,1.153655479716149,0.4305977327676207,6,11
01.00-resazurin-20260511-mgig-freshwater-RT,corrected_fc,peak_value,87,9,1.3958937272648173,0.21154794899253299,0.09166132103117522,0.12523838477395632,0.03512531808432652,1.1481865262609323,0.4305977327676207,6,12
01.00-resazurin-20260511-mgig-freshwater-RT,corrected_fc,metabolic_scope,87,9,1.3953770295797983,0.21176886703931844,0.09166132103117522,0.12519783098198217,0.03508108278384182,1.147973762860804,0.4305977327676207,6,13
01.00-resazurin-20260511-mgig-freshwater-RT,corrected_fc,time_to_vmax,87,9,1.364005520791417,0.22555119335446797,0.2560768883621586,0.12272852647407068,0.032387698370467996,1.1129523069235232,0.4305977327676207,6,14
01.00-resazurin-20260511-mgig-freshwater-RT,corrected_fc,vmax,87,9,1.312804187097657,0.24964604334597384,0.3265618748821635,0.11866830189661641,0.0279593905887626,1.3203139689487065,0.43688057585545426,12,16
01.00-resazurin-20260511-mgig-freshwater-RT,metabolism_per_area_mm2_measurement,late_early_auc_ratio,85,9,1.154044161892118,0.33807405048023437,0.06519698719040305,0.10831982150214442,0.014291078093614339,1.1227798902854844,0.5071110757203515,14,19
01.00-resazurin-20260511-mgig-freshwater-RT,corrected_fc,late_early_auc_ratio,87,9,1.1038122010653844,0.36991770632719245,0.0681350076017248,0.1016981112826917,0.00945568602178206,1.097657143582031,0.5975593717593108,13,18
01.00-resazurin-20260511-mgig-freshwater-RT,corrected_fc,delta_auc_late_minus_early,87,9,1.056251822216433,0.40232410600110746,0.10713400048078496,0.09774451304613303,0.005145963438707731,1.1643716050995823,0.6034861590016611,14,20
01.00-resazurin-20260511-mgig-freshwater-RT,metabolism_per_area_mm2_measurement,depression_abs,85,9,0.8681772598417391,0.5470439475406115,0.955957298731957,0.08373480102470691,0,0.9083882150842936,0.765861526556856,15,21
01.00-resazurin-20260511-mgig-freshwater-RT,corrected_fc,depression_abs,87,9,0.8429250665905291,0.5679823476205805,0.9207946530202978,0.07957434431864961,0,0.9050365170532799,0.7951752866688127,15,22
01.00-resazurin-20260511-mgig-freshwater-RT,corrected_fc,time_to_min_slope,87,9,0.7225989383099881,0.6710094589112381,0.7119514422787354,0.06899900803673834,0,0.7457977061833378,0.8143073349570913,16,24
01.00-resazurin-20260511-mgig-freshwater-RT,corrected_fc,resilience_ratio,87,9,0.6914491408411862,0.6978813064739902,0.9308904209417798,0.06622156862658257,0,0.8918011537985377,0.8143073349570913,16,25
01.00-resazurin-20260511-mgig-freshwater-RT,corrected_fc,metabolic_depression_index,87,9,0.6913371016247429,0.6979777156775068,0.9308904209417798,0.06621154885586121,0,0.8917503423801675,0.8143073349570913,16,26
01.00-resazurin-20260511-mgig-freshwater-RT,corrected_fc,min_slope,87,9,0.6307405749664032,0.7495779325657161,0.597690461006011,0.060760652904423874,0,0.8881729871787801,0.8284808728357916,19,28
01.00-resazurin-20260511-mgig-freshwater-RT,metabolism_per_area_mm2_measurement,resilience_ratio,85,9,0.7190867138567854,0.6740248866569942,0.9520875708246461,0.07036702339375638,0,0.8885003820041318,0.8327427696428514,16,23
01.00-resazurin-20260511-mgig-freshwater-RT,metabolism_per_area_mm2_measurement,metabolic_depression_index,85,9,0.7189706091706078,0.6741250992346892,0.9520875708246461,0.07035646120025008,0,0.8884508582251632,0.8327427696428514,16,24
01.00-resazurin-20260511-mgig-freshwater-RT,metabolism_per_area_mm2_measurement,time_to_min_slope,85,9,0.6081118738313686,0.7683417515687478,0.8068967374063398,0.060160777939715304,0,0.699149565712272,0.8963987101635392,18,26
01.00-resazurin-20260511-mgig-freshwater-RT,metabolism_per_area_mm2_measurement,min_slope,85,9,0.4655926012495235,0.8765943365961437,0.5396678041629711,0.04672001153159179,0,0.7447628509316296,0.9688674246588957,19,28
01.00-resazurin-20260511-mgig-freshwater-RT,metabolism_per_area_mm2_measurement,time_to_peak,85,9,0.23464993005963547,0.9831780146808302,0.9568812005661741,0.024104608973668347,0,0.6206702340408153,0.9919867514732317,20,30
01.00-resazurin-20260511-mgig-freshwater-RT,metabolism_per_area_mm2_measurement,trough_value,85,9,0.18734946820703086,0.9919867514732317,0.9887002827921886,0.019339600457472312,0,0.439049344845989,0.9919867514732317,20,31
01.00-resazurin-20260511-mgig-freshwater-RT,corrected_fc,time_to_peak,87,9,0.2828568525167647,0.9697857630683357,0.9321217683145646,0.0281930517573177,0,0.6180010872250933,0.9997628472478226,20,30
01.00-resazurin-20260511-mgig-freshwater-RT,corrected_fc,trough_value,87,9,0.07034807294517963,0.9997628472478226,0.9997123426544652,0.007163500969887906,0,0.2788946291960831,0.9997628472478226,20,31
01.00-resazurin-20260511-mgig-freshwater-RT,corrected_fc,time_to_trough,87,9,NA,NA,NA,NA,0,-Inf,NA,NA,NA
01.00-resazurin-20260511-mgig-freshwater-RT,metabolism_per_area_mm2_measurement,time_to_trough,85,9,NA,NA,NA,NA,0,-Inf,NA,NA,NA
01.00-resazurin-20260602-mgig-36C,corrected_fc,delta_auc_late_minus_early,99,9,2.9028017820933205,0.0063246125526505775,0.00744567421966117,0.20510439040883477,0.13326993966814574,1.6710337588573838,0.04044482128997496,1,2
01.00-resazurin-20260602-mgig-36C,corrected_fc,peak_value,99,9,2.8055850510132987,0.008023369041247199,0.015090578553526282,0.1996064227017742,0.12732796598432852,1.627576495833011,0.04044482128997496,1,3
01.00-resazurin-20260602-mgig-36C,corrected_fc,metabolic_scope,99,9,2.8052332903032537,0.008030270271591202,0.015132494688324359,0.199586391229706,0.12730631812226323,1.6273764038229588,0.04044482128997496,1,4
01.00-resazurin-20260602-mgig-36C,corrected_fc,final_value,99,9,2.731170226331594,0.0096219534565136,0.018328797718796367,0.19534632524449305,0.1227243254941066,1.6011107697251121,0.04044482128997496,1,5
01.00-resazurin-20260602-mgig-36C,corrected_fc,final_delta,99,9,2.730839412644391,0.009629719354755942,0.018376317073751817,0.1953272855830528,0.12270375140474638,1.6009143623019129,0.04044482128997496,1,6
01.00-resazurin-20260602-mgig-36C,corrected_fc,auc_late,99,9,2.5164586679003365,0.016208730145185844,0.01019523171657278,0.1827963696842412,0.10916482596636815,1.3931013694444854,0.056730555508150454,6,8
01.00-resazurin-20260602-mgig-36C,corrected_fc,initial_slope,99,9,2.3309559070161714,0.025321471733738856,0.040468643985403195,0.17163415616510153,0.09710784975857441,1.4855128256394472,0.0658291615734068,7,10
01.00-resazurin-20260602-mgig-36C,corrected_fc,auc_total,99,9,2.2883095094755874,0.028035104204086215,0.015225099945095844,0.16902475954431226,0.09428971133107518,1.2208552198504223,0.0658291615734068,7,11
01.00-resazurin-20260602-mgig-36C,corrected_fc,inflection_time,99,9,2.285662824207494,0.028212497817174345,0.008424859781250241,0.16886227544910185,0.09411423448130381,1.6829719399604566,0.0658291615734068,7,12
01.00-resazurin-20260602-mgig-36C,corrected_fc,vmax,99,9,2.026392962438396,0.05196895797366888,0.07092033489701151,0.15263128834552217,0.07658852817130159,1.3023896182034407,0.10913481174470464,10,14
01.00-resazurin-20260602-mgig-36C,corrected_fc,late_early_auc_ratio,99,9,1.8103981727028553,0.08528351197877175,0.10375145762687332,0.13861737971256602,0.061461789935216865,1.383879864380444,0.1628139774140188,11,16
01.00-resazurin-20260602-mgig-36C,corrected_fc,auc_early,99,9,1.753338118499696,0.09694808003662062,0.038196707374965895,0.13483753960109998,0.05738259570250824,1.1197024491702858,0.16965914006408608,12,18
01.00-resazurin-20260602-mgig-36C,corrected_fc,depression_abs,99,9,1.6447109131381212,0.12329034007544215,0.17312720179992946,0.12754926606864553,0.04951806667900337,1.1948199151894727,0.19916131858340655,13,20
01.00-resazurin-20260602-mgig-36C,corrected_fc,stability_cv,99,9,1.5442614564116641,0.15322898094785053,0.183413810516913,0.12069953874811423,0.04212790787212949,1.152027650918707,0.2298434714217758,14,22
01.00-resazurin-20260602-mgig-36C,metabolism_per_area_mm2_measurement,inflection_time,99,9,2.285662824207494,0.028212497817174345,0.008424859781250241,0.16886227544910185,0.09411423448130381,1.6829719399604566,0.2697923986433364,1,2
01.00-resazurin-20260602-mgig-36C,metabolism_per_area_mm2_measurement,initial_slope,99,9,2.1948267725823185,0.03500344462346091,0.025096560969234554,0.16324693576998486,0.08805025978639996,1.4170954525441457,0.2697923986433364,1,3
01.00-resazurin-20260602-mgig-36C,metabolism_per_area_mm2_measurement,delta_auc_late_minus_early,99,9,1.950166876348229,0.061998158272414096,0.0466072637800816,0.14773804714866864,0.0713061896459058,1.2425009166000645,0.2697923986433364,1,4
01.00-resazurin-20260602-mgig-36C,metabolism_per_area_mm2_measurement,late_early_auc_ratio,99,9,1.810398172702856,0.08528351197877164,0.10375145762687332,0.13861737971256607,0.06146178993521693,1.3838798643804442,0.2697923986433364,1,5
01.00-resazurin-20260602-mgig-36C,metabolism_per_area_mm2_measurement,peak_value,99,9,1.7662667752732784,0.09418296459184113,0.10922676814228957,0.135696878818481,0.05830996268298066,1.0640754965653556,0.2697923986433364,1,6
01.00-resazurin-20260602-mgig-36C,metabolism_per_area_mm2_measurement,metabolic_scope,99,9,1.7660435886015136,0.09423007570549029,0.108132448020282,0.13568205857485632,0.058293969077613944,1.0639118037381514,0.2697923986433364,1,7
01.00-resazurin-20260602-mgig-36C,metabolism_per_area_mm2_measurement,final_value,99,9,1.7273682065399392,0.10272930727477701,0.1277929039258383,0.13310620297183468,0.05551425475715751,1.0455070412020453,0.2697923986433364,1,8
01.00-resazurin-20260602-mgig-36C,metabolism_per_area_mm2_measurement,final_delta,99,9,1.7271549792994882,0.1027780566260329,0.12649590246017708,0.13309195906610963,0.0554988839964375,1.0453448358037518,0.2697923986433364,1,9
01.00-resazurin-20260602-mgig-36C,metabolism_per_area_mm2_measurement,auc_late,99,9,1.6236134142385101,0.12910346549322455,0.0667884384358706,0.12611947881258861,0.047975379708993605,0.9533069287841199,0.2985409580546229,9,11
01.00-resazurin-20260602-mgig-36C,metabolism_per_area_mm2_measurement,stability_cv,99,9,1.5442614564116641,0.15322898094785053,0.183413810516913,0.12069953874811423,0.0421279078721295,1.1520276509187075,0.2985409580546229,9,12
01.00-resazurin-20260602-mgig-36C,metabolism_per_area_mm2_measurement,auc_total,99,9,1.4892961007097385,0.17219719387014829,0.07720775690826494,0.11690568214571652,0.038035201994669844,0.9805422629847512,0.2985409580546229,9,13
01.00-resazurin-20260602-mgig-36C,metabolism_per_area_mm2_measurement,depression_abs,99,9,1.4721787133981517,0.17850794189565036,0.18133007034969348,0.11571749985305196,0.036753494594554265,1.1076746254583008,0.2985409580546229,9,14
01.00-resazurin-20260602-mgig-36C,metabolism_per_area_mm2_measurement,min_slope,99,9,1.4555965768049985,0.1848110692719094,0.11534276783982789,0.1145634184121899,0.03550860430204942,1.20640264122738,0.2985409580546229,9,15
01.00-resazurin-20260602-mgig-36C,corrected_fc,time_to_vmax,99,9,1.3842391304347854,0.21415437301365853,0.16692840114385576,0.10956252419667074,0.03011458022745687,1.0965270363752904,0.2998161222191219,15,24
01.00-resazurin-20260602-mgig-36C,metabolism_per_area_mm2_measurement,time_to_vmax,99,9,1.3842391304347854,0.21415437301365853,0.16692840114385576,0.10956252419667074,0.03011458022745687,1.0965270363752904,0.3088753116860911,14,17
01.00-resazurin-20260602-mgig-36C,metabolism_per_area_mm2_measurement,vmax,99,9,1.36962442924857,0.22062522263292222,0.15713083669163175,0.10853131461457635,0.02900237910505168,0.9294084228084648,0.3088753116860911,14,18
01.00-resazurin-20260602-mgig-36C,corrected_fc,time_to_peak,99,9,1.293307086614173,0.25709576087118463,0.2025779704243098,0.10310734463276831,0.023152824178385482,0.80264416282165,0.3221551977658253,16,26
01.00-resazurin-20260602-mgig-36C,corrected_fc,min_slope,99,9,1.2860732229681073,0.26079230295328715,0.07948524598481345,0.10258979826408592,0.02259470567227664,1.0412136858135685,0.3221551977658253,16,27
01.00-resazurin-20260602-mgig-36C,metabolism_per_area_mm2_measurement,time_to_peak,99,9,1.293307086614173,0.25709576087118463,0.2025779704243098,0.10310734463276831,0.023152824178385482,0.80264416282165,0.3370350877561019,16,20
01.00-resazurin-20260602-mgig-36C,metabolism_per_area_mm2_measurement,auc_early,99,9,1.2630544476175947,0.27283792818351105,0.08721780358455004,0.10093893964139762,0.020814473359638288,0.9948941229511044,0.3370350877561019,16,21
01.00-resazurin-20260602-mgig-36C,metabolism_per_area_mm2_measurement,metabolic_depression_index,99,9,1.1320335892677582,0.34978979564582297,0.19468180016286965,0.09142549817091102,0.010556746995630976,0.9940003948354527,0.386792535929662,18,23
01.00-resazurin-20260602-mgig-36C,metabolism_per_area_mm2_measurement,resilience_ratio,99,9,1.1317762216262537,0.34995515155540846,0.19468180016286965,0.09140661253831023,0.01053638597917753,0.9938374948255823,0.386792535929662,18,24
01.00-resazurin-20260602-mgig-36C,corrected_fc,metabolic_depression_index,99,9,1.132033589267758,0.34978979564582297,0.19468180016286965,0.09142549817091099,0.01055674699563096,0.9940003948354527,0.38679253592966284,18,29
01.00-resazurin-20260602-mgig-36C,corrected_fc,resilience_ratio,99,9,1.131776221626253,0.3499551515554092,0.19468180016286965,0.09140661253831017,0.010536385979177472,0.9938374948255772,0.38679253592966284,18,30
01.00-resazurin-20260602-mgig-36C,corrected_fc,time_to_min_slope,99,9,0.8704657411553941,0.5444590987964273,0.5414428879957105,0.07181784592647313,0,1.0272515245761997,0.5716820537362487,20,32
01.00-resazurin-20260602-mgig-36C,metabolism_per_area_mm2_measurement,time_to_min_slope,99,9,0.8704657411553941,0.5444590987964273,0.5414428879957105,0.07181784592647313,0,1.0272515245761997,0.5716820537362487,20,26
01.00-resazurin-20260602-mgig-36C,metabolism_per_area_mm2_measurement,trough_value,99,9,0.2485914111834218,0.9800170153656366,0.9996738057684189,0.021619292511050013,0,0.4813105232968775,0.9800170153656366,21,28
01.00-resazurin-20260602-mgig-36C,corrected_fc,trough_value,99,9,0.18470790378006963,0.9924726356773319,0.9926389981776409,0.016153268219384,0,0.35570066288174007,0.9924726356773319,21,34
01.00-resazurin-20260602-mgig-36C,corrected_fc,time_to_trough,99,9,NA,NA,NA,NA,0,-Inf,NA,NA,NA
01.00-resazurin-20260602-mgig-36C,metabolism_per_area_mm2_measurement,time_to_trough,99,9,NA,NA,NA,NA,0,-Inf,NA,NA,NA
01.00-resazurin-20260602-mgig-freshwater-RT,corrected_fc,final_delta,99,9,4.201292173095611,2.61366219190644e-4,4.551499874572418e-4,0.27190555495488355,0.20552337729161832,1.8448623692879833,0.0013995920637980064,1,2
01.00-resazurin-20260602-mgig-freshwater-RT,corrected_fc,final_value,99,9,4.200843326192575,2.616521313776541e-4,4.63925947318825e-4,0.2718844038157595,0.20550048296967574,1.8446243984004367,0.0013995920637980064,1,3
01.00-resazurin-20260602-mgig-freshwater-RT,corrected_fc,metabolic_scope,99,9,4.19361698369016,2.662989324949925e-4,4.551499874572418e-4,0.27154370560465174,0.2051317073980191,1.8434929343718387,0.0013995920637980064,1,4
01.00-resazurin-20260602-mgig-freshwater-RT,corrected_fc,peak_value,99,9,4.193170174991302,2.665889645329536e-4,4.63925947318825e-4,0.27152262958169876,0.2051088945649379,1.8432559246408877,0.0013995920637980064,1,5
01.00-resazurin-20260602-mgig-freshwater-RT,metabolism_per_area_mm2_measurement,metabolic_scope,99,9,4.179993201212285,2.7528716752745126e-4,1.9974098099033566e-4,0.27090052125777186,0.2044355249839936,1.666934624986442,0.0014745561350554962,1,2
01.00-resazurin-20260602-mgig-freshwater-RT,metabolism_per_area_mm2_measurement,final_delta,99,9,4.1777319802648645,2.768083379933601e-4,2.1414547717353555e-4,0.2707936581740605,0.2043198573920739,1.6667189927468369,0.0014745561350554962,1,3
01.00-resazurin-20260602-mgig-freshwater-RT,metabolism_per_area_mm2_measurement,peak_value,99,9,4.174021546174962,2.793228165691621e-4,2.0685713536309802e-4,0.2706182388088071,0.20412998571963303,1.6661625158197169,0.0014745561350554962,1,4
01.00-resazurin-20260602-mgig-freshwater-RT,metabolism_per_area_mm2_measurement,final_value,99,9,4.171758346367714,2.8086783524866593e-4,2.217456372919269e-4,0.2705111993503833,0.20401412794254645,1.6659468329995195,0.0014745561350554962,1,5
01.00-resazurin-20260602-mgig-freshwater-RT,corrected_fc,stability_cv,99,9,3.9503779254641116,4.8233172452800553e-4,5.855469322081467e-4,0.2598868228694712,0.19251583483379336,1.8575351118773384,0.0018751994131037523,5,7
01.00-resazurin-20260602-mgig-freshwater-RT,corrected_fc,delta_auc_late_minus_early,99,9,3.7929121516130153,7.094603584052487e-4,6.087554047426709e-4,0.25213948691485977,0.1841329329769362,1.7570658578131348,0.0018751994131037523,5,8
01.00-resazurin-20260602-mgig-freshwater-RT,corrected_fc,auc_late,99,9,3.7915116187959743,7.119022118759617e-4,6.291499260255127e-4,0.25206985274392735,0.18405759273849315,1.7576240083177264,0.0018751994131037523,5,9
01.00-resazurin-20260602-mgig-freshwater-RT,corrected_fc,auc_total,99,9,3.7901058557714986,7.143616811823818e-4,6.585983391557126e-4,0.2519999454868917,0.18398195715262003,1.7581732749866614,0.0018751994131037523,5,10
01.00-resazurin-20260602-mgig-freshwater-RT,metabolism_per_area_mm2_measurement,stability_cv,99,9,3.9503779254641085,4.8233172452800775e-4,5.855469322081467e-4,0.25988682286947107,0.19251583483379323,1.857535111877335,0.0020257932430176326,5,7
01.00-resazurin-20260602-mgig-freshwater-RT,metabolism_per_area_mm2_measurement,delta_auc_late_minus_early,99,9,3.7493080968103527,7.895850295737411e-4,2.8800970962543327e-4,0.24996540324467728,0.1817807518342058,1.5669807151621484,0.002099434973613497,6,9
01.00-resazurin-20260602-mgig-freshwater-RT,metabolism_per_area_mm2_measurement,auc_late,99,9,3.746699628678982,7.946569038558795e-4,2.881125009145294e-4,0.24983494511778911,0.18163961036957396,1.5675334985655964,0.002099434973613497,6,10
01.00-resazurin-20260602-mgig-freshwater-RT,metabolism_per_area_mm2_measurement,auc_total,99,9,3.7440793258279803,7.997847518527608e-4,2.893746208717105e-4,0.2497038493973174,0.18149777950700074,1.5680755348608764,0.002099434973613497,6,11
01.00-resazurin-20260602-mgig-freshwater-RT,corrected_fc,vmax,99,9,3.229222120453206,0.002836935534102693,0.001854183928359548,0.22302455847345823,0.15264230453816377,1.7891079787540378,0.006619516246239618,9,12
01.00-resazurin-20260602-mgig-freshwater-RT,metabolism_per_area_mm2_measurement,min_slope,99,9,2.9760445023978535,0.0052850169162937406,0.008263472958733177,0.20919690655376694,0.13769342726710135,1.7502507498289994,0.012331706138018728,9,13
01.00-resazurin-20260602-mgig-freshwater-RT,metabolism_per_area_mm2_measurement,vmax,99,9,2.8848681706658614,0.006608634914212825,0.0017661454552546536,0.20409586674836044,0.13217991555793238,1.5202693541044128,0.013878133319846933,10,15
01.00-resazurin-20260602-mgig-freshwater-RT,corrected_fc,auc_early,99,9,2.7634873844367513,0.008892360594444471,0.005254470428216402,0.19720197468517756,0.12472956522760338,1.5040120661062342,0.01867395724833339,10,14
01.00-resazurin-20260602-mgig-freshwater-RT,corrected_fc,time_to_min_slope,99,9,2.5431547298848107,0.015195081383574631,0.025455286885342602,0.18437803241449238,0.11087351447324958,1.3365998912861718,0.0289594495549374,11,16
01.00-resazurin-20260602-mgig-freshwater-RT,corrected_fc,time_to_vmax,99,9,2.4763800536529477,0.01785595537198583,0.020036639430165187,0.18041027889169647,0.10658721715339767,1.160327327836276,0.0289594495549374,11,17
01.00-resazurin-20260602-mgig-freshwater-RT,corrected_fc,min_slope,99,9,2.4747275059974583,0.01792727829591363,0.022941269448070633,0.180311594887115,0.10648061525823126,1.6166549738087006,0.0289594495549374,11,18
01.00-resazurin-20260602-mgig-freshwater-RT,metabolism_per_area_mm2_measurement,time_to_min_slope,99,9,2.5431547298848107,0.015195081383574631,0.025455286885342602,0.18437803241449238,0.11087351447324958,1.3365998912861718,0.029008791732278844,11,17
01.00-resazurin-20260602-mgig-freshwater-RT,metabolism_per_area_mm2_measurement,time_to_vmax,99,9,2.4763800536529477,0.01785595537198583,0.020036639430165187,0.18041027889169647,0.10658721715339767,1.160327327836276,0.031247921900975202,12,19
01.00-resazurin-20260602-mgig-freshwater-RT,metabolism_per_area_mm2_measurement,auc_early,99,9,2.086647391404824,0.04515270666488855,0.005292040122312439,0.1564596656240325,0.08072172445243525,1.2830125811450757,0.0689743138375987,13,21
01.00-resazurin-20260602-mgig-freshwater-RT,metabolism_per_area_mm2_measurement,late_early_auc_ratio,99,9,2.0788616509589506,0.045982875891732465,8.830039565041738e-4,0.15596693141528603,0.08018973874924994,1.3875199488595296,0.0689743138375987,13,22
01.00-resazurin-20260602-mgig-freshwater-RT,corrected_fc,late_early_auc_ratio,99,9,2.0788616509589506,0.045982875891732465,8.830039565041738e-4,0.155966931415286,0.08018973874924992,1.3875199488595291,0.0689743138375987,14,20
01.00-resazurin-20260602-mgig-freshwater-RT,corrected_fc,initial_slope,99,9,2.0114437995645473,0.05380580120748114,0.08549488082802738,0.15167607916346146,0.07555731863584628,1.0919528594146326,0.07532812169047359,15,22
01.00-resazurin-20260602-mgig-freshwater-RT,metabolism_per_area_mm2_measurement,initial_slope,99,9,1.897319932166539,0.06999541906267219,0.07498382279723681,0.1443122964950835,0.06760837116289005,1.0418537007893323,0.09799358668774107,15,24
01.00-resazurin-20260602-mgig-freshwater-RT,corrected_fc,inflection_time,99,9,1.7374453468487785,0.10044943997876427,0.006954368766078351,0.13377883798143148,0.056240108335399365,1.013743773025258,0.1318398899721281,16,24
01.00-resazurin-20260602-mgig-freshwater-RT,metabolism_per_area_mm2_measurement,inflection_time,99,9,1.7374453468487785,0.10044943997876427,0.006954368766078351,0.13377883798143148,0.056240108335399365,1.013743773025258,0.1318398899721281,16,26
01.00-resazurin-20260602-mgig-freshwater-RT,metabolism_per_area_mm2_measurement,metabolic_depression_index,99,9,0.9082881029955271,0.5133901688866432,0.6331448563734473,0.07470526239395046,0,0.8442417551561452,0.5834067519047381,17,28
01.00-resazurin-20260602-mgig-freshwater-RT,metabolism_per_area_mm2_measurement,resilience_ratio,99,9,0.9072185720591907,0.5142577408067273,0.6331448563734473,0.07462385961738335,0,0.8440733124330498,0.5834067519047381,17,29
01.00-resazurin-20260602-mgig-freshwater-RT,metabolism_per_area_mm2_measurement,depression_abs,99,9,0.8905739141693398,0.5278442041042868,0.6331448563734473,0.07335517418414178,0,0.7811434048873604,0.5834067519047381,17,30
01.00-resazurin-20260602-mgig-freshwater-RT,corrected_fc,metabolic_depression_index,99,9,0.9082881029955269,0.5133901688866427,0.6331448563734473,0.07470526239395045,0,0.8442417551561451,0.5903269649189203,17,26
01.00-resazurin-20260602-mgig-freshwater-RT,corrected_fc,resilience_ratio,99,9,0.9072185720591907,0.5142577408067273,0.6331448563734473,0.07462385961738335,0,0.8440733124330454,0.5903269649189203,17,27
01.00-resazurin-20260602-mgig-freshwater-RT,corrected_fc,depression_abs,99,9,0.8829661809509989,0.5341053492123564,0.6331448563734473,0.07277414012224592,0,0.7446725939658752,0.5903269649189203,17,28
01.00-resazurin-20260602-mgig-freshwater-RT,corrected_fc,time_to_peak,99,9,0.7647058823529969,0.634560775803692,0.6331667082964756,0.06364749082007777,0,0.6581451817144136,0.6662888145938766,20,30
01.00-resazurin-20260602-mgig-freshwater-RT,metabolism_per_area_mm2_measurement,time_to_peak,99,9,0.7647058823529969,0.634560775803692,0.6331667082964756,0.06364749082007777,0,0.6581451817144136,0.6662888145938766,20,32
01.00-resazurin-20260602-mgig-freshwater-RT,corrected_fc,trough_value,99,9,0.1523023634881823,0.996120953817667,0.9995360381842952,0.013357158811704241,0,0.3464486579479126,0.996120953817667,21,32
01.00-resazurin-20260602-mgig-freshwater-RT,metabolism_per_area_mm2_measurement,trough_value,99,9,0.14373809396981163,0.9968324796367196,0.9999408405316156,0.012615534321074635,0,0.33495083994036867,0.9968324796367196,21,34
01.00-resazurin-20260602-mgig-freshwater-RT,corrected_fc,time_to_trough,99,9,NA,NA,NA,NA,0,-Inf,NA,NA,NA
01.00-resazurin-20260602-mgig-freshwater-RT,metabolism_per_area_mm2_measurement,time_to_trough,99,9,NA,NA,NA,NA,0,-Inf,NA,NA,NA
01.00-resazurin-20260604-mgig-36C,metabolism_per_area_mm2_measurement,time_to_vmax,99,9,2.928270887597674,0.005941928194807065,0.023960944105720583,0.20653229937644618,0.13481328171374227,1.460112454633281,0.06895867172999655,1,2
01.00-resazurin-20260604-mgig-36C,metabolism_per_area_mm2_measurement,inflection_time,99,9,2.7694867940734404,0.008763060164222564,0.2978366170463973,0.19754551894468816,0.12510081276436683,1.6301196584678506,0.06895867172999655,1,3
01.00-resazurin-20260604-mgig-36C,metabolism_per_area_mm2_measurement,delta_auc_late_minus_early,99,9,2.721512258166449,0.009851238818570935,0.01333368556947984,0.19479009915878687,0.12212327607271334,1.6060194035798843,0.06895867172999655,1,4
01.00-resazurin-20260604-mgig-36C,corrected_fc,time_to_vmax,99,9,2.928270887597674,0.005941928194807065,0.023960944105720583,0.20653229937644618,0.13481328171374227,1.460112454633281,0.09201213172433692,1,2
01.00-resazurin-20260604-mgig-36C,corrected_fc,inflection_time,99,9,2.7694867940734404,0.008763060164222564,0.2978366170463973,0.19754551894468816,0.12510081276436683,1.6301196584678506,0.09201213172433692,1,3
01.00-resazurin-20260604-mgig-36C,metabolism_per_area_mm2_measurement,auc_late,99,9,2.2409768393358545,0.031376740924114084,0.03654910504087894,0.1661093089124431,0.09114122724935435,1.3800408345403599,0.16472788985159895,4,6
01.00-resazurin-20260604-mgig-36C,metabolism_per_area_mm2_measurement,metabolic_depression_index,99,9,1.90207698942609,0.06923764131397682,0.632804297289819,0.14462179555026233,0.06794243869674833,1.300147032441499,0.18889185672623768,5,8
01.00-resazurin-20260604-mgig-36C,metabolism_per_area_mm2_measurement,resilience_ratio,99,9,1.9019576645736036,0.06925655472101891,0.632804297289819,0.14461403488978358,0.06793406195609576,1.3001196462668747,0.18889185672623768,5,9
01.00-resazurin-20260604-mgig-36C,metabolism_per_area_mm2_measurement,stability_cv,99,9,1.9016642469625262,0.06930308306458748,0.021529216761880823,0.1445949509699299,0.06791346306500232,1.3531172982976856,0.18889185672623768,5,10
01.00-resazurin-20260604-mgig-36C,metabolism_per_area_mm2_measurement,final_delta,99,9,1.7470492306284662,0.09831995684192026,0.13947610430016852,0.13441891306462248,0.05693083583963105,1.3181597765755404,0.18889185672623768,5,11
01.00-resazurin-20260604-mgig-36C,metabolism_per_area_mm2_measurement,final_value,99,9,1.7458430448344575,0.0985851092889611,0.1459534072033954,0.13433857571313074,0.0568441404478265,1.3175330822261986,0.18889185672623768,5,12
01.00-resazurin-20260604-mgig-36C,metabolism_per_area_mm2_measurement,metabolic_scope,99,9,1.745422395309456,0.09867773396872434,0.14046130400119358,0.1343105550720264,0.056813902239606556,1.3171140267528418,0.18889185672623768,5,13
01.00-resazurin-20260604-mgig-36C,metabolism_per_area_mm2_measurement,peak_value,99,9,1.7442181090689022,0.09894335352326736,0.1473522609758886,0.13423032416637526,0.056727321924349115,1.3164888054071635,0.18889185672623768,5,14
01.00-resazurin-20260604-mgig-36C,metabolism_per_area_mm2_measurement,auc_total,99,9,1.6711678228130082,0.11633501047372485,0.07113794142118611,0.1293356642162385,0.051445591680905685,1.1166501317017983,0.20196157294826508,12,16
01.00-resazurin-20260604-mgig-36C,metabolism_per_area_mm2_measurement,depression_abs,99,9,1.6383273888073506,0.12502383087273553,0.6375544051848148,0.12711714556771178,0.04905181970265117,1.1921916685156433,0.20196157294826508,12,17
01.00-resazurin-20260604-mgig-36C,corrected_fc,delta_auc_late_minus_early,99,9,2.119049478003122,0.04184912956333378,0.042206948426427436,0.1585041241331119,0.0829291073689409,1.413053136271225,0.20790924919376302,3,5
01.00-resazurin-20260604-mgig-36C,corrected_fc,depression_abs,99,9,1.9992881221544836,0.05534466110690076,0.6268421255139194,0.15089777682556554,0.07471710740993867,1.3212804683453663,0.20790924919376302,3,6
01.00-resazurin-20260604-mgig-36C,corrected_fc,metabolic_depression_index,99,9,1.9020769894260454,0.06923764131398394,0.632804297289819,0.14462179555025945,0.0679424386967452,1.3001470324414903,0.20790924919376302,3,7
01.00-resazurin-20260604-mgig-36C,corrected_fc,resilience_ratio,99,9,1.9019576645735923,0.06925655472102059,0.632804297289819,0.14461403488978283,0.06793406195609496,1.3001196462668119,0.20790924919376302,3,8
01.00-resazurin-20260604-mgig-36C,corrected_fc,stability_cv,99,9,1.9016642469625251,0.06930308306458767,0.021529216761880823,0.1445949509699298,0.06791346306500223,1.353117298297685,0.20790924919376302,3,9
01.00-resazurin-20260604-mgig-36C,metabolism_per_area_mm2_measurement,late_early_auc_ratio,99,9,1.4401162893162556,0.19086721015669267,0.04511778777996945,0.11348330121518918,0.034343526767928984,1.2482018634435224,0.28630081523503903,14,19
01.00-resazurin-20260604-mgig-36C,corrected_fc,final_delta,99,9,1.5057489483889288,0.16631511596005158,0.18184782787368975,0.11804473061372905,0.03926393957489451,1.223520807003011,0.3083239548685044,8,11
01.00-resazurin-20260604-mgig-36C,corrected_fc,final_value,99,9,1.5053662067149058,0.16644993357511703,0.1814466055833131,0.11801826637657993,0.03923539118409878,1.2232422918885275,0.3083239548685044,8,12
01.00-resazurin-20260604-mgig-36C,corrected_fc,metabolic_scope,99,9,1.497082348420189,0.16939131743085242,0.18606402658010596,0.11744509900383047,0.03861708890335033,1.2212654295361707,0.3083239548685044,8,13
01.00-resazurin-20260604-mgig-36C,corrected_fc,peak_value,99,9,1.4967009125478161,0.1695278398371571,0.18567850623461446,0.11741868918211361,0.038588599589321836,1.220987460752721,0.3083239548685044,8,14
01.00-resazurin-20260604-mgig-36C,corrected_fc,auc_late,99,9,1.4586088942991868,0.18365199091504122,0.14714074813760258,0.11477329316141659,0.03573499068550433,1.1441085117635106,0.3083239548685044,8,15
01.00-resazurin-20260604-mgig-36C,corrected_fc,late_early_auc_ratio,99,9,1.4401162893162542,0.1908672101566932,0.04511778777996945,0.1134833012151891,0.03434352676792888,1.248201863443522,0.3083239548685044,8,16
01.00-resazurin-20260604-mgig-36C,metabolism_per_area_mm2_measurement,initial_slope,99,9,1.1525804987900574,0.33676835575652964,0.27813210006627426,0.09293070090554931,0.0121795664218477,1.1290057894121026,0.47147569805914147,15,21
01.00-resazurin-20260604-mgig-36C,metabolism_per_area_mm2_measurement,time_to_peak,99,9,1.0991379310344767,0.37137419604222893,0.6279839908237116,0.08900523560209378,0.007947477539736897,0.91999727408619,0.4874286323054255,16,23
01.00-resazurin-20260604-mgig-36C,corrected_fc,time_to_peak,99,9,1.0991379310344767,0.37137419604222893,0.6279839908237116,0.08900523560209378,0.007947477539736897,0.91999727408619,0.5570612940633434,14,18
01.00-resazurin-20260604-mgig-36C,metabolism_per_area_mm2_measurement,time_to_min_slope,99,9,0.9748083242059159,0.4608574695621185,0.4256456509170065,0.07974017247172147,0,0.7620386979662183,0.5692945212237934,17,25
01.00-resazurin-20260604-mgig-36C,metabolism_per_area_mm2_measurement,vmax,99,9,0.9086088625445742,0.5131301095726094,0.5270694118824081,0.07472967284469573,0,0.7633564066198953,0.5986517945013777,18,27
01.00-resazurin-20260604-mgig-36C,corrected_fc,auc_total,99,9,0.9958908217263728,0.44484356507643485,0.37619379381841744,0.0813244896777527,0,1.030535603135726,0.6048754288002806,15,20
01.00-resazurin-20260604-mgig-36C,corrected_fc,time_to_min_slope,99,9,0.9748083242059159,0.4608574695621185,0.4256456509170065,0.07974017247172147,0,0.7620386979662183,0.6048754288002806,15,21
01.00-resazurin-20260604-mgig-36C,corrected_fc,initial_slope,99,9,0.7309148928989958,0.6638761652449854,0.38167833805899937,0.06100660086753507,0,0.8475921579668833,0.7757990897496331,17,23
01.00-resazurin-20260604-mgig-36C,corrected_fc,vmax,99,9,0.72965422495151,0.6649706483568283,0.5646308109741889,0.060907786756630146,0,0.7115987813256598,0.7757990897496331,17,24
01.00-resazurin-20260604-mgig-36C,metabolism_per_area_mm2_measurement,auc_early,99,9,0.6547164613796895,0.729638288733364,0.5725007345584993,0.054996392690549775,0,0.720573196608988,0.8064423191263498,19,29
01.00-resazurin-20260604-mgig-36C,metabolism_per_area_mm2_measurement,min_slope,99,9,0.5717237813798575,0.7985202321065251,0.5128770108764147,0.04836213330245182,0,0.5384594955684913,0.8384462437118514,20,31
01.00-resazurin-20260604-mgig-36C,corrected_fc,min_slope,99,9,0.5123934688674562,0.8442331255411188,0.5231301966691109,0.043562007190428735,0,0.6310980378526807,0.9330997703349209,19,26
01.00-resazurin-20260604-mgig-36C,corrected_fc,auc_early,99,9,0.4134515504000443,0.910127932936247,0.7827207378778952,0.03544847325968987,0,0.6656640897732984,0.9556343295830595,20,28
01.00-resazurin-20260604-mgig-36C,metabolism_per_area_mm2_measurement,trough_value,99,9,0.2630709416536207,0.9761023576393613,0.9584950407025744,0.022849762933523265,0,0.49189577573309184,0.9761023576393613,21,33
01.00-resazurin-20260604-mgig-36C,corrected_fc,trough_value,99,9,0.1837377508166115,0.9926056098448308,0.9939192183012009,0.016069788797061463,0,0.43691688509920473,0.9926056098448308,21,30
01.00-resazurin-20260604-mgig-36C,corrected_fc,time_to_trough,99,9,NA,NA,NA,NA,0,-Inf,NA,NA,NA
01.00-resazurin-20260604-mgig-36C,metabolism_per_area_mm2_measurement,time_to_trough,99,9,NA,NA,NA,NA,0,-Inf,NA,NA,NA
01.00-resazurin-20260624-mgig-33C,metabolism_per_area_mm2_measurement,min_slope,162,9,1.91814617176592,0.06099050523859469,0.05920488691862471,0.09115301277237439,0.04337395274559015,0.9134397762871453,0.684349641666133,1,2
01.00-resazurin-20260624-mgig-33C,metabolism_per_area_mm2_measurement,time_to_vmax,162,9,1.604337631887453,0.12777891325923305,0.21752928262876345,0.07739454392500887,0.028978989529899368,0.9982399517011592,0.684349641666133,1,3
01.00-resazurin-20260624-mgig-33C,metabolism_per_area_mm2_measurement,delta_auc_late_minus_early,162,9,1.5969963484246545,0.12992823553622415,0.051155739678515735,0.07706768795691167,0.02863704384299793,0.9323423835849252,0.684349641666133,1,4
01.00-resazurin-20260624-mgig-33C,metabolism_per_area_mm2_measurement,depression_abs,162,9,1.3058859092923756,0.24447471660086073,0.28402335382578825,0.06391724348567931,0.014880696976144364,0.8180693454095889,0.684349641666133,1,5
01.00-resazurin-20260624-mgig-33C,metabolism_per_area_mm2_measurement,initial_slope,162,9,1.293381199865498,0.2508379745645532,0.40404670477634275,0.06334396381403722,0.01428105709625925,0.8453114187021786,0.684349641666133,1,6
01.00-resazurin-20260624-mgig-33C,metabolism_per_area_mm2_measurement,time_to_peak,162,9,1.2234848484848626,0.2888345900825949,0.2881794073103947,0.060126582278481666,0.010915818686402163,0.7177405625652742,0.684349641666133,1,7
01.00-resazurin-20260624-mgig-33C,metabolism_per_area_mm2_measurement,vmax,162,9,1.1933704129045797,0.30649692822948993,0.2939129413926768,0.05873356911273986,0.009458832325540484,0.7331261753766265,0.684349641666133,1,8
01.00-resazurin-20260624-mgig-33C,metabolism_per_area_mm2_measurement,auc_early,162,9,1.1825670026398951,0.3130248753319528,0.41894055080170717,0.058232825354517674,0.008935098689083331,0.8606492041358066,0.684349641666133,1,9
01.00-resazurin-20260624-mgig-33C,metabolism_per_area_mm2_measurement,resilience_ratio,162,9,1.144613168324733,0.336762492593376,0.2883076138265519,0.056469413541320894,0.007090753187186433,0.7701534627300319,0.684349641666133,1,10
01.00-resazurin-20260624-mgig-33C,metabolism_per_area_mm2_measurement,stability_cv,162,9,1.1386291558771018,0.34061921891924696,0.4523786829140736,0.05619078138068189,0.006799336768413452,0.8804776907479168,0.684349641666133,1,11
01.00-resazurin-20260624-mgig-33C,metabolism_per_area_mm2_measurement,metabolic_depression_index,162,9,1.1313821560015724,0.3453314474963989,0.2883076138265519,0.05585312062580562,0.00644618480709294,0.7658589675731347,0.684349641666133,1,12
01.00-resazurin-20260624-mgig-33C,metabolism_per_area_mm2_measurement,inflection_time,162,9,1.0897435897435908,0.3732816227269816,0.3700726052129163,0.0539083557951483,0.004412228175228542,0.7002746713858887,0.684349641666133,1,13
01.00-resazurin-20260624-mgig-33C,metabolism_per_area_mm2_measurement,auc_total,162,9,1.0252124636770792,0.4194780767660121,0.378775317620892,0.05087849398735297,0.0012435116880894373,0.8352992067463348,0.688974623468441,13,15
01.00-resazurin-20260624-mgig-33C,metabolism_per_area_mm2_measurement,time_to_trough,162,9,1.0000000000000013,0.43843839675264423,0.4334701203667703,0.04968944099378888,6.245004513516503e-17,0.7071067811865472,0.688974623468441,13,16
01.00-resazurin-20260624-mgig-33C,metabolism_per_area_mm2_measurement,auc_late,162,9,0.8780029817347115,0.5365250103318502,0.31177581707749186,0.04389355850901187,0,0.7648767004486334,0.7108710399717187,15,18
01.00-resazurin-20260624-mgig-33C,metabolism_per_area_mm2_measurement,metabolic_scope,162,9,0.8039138717338533,0.6000433142024773,0.24406962091788298,0.04033907100547428,0,0.6707375892886406,0.7108710399717187,15,19
01.00-resazurin-20260624-mgig-33C,metabolism_per_area_mm2_measurement,final_delta,162,9,0.796770692307344,0.6062678614960113,0.24289715861045724,0.03999497357004574,0,0.6711104961285443,0.7108710399717187,15,20
01.00-resazurin-20260624-mgig-33C,metabolism_per_area_mm2_measurement,peak_value,162,9,0.7951351104799451,0.6076948798128878,0.2689316432150978,0.03991615047137035,0,0.6664852451135804,0.7108710399717187,15,21
01.00-resazurin-20260624-mgig-33C,metabolism_per_area_mm2_measurement,final_value,162,9,0.7879921815504387,0.6139340799755753,0.26753332757461107,0.039571761710453554,0,0.6668521802917313,0.7108710399717187,15,22
01.00-resazurin-20260624-mgig-33C,metabolism_per_area_mm2_measurement,time_to_min_slope,162,9,0.7476851851851823,0.6492944842062356,0.7490546009533505,0.03762376237623749,0,0.7097208632298357,0.7142239326268592,20,24
01.00-resazurin-20260624-mgig-33C,corrected_fc,time_to_vmax,162,9,1.604337631887453,0.12777891325923305,0.21752928262876345,0.07739454392500887,0.028978989529899368,0.9982399517011592,0.8068693267210515,1,2
01.00-resazurin-20260624-mgig-33C,corrected_fc,delta_auc_late_minus_early,162,9,1.4992805166626866,0.1617126275257092,0.13058637507143656,0.07269492457937594,0.02406254598860621,0.7891072807558283,0.8068693267210515,1,3
01.00-resazurin-20260624-mgig-33C,corrected_fc,min_slope,162,9,1.4499188689164046,0.1801815499321159,0.26390946147021455,0.07047021075290226,0.021735296247562385,0.9296319745194581,0.8068693267210515,1,4
01.00-resazurin-20260624-mgig-33C,corrected_fc,depression_abs,162,9,1.2487338768008098,0.27462880267500084,0.28402335382578825,0.06129136094305814,0.012134109272100521,0.7812878723238035,0.8068693267210515,1,5
01.00-resazurin-20260624-mgig-33C,corrected_fc,time_to_peak,162,9,1.2234848484848626,0.2888345900825949,0.2881794073103947,0.060126582278481666,0.010915818686402163,0.7177405625652742,0.8068693267210515,1,6
01.00-resazurin-20260624-mgig-33C,corrected_fc,resilience_ratio,162,9,1.1446131683247325,0.33676249259337593,0.2883076138265519,0.05646941354132087,0.007090753187186412,0.7701534627300318,0.8068693267210515,1,7
01.00-resazurin-20260624-mgig-33C,corrected_fc,stability_cv,162,9,1.1386291558771016,0.34061921891924696,0.4523786829140736,0.056190781380681884,0.006799336768413449,0.8804776907479167,0.8068693267210515,1,8
01.00-resazurin-20260624-mgig-33C,corrected_fc,metabolic_depression_index,162,9,1.131382156001572,0.34533144749639877,0.2883076138265519,0.0558531206258056,0.00644618480709292,0.7658589675731345,0.8068693267210515,1,9
01.00-resazurin-20260624-mgig-33C,corrected_fc,inflection_time,162,9,1.0897435897435908,0.3732816227269816,0.3700726052129163,0.0539083557951483,0.004412228175228542,0.7002746713858887,0.8068693267210515,1,10
01.00-resazurin-20260624-mgig-33C,corrected_fc,initial_slope,162,9,1.0550511331422359,0.3976911358914695,0.3273741261271363,0.05228188601611109,0.002711203866528581,0.6461734439008369,0.8068693267210515,1,11
01.00-resazurin-20260624-mgig-33C,corrected_fc,time_to_trough,162,9,1.0000000000000013,0.43843839675264423,0.4334701203667703,0.04968944099378888,6.245004513516503e-17,0.7071067811865472,0.8068693267210515,1,12
01.00-resazurin-20260624-mgig-33C,corrected_fc,auc_early,162,9,0.9978073028452622,0.44011054184784626,0.28712496361227324,0.049585889673762235,0,0.6686519494187438,0.8068693267210515,1,13
01.00-resazurin-20260624-mgig-33C,metabolism_per_area_mm2_measurement,late_early_auc_ratio,162,9,0.6030799746828012,0.7742661183854754,0.2295597594306362,0.030569623372205423,0,0.6044064814683116,0.8111359335466886,21,26
01.00-resazurin-20260624-mgig-33C,corrected_fc,vmax,162,9,0.9398759453614808,0.48556012333945586,0.3635139744291946,0.04684185179718281,0,0.6247239543291422,0.821717131805233,13,15
01.00-resazurin-20260624-mgig-33C,corrected_fc,auc_total,162,9,0.8353891415294467,0.5727966708724519,0.42603839385775777,0.04185234744704159,0,0.6128449257648482,0.9001090542281387,14,17
01.00-resazurin-20260624-mgig-33C,corrected_fc,time_to_min_slope,162,9,0.7476851851851823,0.6492944842062356,0.7490546009533505,0.03762376237623749,0,0.7097208632298357,0.9461732625008177,15,19
01.00-resazurin-20260624-mgig-33C,corrected_fc,auc_late,162,9,0.633634602984601,0.7485713466224928,0.586876072338752,0.03206874441055196,0,0.5259205104064453,0.9461732625008177,15,20
01.00-resazurin-20260624-mgig-33C,corrected_fc,late_early_auc_ratio,162,9,0.6030799746828015,0.7742661183854755,0.2295597594306362,0.03056962337220544,0,0.6044064814683114,0.9461732625008177,15,21
01.00-resazurin-20260624-mgig-33C,corrected_fc,metabolic_scope,162,9,0.43501427518309516,0.89855921669267,0.7366024501233972,0.02223997738769662,0,0.37250296498390356,0.9461732625008177,15,22
01.00-resazurin-20260624-mgig-33C,corrected_fc,peak_value,162,9,0.43317590926401434,0.8996972899007278,0.7109298272721167,0.022148073075609995,0,0.3717150347785049,0.9461732625008177,15,23
01.00-resazurin-20260624-mgig-33C,corrected_fc,final_delta,162,9,0.42934833430037167,0.9020479714287882,0.7318286256634987,0.021956667998352563,0,0.37226570757532357,0.9461732625008177,15,24
01.00-resazurin-20260624-mgig-33C,corrected_fc,final_value,162,9,0.4275140676563031,0.9031653869325986,0.7094464275844923,0.021864915487440836,0,0.3714696576306808,0.9461732625008177,15,25
01.00-resazurin-20260624-mgig-33C,metabolism_per_area_mm2_measurement,trough_value,162,9,0.03143639697951152,0.9999898731476444,0.9999411726370636,0.0016410357504941914,0,0.12558791256382318,0.9999898731476444,22,28
01.00-resazurin-20260624-mgig-33C,corrected_fc,trough_value,162,9,2.947078556165893e-4,0.9999999999999132,0.999999999706096,1.5409323627077994e-5,0,0.012138942614918852,0.9999999999999132,22,27
