"plate","well","sample_id","family","temperature","individual","weight_mg","dilution","luminescence"
"plate-01","A01","1_01_ambient","Family 1","ambient","01",7,25,11367
"plate-01","A02","1_01_ambient","Family 1","ambient","01",7,25,10284
"plate-01","A03","1_01_ambient","Family 1","ambient","01",7,25,10754
"plate-01","A04","1_02_ambient","Family 1","ambient","02",4.7,25,14834
"plate-01","A05","1_02_ambient","Family 1","ambient","02",4.7,25,14603
"plate-01","A06","1_02_ambient","Family 1","ambient","02",4.7,25,14460
"plate-01","A07","1_03_ambient","Family 1","ambient","03",2.5,25,7584
"plate-01","A08","1_03_ambient","Family 1","ambient","03",2.5,25,7058
"plate-01","A09","1_03_ambient","Family 1","ambient","03",2.5,25,7476
"plate-01","A10","1_04_ambient","Family 1","ambient","04",10.7,25,39832
"plate-01","A11","1_04_ambient","Family 1","ambient","04",10.7,25,36805
"plate-01","A12","1_04_ambient","Family 1","ambient","04",10.7,25,41820
"plate-01","B01","1_05_ambient","Family 1","ambient","05",7.9,25,21917
"plate-01","B02","1_05_ambient","Family 1","ambient","05",7.9,25,22772
"plate-01","B03","1_05_ambient","Family 1","ambient","05",7.9,25,21609
"plate-01","B04","1_06_ambient","Family 1","ambient","06",11,25,99291
"plate-01","B05","1_06_ambient","Family 1","ambient","06",11,25,101901
"plate-01","B06","1_06_ambient","Family 1","ambient","06",11,25,90681
"plate-01","B07","1_07_ambient","Family 1","ambient","07",6.1,25,5141
"plate-01","B08","1_07_ambient","Family 1","ambient","07",6.1,25,4776
"plate-01","B09","1_07_ambient","Family 1","ambient","07",6.1,25,5310
"plate-01","B10","1_08_ambient","Family 1","ambient","08",24.8,25,200695
"plate-01","B11","1_08_ambient","Family 1","ambient","08",24.8,25,200780
"plate-01","B12","1_08_ambient","Family 1","ambient","08",24.8,25,201408
"plate-01","C01","1_01_36C","Family 1","36C","01",9.6,25,32434
"plate-01","C02","1_01_36C","Family 1","36C","01",9.6,25,33069
"plate-01","C03","1_01_36C","Family 1","36C","01",9.6,25,30029
"plate-01","C04","1_02_36C","Family 1","36C","02",9.2,25,5244
"plate-01","C05","1_02_36C","Family 1","36C","02",9.2,25,5895
"plate-01","C06","1_02_36C","Family 1","36C","02",9.2,25,5898
"plate-01","C07","1_03_36C","Family 1","36C","03",3.1,25,4542
"plate-01","C08","1_03_36C","Family 1","36C","03",3.1,25,5385
"plate-01","C09","1_03_36C","Family 1","36C","03",3.1,25,4568
"plate-01","C10","1_04_36C","Family 1","36C","04",12.4,25,6309
"plate-01","C11","1_04_36C","Family 1","36C","04",12.4,25,3369
"plate-01","C12","1_04_36C","Family 1","36C","04",12.4,25,5548
"plate-01","D01","1_05_36C","Family 1","36C","05",25.7,25,99029
"plate-01","D02","1_05_36C","Family 1","36C","05",25.7,25,89772
"plate-01","D03","1_05_36C","Family 1","36C","05",25.7,25,93511
"plate-01","D04","1_06_36C","Family 1","36C","06",13,25,56801
"plate-01","D05","1_06_36C","Family 1","36C","06",13,25,55712
"plate-01","D06","1_06_36C","Family 1","36C","06",13,25,57887
"plate-01","D07","1_07_36C","Family 1","36C","07",6.1,25,22179
"plate-01","D08","1_07_36C","Family 1","36C","07",6.1,25,20629
"plate-01","D09","1_07_36C","Family 1","36C","07",6.1,25,22171
"plate-01","D10","1_08_36C","Family 1","36C","08",8.8,25,46456
"plate-01","D11","1_08_36C","Family 1","36C","08",8.8,25,47737
"plate-01","D12","1_08_36C","Family 1","36C","08",8.8,25,44512
"plate-01","E01","9_01_ambient","Family 9","ambient","01",7.3,25,7587
"plate-01","E02","9_01_ambient","Family 9","ambient","01",7.3,25,7324
"plate-01","E03","9_01_ambient","Family 9","ambient","01",7.3,25,7098
"plate-01","E04","9_02_ambient","Family 9","ambient","02",4.4,25,4924
"plate-01","E05","9_02_ambient","Family 9","ambient","02",4.4,25,4796
"plate-01","E06","9_02_ambient","Family 9","ambient","02",4.4,25,5252
"plate-01","E07","9_03_ambient","Family 9","ambient","03",4.3,25,10788
"plate-01","E08","9_03_ambient","Family 9","ambient","03",4.3,25,11788
"plate-01","E09","9_03_ambient","Family 9","ambient","03",4.3,25,11825
"plate-01","E10","9_04_ambient","Family 9","ambient","04",1.8,25,5276
"plate-01","E11","9_04_ambient","Family 9","ambient","04",1.8,25,5688
"plate-01","E12","9_04_ambient","Family 9","ambient","04",1.8,25,5994
"plate-01","F01","9_05_ambient","Family 9","ambient","05",9.2,25,70560
"plate-01","F02","9_05_ambient","Family 9","ambient","05",9.2,25,70742
"plate-01","F03","9_05_ambient","Family 9","ambient","05",9.2,25,69326
"plate-01","F04","9_06_ambient","Family 9","ambient","06",4.3,25,3792
"plate-01","F05","9_06_ambient","Family 9","ambient","06",4.3,25,3376
"plate-01","F06","9_06_ambient","Family 9","ambient","06",4.3,25,3778
"plate-01","F07","9_07_ambient","Family 9","ambient","07",2.4,25,10100
"plate-01","F08","9_07_ambient","Family 9","ambient","07",2.4,25,9429
"plate-01","F09","9_07_ambient","Family 9","ambient","07",2.4,25,10378
"plate-01","F10","9_08_ambient","Family 9","ambient","08",7.4,25,2669
"plate-01","F11","9_08_ambient","Family 9","ambient","08",7.4,25,2825
"plate-01","F12","9_08_ambient","Family 9","ambient","08",7.4,25,2539
"plate-01","G01","9_01_36C","Family 9","36C","01",7.7,25,15396
"plate-01","G02","9_01_36C","Family 9","36C","01",7.7,25,13953
"plate-01","G03","9_01_36C","Family 9","36C","01",7.7,25,13889
"plate-01","G04","9_02_36C","Family 9","36C","02",15.7,25,11887
"plate-01","G05","9_02_36C","Family 9","36C","02",15.7,25,12805
"plate-01","G06","9_02_36C","Family 9","36C","02",15.7,25,12878
"plate-01","G07","9_03_36C","Family 9","36C","03",10.4,25,44070
"plate-01","G08","9_03_36C","Family 9","36C","03",10.4,25,45147
"plate-01","G09","9_03_36C","Family 9","36C","03",10.4,25,42353
"plate-01","G10","9_04_36C","Family 9","36C","04",11.3,25,23819
"plate-01","G11","9_04_36C","Family 9","36C","04",11.3,25,23562
"plate-01","G12","9_04_36C","Family 9","36C","04",11.3,25,24569
"plate-01","H01","9_05_36C","Family 9","36C","05",9.2,25,47510
"plate-01","H02","9_05_36C","Family 9","36C","05",9.2,25,51778
"plate-01","H03","9_05_36C","Family 9","36C","05",9.2,25,50054
"plate-01","H04","9_06_36C","Family 9","36C","06",4.3,25,13583
"plate-01","H05","9_06_36C","Family 9","36C","06",4.3,25,14333
"plate-01","H06","9_06_36C","Family 9","36C","06",4.3,25,14402
"plate-01","H07","9_07_36C","Family 9","36C","07",2.4,25,2685
"plate-01","H08","9_07_36C","Family 9","36C","07",2.4,25,2382
"plate-01","H09","9_07_36C","Family 9","36C","07",2.4,25,2157
"plate-01","H10","9_08_36C","Family 9","36C","08",4.9,25,19314
"plate-01","H11","9_08_36C","Family 9","36C","08",4.9,25,17222
"plate-01","H12","9_08_36C","Family 9","36C","08",4.9,25,19417
