window,value_metric,feature,n,kw_H,kw_p,epsilon_sq,kw_p_bh
acute_0_2h,fold_change,late_early_auc_ratio,72,28.867579908675765,2.461654945230689e-5,0.40658563251656005,4.3194178919766406e-4
acute_0_2h,metabolism_per_area_mm2_measurement,late_early_auc_ratio,72,28.867579908675765,2.461654945230689e-5,0.40658563251656005,4.3194178919766406e-4
acute_0_2h,fold_change,stability_cv,72,28.27777777777777,3.21187985074379e-5,0.39827856025039116,4.3194178919766406e-4
acute_0_2h,metabolism_per_area_mm2_measurement,stability_cv,72,28.27777777777777,3.21187985074379e-5,0.39827856025039116,4.3194178919766406e-4
full_0_18.75h,metabolism_per_area_mm2_measurement,vmax,72,27.1948249619482,5.226901994184055e-5,0.38302570368941125,4.3194178919766406e-4
acute_0_2h,metabolism_per_area_mm2_measurement,metabolic_scope,72,26.76687017047125,6.332509474976777e-5,0.376998171415088,4.3194178919766406e-4
acute_0_2h,metabolism_per_area_mm2_measurement,final_delta,72,26.761415525114103,6.348002123506454e-5,0.3769213454241423,4.3194178919766406e-4
acute_0_2h,metabolism_per_area_mm2_measurement,vmax,72,26.37460337878398,7.548010415848581e-5,0.3714732870251265,4.3194178919766406e-4
full_0_18.75h,fold_change,vmax,72,26.125324918937693,8.437779691779573e-5,0.36796232280193936,4.3194178919766406e-4
full_0_18.75h,fold_change,auc_late,72,25.885464231354604,9.391771691769993e-5,0.36458400325851553,4.3194178919766406e-4
full_0_18.75h,fold_change,delta_auc_late_minus_early,72,25.885464231354604,9.391771691769993e-5,0.36458400325851553,4.3194178919766406e-4
full_0_18.75h,fold_change,auc_total,72,25.765601217655956,9.907777923238183e-5,0.3628957917979712,4.3194178919766406e-4
acute_0_2h,fold_change,metabolic_scope,72,25.73470638074243,1.0045268501627185e-4,0.3624606532498934,4.3194178919766406e-4
acute_0_2h,fold_change,peak_value,72,25.73470638074243,1.0045268501627185e-4,0.3624606532498934,4.3194178919766406e-4
acute_0_2h,fold_change,final_delta,72,25.73211567732116,1.0056883345148416e-4,0.36242416446931214,4.3194178919766406e-4
acute_0_2h,fold_change,final_value,72,25.73211567732116,1.0056883345148416e-4,0.36242416446931214,4.3194178919766406e-4
acute_0_2h,fold_change,vmax,72,25.54191254897543,1.09469588471555e-4,0.359745247168668,4.3194178919766406e-4
full_0_18.75h,fold_change,final_delta,72,25.37100456620999,1.1813022873697216e-4,0.35733809248183085,4.3194178919766406e-4
full_0_18.75h,fold_change,final_value,72,25.37100456620999,1.1813022873697216e-4,0.35733809248183085,4.3194178919766406e-4
full_0_18.75h,fold_change,metabolic_scope,72,25.37100456620999,1.1813022873697216e-4,0.35733809248183085,4.3194178919766406e-4
full_0_18.75h,fold_change,peak_value,72,25.37100456620999,1.1813022873697216e-4,0.35733809248183085,4.3194178919766406e-4
acute_0_2h,fold_change,delta_auc_late_minus_early,72,25.30175038051749,1.2182973541472577e-4,0.3563626814157393,4.3194178919766406e-4
acute_0_2h,metabolism_per_area_mm2_measurement,final_value,72,24.92237442922371,1.442254862658876e-4,0.3510193581580804,4.891125186408362e-4
acute_0_2h,metabolism_per_area_mm2_measurement,peak_value,72,24.685692541856923,1.6021381978357377e-4,0.34768581044868907,5.206949142966147e-4
acute_0_2h,metabolism_per_area_mm2_measurement,delta_auc_late_minus_early,72,24.14878234398782,2.0327532805810712e-4,0.3401236949857439,6.342190235412942e-4
acute_0_2h,fold_change,auc_late,72,23.549847792998435,2.649052241794087e-4,0.331687997084485,7.885570030665007e-4
full_0_18.75h,fold_change,late_early_auc_ratio,72,23.39954337899539,2.830717446905387e-4,0.3295710335069773,7.885570030665007e-4
full_0_18.75h,metabolism_per_area_mm2_measurement,late_early_auc_ratio,72,23.39954337899539,2.830717446905387e-4,0.3295710335069773,7.885570030665007e-4
full_0_18.75h,metabolism_per_area_mm2_measurement,auc_total,72,22.960806697108012,3.434397491697799e-4,0.3233916436212396,8.744737596066153e-4
full_0_18.75h,metabolism_per_area_mm2_measurement,auc_late,72,22.93378995433787,3.475472634333984e-4,0.32301112611743477,8.744737596066153e-4
full_0_18.75h,metabolism_per_area_mm2_measurement,delta_auc_late_minus_early,72,22.93378995433787,3.475472634333984e-4,0.32301112611743477,8.744737596066153e-4
acute_0_2h,fold_change,auc_total,72,22.65525114155247,3.9282800865529394e-4,0.3190880442472179,9.57518271097279e-4
full_0_18.75h,metabolism_per_area_mm2_measurement,final_delta,72,22.130136986301324,4.945958462834446e-4,0.3116920702295961,0.0011346610591208433
full_0_18.75h,metabolism_per_area_mm2_measurement,metabolic_scope,72,22.130136986301324,4.945958462834446e-4,0.3116920702295961,0.0011346610591208433
full_0_18.75h,metabolism_per_area_mm2_measurement,final_value,72,21.769786910197837,5.79069413646682e-4,0.30661671704503995,0.0012019245194167132
full_0_18.75h,metabolism_per_area_mm2_measurement,peak_value,72,21.769786910197837,5.79069413646682e-4,0.30661671704503995,0.0012019245194167132
acute_0_2h,fold_change,depression_abs,72,21.58210878641569,6.285475791132404e-4,0.3039733631889534,0.0012019245194167132
acute_0_2h,fold_change,resilience_ratio,72,21.58210878641569,6.285475791132404e-4,0.3039733631889534,0.0012019245194167132
acute_0_2h,metabolism_per_area_mm2_measurement,depression_abs,72,21.58210878641569,6.285475791132404e-4,0.3039733631889534,0.0012019245194167132
acute_0_2h,metabolism_per_area_mm2_measurement,resilience_ratio,72,21.58210878641569,6.285475791132404e-4,0.3039733631889534,0.0012019245194167132
acute_0_2h,fold_change,time_to_peak,72,21.515151515151526,6.471901258397687e-4,0.3030303030303032,0.0012019245194167132
acute_0_2h,metabolism_per_area_mm2_measurement,time_to_peak,72,21.515151515151526,6.471901258397687e-4,0.3030303030303032,0.0012019245194167132
acute_0_2h,metabolism_per_area_mm2_measurement,auc_late,72,19.889269406392657,0.0013109532478044097,0.28013055501961487,0.0023780082169475338
full_0_18.75h,fold_change,inflection_time,72,18.8037616387337,0.002090776337860649,0.26484171322160144,0.0036240123189584584
full_0_18.75h,metabolism_per_area_mm2_measurement,inflection_time,72,18.8037616387337,0.002090776337860649,0.26484171322160144,0.0036240123189584584
acute_0_2h,metabolism_per_area_mm2_measurement,auc_total,72,18.082572298325715,0.0028446790987977583,0.254684116877827,0.004823586297961416
full_0_18.75h,fold_change,stability_cv,72,15.69330289193303,0.007776506768636374,0.2210324350976483,0.012636823499034108
full_0_18.75h,metabolism_per_area_mm2_measurement,stability_cv,72,15.69330289193303,0.007776506768636374,0.2210324350976483,0.012636823499034108
acute_0_2h,fold_change,auc_early,72,13.982115677321161,0.01572341965074761,0.19693120672283326,0.024528534655166273
full_0_18.75h,fold_change,auc_early,72,13.982115677321161,0.01572341965074761,0.19693120672283326,0.024528534655166273
acute_0_2h,fold_change,time_to_trough,72,12.269366830771018,0.03127755361571968,0.17280798353198618,0.04517868855603954
acute_0_2h,metabolism_per_area_mm2_measurement,time_to_trough,72,12.269366830771018,0.03127755361571968,0.17280798353198618,0.04517868855603954
full_0_18.75h,fold_change,time_to_trough,72,12.269366830771018,0.03127755361571968,0.17280798353198618,0.04517868855603954
full_0_18.75h,metabolism_per_area_mm2_measurement,time_to_trough,72,12.269366830771018,0.03127755361571968,0.17280798353198618,0.04517868855603954
acute_0_2h,fold_change,trough_value,72,12.004865571957286,0.03472117171901745,0.16908261368953922,0.04833350545664927
full_0_18.75h,fold_change,trough_value,72,12.004865571957286,0.03472117171901745,0.16908261368953922,0.04833350545664927
acute_0_2h,fold_change,inflection_time,72,11.91718702495381,0.0359402989293033,0.16784770457681422,0.04833350545664927
acute_0_2h,metabolism_per_area_mm2_measurement,inflection_time,72,11.91718702495381,0.0359402989293033,0.16784770457681422,0.04833350545664927
acute_0_2h,fold_change,initial_slope,72,10.612042768711275,0.059638345001743365,0.1494653911086095,0.07752984850226638
full_0_18.75h,fold_change,initial_slope,72,10.612042768711275,0.059638345001743365,0.1494653911086095,0.07752984850226638
acute_0_2h,fold_change,min_slope,72,10.080451268858694,0.07298752579828771,0.1419781868853337,0.09332831167649905
acute_0_2h,metabolism_per_area_mm2_measurement,initial_slope,72,9.032343987823452,0.10778099874704886,0.12721611250455567,0.13344314130587
full_0_18.75h,metabolism_per_area_mm2_measurement,initial_slope,72,9.032343987823452,0.10778099874704886,0.12721611250455567,0.13344314130587
full_0_18.75h,fold_change,min_slope,72,8.924039981777684,0.11213257524075555,0.12569070396869977,0.13666157607467083
acute_0_2h,metabolism_per_area_mm2_measurement,min_slope,72,8.429604261795987,0.13409481794960276,0.11872682058867587,0.16091378153952332
acute_0_2h,fold_change,time_to_min_slope,72,7.429209401709395,0.19062564256678646,0.10463675213675204,0.22361258942543155
full_0_18.75h,metabolism_per_area_mm2_measurement,min_slope,72,7.407153729071496,0.19207748066030658,0.10432610886016191,0.22361258942543155
acute_0_2h,fold_change,time_to_vmax,72,7.163461957706569,0.2087645320827063,0.10089383039023336,0.23599468844132013
acute_0_2h,metabolism_per_area_mm2_measurement,time_to_vmax,72,7.163461957706569,0.2087645320827063,0.10089383039023336,0.23599468844132013
full_0_18.75h,fold_change,time_to_min_slope,72,6.946145014888948,0.22467648469695756,0.09783302837871759,0.25035379723375273
full_0_18.75h,metabolism_per_area_mm2_measurement,time_to_min_slope,72,5.521647921897965,0.3555779466333193,0.07776968904081641,0.3906349272873086
acute_0_2h,metabolism_per_area_mm2_measurement,time_to_min_slope,72,5.447210274244121,0.36376919487102277,0.07672127146822705,0.39408329444360796
acute_0_2h,metabolism_per_area_mm2_measurement,auc_early,72,4.925799086757934,0.42500279836422583,0.06937745192616808,0.44639474440782556
full_0_18.75h,metabolism_per_area_mm2_measurement,auc_early,72,4.925799086757934,0.42500279836422583,0.06937745192616808,0.44639474440782556
full_0_18.75h,fold_change,time_to_vmax,72,4.8461085504881,0.4349487253204454,0.06825505000687464,0.44639474440782556
full_0_18.75h,metabolism_per_area_mm2_measurement,time_to_vmax,72,4.8461085504881,0.4349487253204454,0.06825505000687464,0.44639474440782556
acute_0_2h,metabolism_per_area_mm2_measurement,trough_value,72,2.6434550989345382,0.7547522041233757,0.03723176195682448,0.7547522041233757
full_0_18.75h,metabolism_per_area_mm2_measurement,trough_value,72,2.6434550989345382,0.7547522041233757,0.03723176195682448,0.7547522041233757
