individual_id,familly_id.group,timepoint_count,timepoint_hrs,alive.measurement,date,time,notes
184,1,0,0,TRUE,2026-04-27,11:30,
199,1,0,0,TRUE,2026-04-27,11:30,
207,1,0,0,TRUE,2026-04-27,11:30,
206,1,0,0,TRUE,2026-04-27,11:30,
205,1,0,0,TRUE,2026-04-27,11:30,
204,1,0,0,TRUE,2026-04-27,11:30,
203,1,0,0,TRUE,2026-04-27,11:30,
202,1,0,0,TRUE,2026-04-27,11:30,
201,1,0,0,TRUE,2026-04-27,11:30,
198,1,0,0,TRUE,2026-04-27,11:30,
192,1,0,0,TRUE,2026-04-27,11:30,
191,1,0,0,TRUE,2026-04-27,11:30,
194,1,0,0,TRUE,2026-04-27,11:30,
193,1,0,0,TRUE,2026-04-27,11:30,
196,1,0,0,TRUE,2026-04-27,11:30,
195,1,0,0,TRUE,2026-04-27,11:30,
197,1,0,0,TRUE,2026-04-27,11:30,
208,1,0,0,TRUE,2026-04-27,11:30,
209,1,0,0,TRUE,2026-04-27,11:30,
210,1,0,0,TRUE,2026-04-27,11:30,
190,10,0,0,TRUE,2026-04-27,11:30,
177,10,0,0,TRUE,2026-04-27,11:30,
183,10,0,0,TRUE,2026-04-27,11:30,
189,10,0,0,TRUE,2026-04-27,11:30,
180,10,0,0,TRUE,2026-04-27,11:30,
187,10,0,0,TRUE,2026-04-27,11:30,
176,10,0,0,TRUE,2026-04-27,11:30,
185,10,0,0,TRUE,2026-04-27,11:30,
181,10,0,0,TRUE,2026-04-27,11:30,
120,3,0,0,TRUE,2026-04-27,11:30,
103,3,0,0,TRUE,2026-04-27,11:30,
37,3,0,0,TRUE,2026-04-27,11:30,
58,3,0,0,TRUE,2026-04-27,11:30,
23,3,0,0,TRUE,2026-04-27,11:30,
65,3,0,0,TRUE,2026-04-27,11:30,
16,3,0,0,TRUE,2026-04-27,11:30,
109,3,0,0,TRUE,2026-04-27,11:30,
114,3,0,0,TRUE,2026-04-27,11:30,
66,3,0,0,TRUE,2026-04-27,11:30,
68,3,0,0,TRUE,2026-04-27,11:30,
151,3,0,0,TRUE,2026-04-27,11:30,
52,3,0,0,TRUE,2026-04-27,11:30,
150,3,0,0,TRUE,2026-04-27,11:30,
117,3,0,0,TRUE,2026-04-27,11:30,
49,3,0,0,TRUE,2026-04-27,11:30,
182,3,0,0,TRUE,2026-04-27,11:30,
186,3,0,0,TRUE,2026-04-27,11:30,
178,3,0,0,TRUE,2026-04-27,11:30,
179,3,0,0,TRUE,2026-04-27,11:30,
38,2,0,0,TRUE,2026-04-27,11:30,
89,2,0,0,TRUE,2026-04-27,11:30,
74,2,0,0,TRUE,2026-04-27,11:30,
116,2,0,0,TRUE,2026-04-27,11:30,
39,2,0,0,TRUE,2026-04-27,11:30,
144,2,0,0,TRUE,2026-04-27,11:30,
81,2,0,0,TRUE,2026-04-27,11:30,
107,2,0,0,TRUE,2026-04-27,11:30,
45,5,0,0,TRUE,2026-04-27,11:30,
46,5,0,0,TRUE,2026-04-27,11:30,
76,5,0,0,TRUE,2026-04-27,11:30,
47,5,0,0,TRUE,2026-04-27,11:30,
119,5,0,0,TRUE,2026-04-27,11:30,
36,5,0,0,TRUE,2026-04-27,11:30,
53,5,0,0,TRUE,2026-04-27,11:30,
28,5,0,0,TRUE,2026-04-27,11:30,
172,5,0,0,TRUE,2026-04-27,11:30,
160,5,0,0,TRUE,2026-04-27,11:30,
55,5,0,0,TRUE,2026-04-27,11:30,
102,5,0,0,TRUE,2026-04-27,11:30,
110,5,0,0,TRUE,2026-04-27,11:30,
175,5,0,0,TRUE,2026-04-27,11:30,
73,5,0,0,TRUE,2026-04-27,11:30,
77,5,0,0,TRUE,2026-04-27,11:30,
174,5,0,0,TRUE,2026-04-27,11:30,
131,5,0,0,TRUE,2026-04-27,11:30,
161,5,0,0,TRUE,2026-04-27,11:30,
41,5,0,0,TRUE,2026-04-27,11:30,
90,6,0,0,TRUE,2026-04-27,11:30,
88,6,0,0,TRUE,2026-04-27,11:30,
44,6,0,0,TRUE,2026-04-27,11:30,
1,6,0,0,TRUE,2026-04-27,11:30,
133,6,0,0,TRUE,2026-04-27,11:30,
13,6,0,0,TRUE,2026-04-27,11:30,
51,6,0,0,TRUE,2026-04-27,11:30,
132,6,0,0,TRUE,2026-04-27,11:30,
59,6,0,0,TRUE,2026-04-27,11:30,
70,7,0,0,TRUE,2026-04-27,11:30,
105,7,0,0,TRUE,2026-04-27,11:30,
48,7,0,0,TRUE,2026-04-27,11:30,
26,7,0,0,TRUE,2026-04-27,11:30,
147,7,0,0,TRUE,2026-04-27,11:30,
15,7,0,0,TRUE,2026-04-27,11:30,
35,7,0,0,TRUE,2026-04-27,11:30,
115,7,0,0,TRUE,2026-04-27,11:30,
29,7,0,0,TRUE,2026-04-27,11:30,
87,7,0,0,TRUE,2026-04-27,11:30,
57,7,0,0,TRUE,2026-04-27,11:30,
130,7,0,0,TRUE,2026-04-27,11:30,
60,7,0,0,TRUE,2026-04-27,11:30,
84,7,0,0,TRUE,2026-04-27,11:30,
113,7,0,0,TRUE,2026-04-27,11:30,
118,7,0,0,TRUE,2026-04-27,11:30,
79,7,0,0,TRUE,2026-04-27,11:30,
148,8,0,0,TRUE,2026-04-27,11:30,
149,8,0,0,TRUE,2026-04-27,11:30,
153,8,0,0,TRUE,2026-04-27,11:30,
142,8,0,0,TRUE,2026-04-27,11:30,
25,8,0,0,TRUE,2026-04-27,11:30,
24,8,0,0,TRUE,2026-04-27,11:30,
18,8,0,0,TRUE,2026-04-27,11:30,
72,8,0,0,TRUE,2026-04-27,11:30,
145,8,0,0,TRUE,2026-04-27,11:30,
141,8,0,0,TRUE,2026-04-27,11:30,
56,9,0,0,TRUE,2026-04-27,11:30,
19,9,0,0,TRUE,2026-04-27,11:30,
104,9,0,0,TRUE,2026-04-27,11:30,
112,9,0,0,TRUE,2026-04-27,11:30,
22,9,0,0,TRUE,2026-04-27,11:30,
106,9,0,0,TRUE,2026-04-27,11:30,
101,9,0,0,TRUE,2026-04-27,11:30,
14,9,0,0,TRUE,2026-04-27,11:30,
108,9,0,0,TRUE,2026-04-27,11:30,
146,9,0,0,TRUE,2026-04-27,11:30,
20,9,0,0,TRUE,2026-04-27,11:30,
143,9,0,0,TRUE,2026-04-27,11:30,
173,9,0,0,TRUE,2026-04-27,11:30,
43,9,0,0,TRUE,2026-04-27,11:30,
152,9,0,0,TRUE,2026-04-27,11:30,
184,1,1,3,TRUE,2026-04-27,14:30,
199,1,1,3,TRUE,2026-04-27,14:30,
207,1,1,3,TRUE,2026-04-27,14:30,
206,1,1,3,TRUE,2026-04-27,14:30,
205,1,1,3,TRUE,2026-04-27,14:30,
204,1,1,3,TRUE,2026-04-27,14:30,
203,1,1,3,TRUE,2026-04-27,14:30,
202,1,1,3,TRUE,2026-04-27,14:30,
201,1,1,3,TRUE,2026-04-27,14:30,
198,1,1,3,TRUE,2026-04-27,14:30,
192,1,1,3,TRUE,2026-04-27,14:30,
191,1,1,3,TRUE,2026-04-27,14:30,
194,1,1,3,TRUE,2026-04-27,14:30,
193,1,1,3,TRUE,2026-04-27,14:30,
196,1,1,3,TRUE,2026-04-27,14:30,
195,1,1,3,TRUE,2026-04-27,14:30,
197,1,1,3,TRUE,2026-04-27,14:30,
208,1,1,3,TRUE,2026-04-27,14:30,
209,1,1,3,TRUE,2026-04-27,14:30,
210,1,1,3,TRUE,2026-04-27,14:30,
190,10,1,3,TRUE,2026-04-27,14:30,
177,10,1,3,TRUE,2026-04-27,14:30,
183,10,1,3,TRUE,2026-04-27,14:30,
189,10,1,3,TRUE,2026-04-27,14:30,
180,10,1,3,TRUE,2026-04-27,14:30,
187,10,1,3,TRUE,2026-04-27,14:30,
176,10,1,3,TRUE,2026-04-27,14:30,
185,10,1,3,TRUE,2026-04-27,14:30,
181,10,1,3,TRUE,2026-04-27,14:30,
120,3,1,3,TRUE,2026-04-27,14:30,
103,3,1,3,TRUE,2026-04-27,14:30,
37,3,1,3,TRUE,2026-04-27,14:30,
58,3,1,3,TRUE,2026-04-27,14:30,
23,3,1,3,TRUE,2026-04-27,14:30,
65,3,1,3,TRUE,2026-04-27,14:30,
16,3,1,3,TRUE,2026-04-27,14:30,
109,3,1,3,TRUE,2026-04-27,14:30,
114,3,1,3,TRUE,2026-04-27,14:30,
66,3,1,3,TRUE,2026-04-27,14:30,
68,3,1,3,TRUE,2026-04-27,14:30,
151,3,1,3,TRUE,2026-04-27,14:30,
52,3,1,3,TRUE,2026-04-27,14:30,
150,3,1,3,TRUE,2026-04-27,14:30,
117,3,1,3,TRUE,2026-04-27,14:30,
49,3,1,3,TRUE,2026-04-27,14:30,
182,3,1,3,TRUE,2026-04-27,14:30,
186,3,1,3,TRUE,2026-04-27,14:30,
178,3,1,3,TRUE,2026-04-27,14:30,
179,3,1,3,TRUE,2026-04-27,14:30,
38,2,1,3,TRUE,2026-04-27,14:30,
89,2,1,3,TRUE,2026-04-27,14:30,
74,2,1,3,TRUE,2026-04-27,14:30,
116,2,1,3,TRUE,2026-04-27,14:30,
39,2,1,3,TRUE,2026-04-27,14:30,
144,2,1,3,TRUE,2026-04-27,14:30,
81,2,1,3,TRUE,2026-04-27,14:30,
107,2,1,3,TRUE,2026-04-27,14:30,
45,5,1,3,TRUE,2026-04-27,14:30,
46,5,1,3,TRUE,2026-04-27,14:30,
76,5,1,3,TRUE,2026-04-27,14:30,
47,5,1,3,TRUE,2026-04-27,14:30,
119,5,1,3,TRUE,2026-04-27,14:30,
36,5,1,3,TRUE,2026-04-27,14:30,
53,5,1,3,TRUE,2026-04-27,14:30,
28,5,1,3,TRUE,2026-04-27,14:30,
172,5,1,3,TRUE,2026-04-27,14:30,
160,5,1,3,TRUE,2026-04-27,14:30,
55,5,1,3,TRUE,2026-04-27,14:30,
102,5,1,3,TRUE,2026-04-27,14:30,
110,5,1,3,TRUE,2026-04-27,14:30,
175,5,1,3,TRUE,2026-04-27,14:30,
73,5,1,3,TRUE,2026-04-27,14:30,
77,5,1,3,TRUE,2026-04-27,14:30,
174,5,1,3,TRUE,2026-04-27,14:30,
131,5,1,3,TRUE,2026-04-27,14:30,
161,5,1,3,TRUE,2026-04-27,14:30,
41,5,1,3,TRUE,2026-04-27,14:30,
90,6,1,3,TRUE,2026-04-27,14:30,
88,6,1,3,TRUE,2026-04-27,14:30,
44,6,1,3,TRUE,2026-04-27,14:30,
1,6,1,3,TRUE,2026-04-27,14:30,
133,6,1,3,TRUE,2026-04-27,14:30,
13,6,1,3,TRUE,2026-04-27,14:30,
51,6,1,3,TRUE,2026-04-27,14:30,
132,6,1,3,TRUE,2026-04-27,14:30,
59,6,1,3,TRUE,2026-04-27,14:30,
70,7,1,3,TRUE,2026-04-27,14:30,
105,7,1,3,TRUE,2026-04-27,14:30,
48,7,1,3,TRUE,2026-04-27,14:30,
26,7,1,3,TRUE,2026-04-27,14:30,
147,7,1,3,TRUE,2026-04-27,14:30,
15,7,1,3,TRUE,2026-04-27,14:30,
35,7,1,3,TRUE,2026-04-27,14:30,
115,7,1,3,TRUE,2026-04-27,14:30,
29,7,1,3,TRUE,2026-04-27,14:30,
87,7,1,3,TRUE,2026-04-27,14:30,
57,7,1,3,TRUE,2026-04-27,14:30,
130,7,1,3,TRUE,2026-04-27,14:30,
60,7,1,3,TRUE,2026-04-27,14:30,
84,7,1,3,TRUE,2026-04-27,14:30,
113,7,1,3,TRUE,2026-04-27,14:30,
118,7,1,3,TRUE,2026-04-27,14:30,
79,7,1,3,TRUE,2026-04-27,14:30,
148,8,1,3,TRUE,2026-04-27,14:30,
149,8,1,3,TRUE,2026-04-27,14:30,
153,8,1,3,TRUE,2026-04-27,14:30,
142,8,1,3,TRUE,2026-04-27,14:30,
25,8,1,3,TRUE,2026-04-27,14:30,
24,8,1,3,TRUE,2026-04-27,14:30,
18,8,1,3,TRUE,2026-04-27,14:30,
72,8,1,3,TRUE,2026-04-27,14:30,
145,8,1,3,TRUE,2026-04-27,14:30,
141,8,1,3,TRUE,2026-04-27,14:30,
56,9,1,3,TRUE,2026-04-27,14:30,
19,9,1,3,TRUE,2026-04-27,14:30,
104,9,1,3,TRUE,2026-04-27,14:30,
112,9,1,3,TRUE,2026-04-27,14:30,
22,9,1,3,TRUE,2026-04-27,14:30,
106,9,1,3,TRUE,2026-04-27,14:30,
101,9,1,3,TRUE,2026-04-27,14:30,
14,9,1,3,TRUE,2026-04-27,14:30,
108,9,1,3,TRUE,2026-04-27,14:30,
146,9,1,3,TRUE,2026-04-27,14:30,
20,9,1,3,TRUE,2026-04-27,14:30,
143,9,1,3,TRUE,2026-04-27,14:30,
173,9,1,3,TRUE,2026-04-27,14:30,
43,9,1,3,TRUE,2026-04-27,14:30,
152,9,1,3,TRUE,2026-04-27,14:30,
184,1,2,5.75,TRUE,2026-04-27,17:15,
199,1,2,5.75,TRUE,2026-04-27,17:15,
207,1,2,5.75,TRUE,2026-04-27,17:15,
206,1,2,5.75,TRUE,2026-04-27,17:15,
205,1,2,5.75,TRUE,2026-04-27,17:15,
204,1,2,5.75,TRUE,2026-04-27,17:15,
203,1,2,5.75,TRUE,2026-04-27,17:15,
202,1,2,5.75,TRUE,2026-04-27,17:15,
201,1,2,5.75,TRUE,2026-04-27,17:15,
198,1,2,5.75,TRUE,2026-04-27,17:15,
192,1,2,5.75,TRUE,2026-04-27,17:15,
191,1,2,5.75,TRUE,2026-04-27,17:15,
194,1,2,5.75,TRUE,2026-04-27,17:15,
193,1,2,5.75,TRUE,2026-04-27,17:15,
196,1,2,5.75,TRUE,2026-04-27,17:15,
195,1,2,5.75,TRUE,2026-04-27,17:15,
197,1,2,5.75,TRUE,2026-04-27,17:15,
208,1,2,5.75,TRUE,2026-04-27,17:15,
209,1,2,5.75,TRUE,2026-04-27,17:15,
210,1,2,5.75,TRUE,2026-04-27,17:15,
190,10,2,5.75,TRUE,2026-04-27,17:15,
177,10,2,5.75,TRUE,2026-04-27,17:15,
183,10,2,5.75,TRUE,2026-04-27,17:15,
189,10,2,5.75,TRUE,2026-04-27,17:15,
180,10,2,5.75,TRUE,2026-04-27,17:15,
187,10,2,5.75,TRUE,2026-04-27,17:15,
176,10,2,5.75,TRUE,2026-04-27,17:15,
185,10,2,5.75,TRUE,2026-04-27,17:15,
181,10,2,5.75,TRUE,2026-04-27,17:15,
120,3,2,5.75,TRUE,2026-04-27,17:15,
103,3,2,5.75,TRUE,2026-04-27,17:15,
37,3,2,5.75,TRUE,2026-04-27,17:15,
58,3,2,5.75,TRUE,2026-04-27,17:15,
23,3,2,5.75,TRUE,2026-04-27,17:15,
65,3,2,5.75,TRUE,2026-04-27,17:15,
16,3,2,5.75,TRUE,2026-04-27,17:15,
109,3,2,5.75,TRUE,2026-04-27,17:15,
114,3,2,5.75,TRUE,2026-04-27,17:15,
66,3,2,5.75,TRUE,2026-04-27,17:15,
68,3,2,5.75,TRUE,2026-04-27,17:15,
151,3,2,5.75,TRUE,2026-04-27,17:15,
52,3,2,5.75,TRUE,2026-04-27,17:15,
150,3,2,5.75,TRUE,2026-04-27,17:15,
117,3,2,5.75,TRUE,2026-04-27,17:15,
49,3,2,5.75,TRUE,2026-04-27,17:15,
182,3,2,5.75,TRUE,2026-04-27,17:15,
186,3,2,5.75,TRUE,2026-04-27,17:15,
178,3,2,5.75,TRUE,2026-04-27,17:15,
179,3,2,5.75,TRUE,2026-04-27,17:15,
38,2,2,5.75,TRUE,2026-04-27,17:15,
89,2,2,5.75,TRUE,2026-04-27,17:15,
74,2,2,5.75,TRUE,2026-04-27,17:15,
116,2,2,5.75,TRUE,2026-04-27,17:15,
39,2,2,5.75,TRUE,2026-04-27,17:15,
144,2,2,5.75,TRUE,2026-04-27,17:15,
81,2,2,5.75,TRUE,2026-04-27,17:15,
107,2,2,5.75,TRUE,2026-04-27,17:15,
45,5,2,5.75,TRUE,2026-04-27,17:15,
46,5,2,5.75,TRUE,2026-04-27,17:15,
76,5,2,5.75,TRUE,2026-04-27,17:15,
47,5,2,5.75,TRUE,2026-04-27,17:15,
119,5,2,5.75,TRUE,2026-04-27,17:15,
36,5,2,5.75,TRUE,2026-04-27,17:15,
53,5,2,5.75,TRUE,2026-04-27,17:15,
28,5,2,5.75,TRUE,2026-04-27,17:15,
172,5,2,5.75,TRUE,2026-04-27,17:15,
160,5,2,5.75,TRUE,2026-04-27,17:15,
55,5,2,5.75,TRUE,2026-04-27,17:15,
102,5,2,5.75,TRUE,2026-04-27,17:15,
110,5,2,5.75,TRUE,2026-04-27,17:15,
175,5,2,5.75,TRUE,2026-04-27,17:15,
73,5,2,5.75,TRUE,2026-04-27,17:15,
77,5,2,5.75,TRUE,2026-04-27,17:15,
174,5,2,5.75,TRUE,2026-04-27,17:15,
131,5,2,5.75,TRUE,2026-04-27,17:15,
161,5,2,5.75,TRUE,2026-04-27,17:15,
41,5,2,5.75,TRUE,2026-04-27,17:15,
90,6,2,5.75,TRUE,2026-04-27,17:15,
88,6,2,5.75,TRUE,2026-04-27,17:15,
44,6,2,5.75,TRUE,2026-04-27,17:15,
1,6,2,5.75,TRUE,2026-04-27,17:15,
133,6,2,5.75,TRUE,2026-04-27,17:15,
13,6,2,5.75,TRUE,2026-04-27,17:15,
51,6,2,5.75,TRUE,2026-04-27,17:15,
132,6,2,5.75,TRUE,2026-04-27,17:15,
59,6,2,5.75,TRUE,2026-04-27,17:15,
70,7,2,5.75,TRUE,2026-04-27,17:15,
105,7,2,5.75,TRUE,2026-04-27,17:15,
48,7,2,5.75,TRUE,2026-04-27,17:15,
26,7,2,5.75,TRUE,2026-04-27,17:15,
147,7,2,5.75,TRUE,2026-04-27,17:15,
15,7,2,5.75,TRUE,2026-04-27,17:15,
35,7,2,5.75,TRUE,2026-04-27,17:15,
115,7,2,5.75,TRUE,2026-04-27,17:15,
29,7,2,5.75,TRUE,2026-04-27,17:15,
87,7,2,5.75,TRUE,2026-04-27,17:15,
57,7,2,5.75,TRUE,2026-04-27,17:15,
130,7,2,5.75,TRUE,2026-04-27,17:15,
60,7,2,5.75,TRUE,2026-04-27,17:15,
84,7,2,5.75,TRUE,2026-04-27,17:15,
113,7,2,5.75,TRUE,2026-04-27,17:15,
118,7,2,5.75,TRUE,2026-04-27,17:15,
79,7,2,5.75,TRUE,2026-04-27,17:15,
148,8,2,5.75,TRUE,2026-04-27,17:15,
149,8,2,5.75,TRUE,2026-04-27,17:15,
153,8,2,5.75,TRUE,2026-04-27,17:15,
142,8,2,5.75,TRUE,2026-04-27,17:15,
25,8,2,5.75,TRUE,2026-04-27,17:15,
24,8,2,5.75,TRUE,2026-04-27,17:15,
18,8,2,5.75,TRUE,2026-04-27,17:15,
72,8,2,5.75,TRUE,2026-04-27,17:15,
145,8,2,5.75,TRUE,2026-04-27,17:15,
141,8,2,5.75,TRUE,2026-04-27,17:15,
56,9,2,5.75,TRUE,2026-04-27,17:15,
19,9,2,5.75,TRUE,2026-04-27,17:15,
104,9,2,5.75,TRUE,2026-04-27,17:15,
112,9,2,5.75,TRUE,2026-04-27,17:15,
22,9,2,5.75,TRUE,2026-04-27,17:15,
106,9,2,5.75,TRUE,2026-04-27,17:15,
101,9,2,5.75,TRUE,2026-04-27,17:15,
14,9,2,5.75,TRUE,2026-04-27,17:15,
108,9,2,5.75,TRUE,2026-04-27,17:15,
146,9,2,5.75,TRUE,2026-04-27,17:15,
20,9,2,5.75,TRUE,2026-04-27,17:15,
143,9,2,5.75,TRUE,2026-04-27,17:15,
173,9,2,5.75,TRUE,2026-04-27,17:15,
43,9,2,5.75,TRUE,2026-04-27,17:15,
152,9,2,5.75,TRUE,2026-04-27,17:15,
184,1,3,20,TRUE,2026-04-28,07:30,
199,1,3,20,TRUE,2026-04-28,07:30,
207,1,3,20,TRUE,2026-04-28,07:30,
206,1,3,20,TRUE,2026-04-28,07:30,
205,1,3,20,TRUE,2026-04-28,07:30,
204,1,3,20,TRUE,2026-04-28,07:30,
203,1,3,20,TRUE,2026-04-28,07:30,
202,1,3,20,TRUE,2026-04-28,07:30,
201,1,3,20,FALSE,2026-04-28,07:30,
198,1,3,20,TRUE,2026-04-28,07:30,
192,1,3,20,TRUE,2026-04-28,07:30,
191,1,3,20,TRUE,2026-04-28,07:30,
194,1,3,20,TRUE,2026-04-28,07:30,
193,1,3,20,TRUE,2026-04-28,07:30,
196,1,3,20,TRUE,2026-04-28,07:30,
195,1,3,20,TRUE,2026-04-28,07:30,
197,1,3,20,TRUE,2026-04-28,07:30,
208,1,3,20,TRUE,2026-04-28,07:30,
209,1,3,20,TRUE,2026-04-28,07:30,
210,1,3,20,TRUE,2026-04-28,07:30,
190,10,3,20,TRUE,2026-04-28,07:30,
177,10,3,20,TRUE,2026-04-28,07:30,
183,10,3,20,TRUE,2026-04-28,07:30,
189,10,3,20,TRUE,2026-04-28,07:30,
180,10,3,20,TRUE,2026-04-28,07:30,
187,10,3,20,TRUE,2026-04-28,07:30,
176,10,3,20,TRUE,2026-04-28,07:30,
185,10,3,20,TRUE,2026-04-28,07:30,
181,10,3,20,TRUE,2026-04-28,07:30,
120,3,3,20,TRUE,2026-04-28,07:30,
103,3,3,20,TRUE,2026-04-28,07:30,
37,3,3,20,TRUE,2026-04-28,07:30,
58,3,3,20,TRUE,2026-04-28,07:30,
23,3,3,20,TRUE,2026-04-28,07:30,
65,3,3,20,TRUE,2026-04-28,07:30,
16,3,3,20,TRUE,2026-04-28,07:30,
109,3,3,20,TRUE,2026-04-28,07:30,
114,3,3,20,TRUE,2026-04-28,07:30,
66,3,3,20,TRUE,2026-04-28,07:30,
68,3,3,20,TRUE,2026-04-28,07:30,
151,3,3,20,TRUE,2026-04-28,07:30,
52,3,3,20,TRUE,2026-04-28,07:30,
150,3,3,20,TRUE,2026-04-28,07:30,
117,3,3,20,TRUE,2026-04-28,07:30,
49,3,3,20,TRUE,2026-04-28,07:30,
182,3,3,20,TRUE,2026-04-28,07:30,
186,3,3,20,TRUE,2026-04-28,07:30,
178,3,3,20,TRUE,2026-04-28,07:30,
179,3,3,20,TRUE,2026-04-28,07:30,
38,2,3,20,TRUE,2026-04-28,07:30,
89,2,3,20,TRUE,2026-04-28,07:30,
74,2,3,20,TRUE,2026-04-28,07:30,
116,2,3,20,TRUE,2026-04-28,07:30,
39,2,3,20,TRUE,2026-04-28,07:30,
144,2,3,20,TRUE,2026-04-28,07:30,
81,2,3,20,TRUE,2026-04-28,07:30,
107,2,3,20,TRUE,2026-04-28,07:30,
45,5,3,20,TRUE,2026-04-28,07:30,
46,5,3,20,TRUE,2026-04-28,07:30,
76,5,3,20,TRUE,2026-04-28,07:30,
47,5,3,20,TRUE,2026-04-28,07:30,
119,5,3,20,TRUE,2026-04-28,07:30,
36,5,3,20,TRUE,2026-04-28,07:30,
53,5,3,20,TRUE,2026-04-28,07:30,
28,5,3,20,TRUE,2026-04-28,07:30,
172,5,3,20,TRUE,2026-04-28,07:30,
160,5,3,20,TRUE,2026-04-28,07:30,
55,5,3,20,TRUE,2026-04-28,07:30,
102,5,3,20,TRUE,2026-04-28,07:30,
110,5,3,20,TRUE,2026-04-28,07:30,
175,5,3,20,TRUE,2026-04-28,07:30,"Incorrectly identified as dead ??"" left at RT until next TP"
73,5,3,20,TRUE,2026-04-28,07:30,
77,5,3,20,TRUE,2026-04-28,07:30,
174,5,3,20,TRUE,2026-04-28,07:30,
131,5,3,20,TRUE,2026-04-28,07:30,
161,5,3,20,TRUE,2026-04-28,07:30,
41,5,3,20,TRUE,2026-04-28,07:30,
90,6,3,20,TRUE,2026-04-28,07:30,
88,6,3,20,FALSE,2026-04-28,07:30,
44,6,3,20,TRUE,2026-04-28,07:30,
1,6,3,20,TRUE,2026-04-28,07:30,
133,6,3,20,TRUE,2026-04-28,07:30,
13,6,3,20,TRUE,2026-04-28,07:30,
51,6,3,20,TRUE,2026-04-28,07:30,
132,6,3,20,TRUE,2026-04-28,07:30,
59,6,3,20,TRUE,2026-04-28,07:30,
70,7,3,20,TRUE,2026-04-28,07:30,
105,7,3,20,TRUE,2026-04-28,07:30,
48,7,3,20,TRUE,2026-04-28,07:30,
26,7,3,20,TRUE,2026-04-28,07:30,
147,7,3,20,TRUE,2026-04-28,07:30,
15,7,3,20,TRUE,2026-04-28,07:30,
35,7,3,20,TRUE,2026-04-28,07:30,
115,7,3,20,TRUE,2026-04-28,07:30,
29,7,3,20,TRUE,2026-04-28,07:30,
87,7,3,20,TRUE,2026-04-28,07:30,
57,7,3,20,TRUE,2026-04-28,07:30,
130,7,3,20,TRUE,2026-04-28,07:30,
60,7,3,20,TRUE,2026-04-28,07:30,
84,7,3,20,TRUE,2026-04-28,07:30,
113,7,3,20,TRUE,2026-04-28,07:30,
118,7,3,20,TRUE,2026-04-28,07:30,
79,7,3,20,TRUE,2026-04-28,07:30,
148,8,3,20,TRUE,2026-04-28,07:30,
149,8,3,20,TRUE,2026-04-28,07:30,
153,8,3,20,TRUE,2026-04-28,07:30,
142,8,3,20,TRUE,2026-04-28,07:30,
25,8,3,20,TRUE,2026-04-28,07:30,
24,8,3,20,TRUE,2026-04-28,07:30,
18,8,3,20,TRUE,2026-04-28,07:30,
72,8,3,20,TRUE,2026-04-28,07:30,
145,8,3,20,TRUE,2026-04-28,07:30,
141,8,3,20,TRUE,2026-04-28,07:30,
56,9,3,20,TRUE,2026-04-28,07:30,
19,9,3,20,TRUE,2026-04-28,07:30,
104,9,3,20,TRUE,2026-04-28,07:30,
112,9,3,20,TRUE,2026-04-28,07:30,
22,9,3,20,TRUE,2026-04-28,07:30,
106,9,3,20,TRUE,2026-04-28,07:30,
101,9,3,20,TRUE,2026-04-28,07:30,
14,9,3,20,TRUE,2026-04-28,07:30,
108,9,3,20,TRUE,2026-04-28,07:30,
146,9,3,20,TRUE,2026-04-28,07:30,
20,9,3,20,TRUE,2026-04-28,07:30,
143,9,3,20,TRUE,2026-04-28,07:30,
173,9,3,20,TRUE,2026-04-28,07:30,
43,9,3,20,TRUE,2026-04-28,07:30,
152,9,3,20,TRUE,2026-04-28,07:30,
184,1,4,22,TRUE,2026-04-28,09:30,
199,1,4,22,TRUE,2026-04-28,09:30,
207,1,4,22,TRUE,2026-04-28,09:30,
206,1,4,22,TRUE,2026-04-28,09:30,
205,1,4,22,TRUE,2026-04-28,09:30,
204,1,4,22,TRUE,2026-04-28,09:30,
203,1,4,22,TRUE,2026-04-28,09:30,
202,1,4,22,TRUE,2026-04-28,09:30,
201,1,4,22,FALSE,2026-04-28,09:30,
198,1,4,22,TRUE,2026-04-28,09:30,
192,1,4,22,TRUE,2026-04-28,09:30,
191,1,4,22,TRUE,2026-04-28,09:30,
194,1,4,22,TRUE,2026-04-28,09:30,
193,1,4,22,TRUE,2026-04-28,09:30,
196,1,4,22,TRUE,2026-04-28,09:30,
195,1,4,22,TRUE,2026-04-28,09:30,
197,1,4,22,TRUE,2026-04-28,09:30,
208,1,4,22,TRUE,2026-04-28,09:30,
209,1,4,22,TRUE,2026-04-28,09:30,
210,1,4,22,TRUE,2026-04-28,09:30,
190,10,4,22,TRUE,2026-04-28,09:30,
177,10,4,22,TRUE,2026-04-28,09:30,
183,10,4,22,TRUE,2026-04-28,09:30,
189,10,4,22,TRUE,2026-04-28,09:30,
180,10,4,22,TRUE,2026-04-28,09:30,
187,10,4,22,TRUE,2026-04-28,09:30,
176,10,4,22,TRUE,2026-04-28,09:30,
185,10,4,22,TRUE,2026-04-28,09:30,
181,10,4,22,TRUE,2026-04-28,09:30,
120,3,4,22,TRUE,2026-04-28,09:30,
103,3,4,22,TRUE,2026-04-28,09:30,
37,3,4,22,TRUE,2026-04-28,09:30,
58,3,4,22,TRUE,2026-04-28,09:30,
23,3,4,22,TRUE,2026-04-28,09:30,
65,3,4,22,TRUE,2026-04-28,09:30,
16,3,4,22,TRUE,2026-04-28,09:30,
109,3,4,22,TRUE,2026-04-28,09:30,
114,3,4,22,TRUE,2026-04-28,09:30,
66,3,4,22,TRUE,2026-04-28,09:30,
68,3,4,22,TRUE,2026-04-28,09:30,
151,3,4,22,TRUE,2026-04-28,09:30,
52,3,4,22,TRUE,2026-04-28,09:30,
150,3,4,22,TRUE,2026-04-28,09:30,
117,3,4,22,TRUE,2026-04-28,09:30,
49,3,4,22,TRUE,2026-04-28,09:30,
182,3,4,22,TRUE,2026-04-28,09:30,
186,3,4,22,TRUE,2026-04-28,09:30,
178,3,4,22,TRUE,2026-04-28,09:30,
179,3,4,22,TRUE,2026-04-28,09:30,
38,2,4,22,TRUE,2026-04-28,09:30,
89,2,4,22,TRUE,2026-04-28,09:30,
74,2,4,22,TRUE,2026-04-28,09:30,
116,2,4,22,TRUE,2026-04-28,09:30,
39,2,4,22,TRUE,2026-04-28,09:30,
144,2,4,22,TRUE,2026-04-28,09:30,
81,2,4,22,TRUE,2026-04-28,09:30,
107,2,4,22,TRUE,2026-04-28,09:30,
45,5,4,22,TRUE,2026-04-28,09:30,
46,5,4,22,TRUE,2026-04-28,09:30,
76,5,4,22,TRUE,2026-04-28,09:30,
47,5,4,22,TRUE,2026-04-28,09:30,
119,5,4,22,TRUE,2026-04-28,09:30,
36,5,4,22,TRUE,2026-04-28,09:30,
53,5,4,22,TRUE,2026-04-28,09:30,
28,5,4,22,TRUE,2026-04-28,09:30,
172,5,4,22,TRUE,2026-04-28,09:30,
160,5,4,22,TRUE,2026-04-28,09:30,
55,5,4,22,TRUE,2026-04-28,09:30,
102,5,4,22,TRUE,2026-04-28,09:30,
110,5,4,22,TRUE,2026-04-28,09:30,
175,5,4,22,TRUE,2026-04-28,09:30,
73,5,4,22,TRUE,2026-04-28,09:30,
77,5,4,22,TRUE,2026-04-28,09:30,
174,5,4,22,TRUE,2026-04-28,09:30,
131,5,4,22,TRUE,2026-04-28,09:30,
161,5,4,22,TRUE,2026-04-28,09:30,
41,5,4,22,TRUE,2026-04-28,09:30,
90,6,4,22,TRUE,2026-04-28,09:30,
88,6,4,22,FALSE,2026-04-28,09:30,
44,6,4,22,TRUE,2026-04-28,09:30,
1,6,4,22,TRUE,2026-04-28,09:30,
133,6,4,22,TRUE,2026-04-28,09:30,
13,6,4,22,TRUE,2026-04-28,09:30,
51,6,4,22,TRUE,2026-04-28,09:30,
132,6,4,22,TRUE,2026-04-28,09:30,
59,6,4,22,TRUE,2026-04-28,09:30,
70,7,4,22,TRUE,2026-04-28,09:30,
105,7,4,22,TRUE,2026-04-28,09:30,
48,7,4,22,TRUE,2026-04-28,09:30,
26,7,4,22,TRUE,2026-04-28,09:30,
147,7,4,22,TRUE,2026-04-28,09:30,
15,7,4,22,TRUE,2026-04-28,09:30,
35,7,4,22,TRUE,2026-04-28,09:30,
115,7,4,22,TRUE,2026-04-28,09:30,
29,7,4,22,TRUE,2026-04-28,09:30,
87,7,4,22,TRUE,2026-04-28,09:30,
57,7,4,22,TRUE,2026-04-28,09:30,
130,7,4,22,TRUE,2026-04-28,09:30,
60,7,4,22,TRUE,2026-04-28,09:30,
84,7,4,22,TRUE,2026-04-28,09:30,
113,7,4,22,TRUE,2026-04-28,09:30,
118,7,4,22,TRUE,2026-04-28,09:30,
79,7,4,22,TRUE,2026-04-28,09:30,
148,8,4,22,TRUE,2026-04-28,09:30,
149,8,4,22,TRUE,2026-04-28,09:30,
153,8,4,22,TRUE,2026-04-28,09:30,
142,8,4,22,TRUE,2026-04-28,09:30,
25,8,4,22,TRUE,2026-04-28,09:30,
24,8,4,22,TRUE,2026-04-28,09:30,
18,8,4,22,TRUE,2026-04-28,09:30,
72,8,4,22,TRUE,2026-04-28,09:30,
145,8,4,22,TRUE,2026-04-28,09:30,
141,8,4,22,TRUE,2026-04-28,09:30,
56,9,4,22,TRUE,2026-04-28,09:30,
19,9,4,22,TRUE,2026-04-28,09:30,
104,9,4,22,TRUE,2026-04-28,09:30,
112,9,4,22,TRUE,2026-04-28,09:30,
22,9,4,22,TRUE,2026-04-28,09:30,
106,9,4,22,TRUE,2026-04-28,09:30,
101,9,4,22,TRUE,2026-04-28,09:30,
14,9,4,22,TRUE,2026-04-28,09:30,
108,9,4,22,TRUE,2026-04-28,09:30,
146,9,4,22,TRUE,2026-04-28,09:30,
20,9,4,22,TRUE,2026-04-28,09:30,
143,9,4,22,TRUE,2026-04-28,09:30,
173,9,4,22,TRUE,2026-04-28,09:30,
43,9,4,22,TRUE,2026-04-28,09:30,
152,9,4,22,TRUE,2026-04-28,09:30,
184,1,5,24,TRUE,2026-04-28,11:30,
199,1,5,24,TRUE,2026-04-28,11:30,
207,1,5,24,TRUE,2026-04-28,11:30,
206,1,5,24,TRUE,2026-04-28,11:30,
205,1,5,24,TRUE,2026-04-28,11:30,
204,1,5,24,TRUE,2026-04-28,11:30,
203,1,5,24,TRUE,2026-04-28,11:30,
202,1,5,24,TRUE,2026-04-28,11:30,
201,1,5,24,FALSE,2026-04-28,11:30,
198,1,5,24,TRUE,2026-04-28,11:30,
192,1,5,24,TRUE,2026-04-28,11:30,
191,1,5,24,TRUE,2026-04-28,11:30,
194,1,5,24,TRUE,2026-04-28,11:30,
193,1,5,24,TRUE,2026-04-28,11:30,
196,1,5,24,TRUE,2026-04-28,11:30,
195,1,5,24,TRUE,2026-04-28,11:30,
197,1,5,24,TRUE,2026-04-28,11:30,
208,1,5,24,TRUE,2026-04-28,11:30,
209,1,5,24,TRUE,2026-04-28,11:30,
210,1,5,24,TRUE,2026-04-28,11:30,
190,10,5,24,TRUE,2026-04-28,11:30,
177,10,5,24,TRUE,2026-04-28,11:30,
183,10,5,24,TRUE,2026-04-28,11:30,
189,10,5,24,TRUE,2026-04-28,11:30,
180,10,5,24,TRUE,2026-04-28,11:30,
187,10,5,24,TRUE,2026-04-28,11:30,
176,10,5,24,TRUE,2026-04-28,11:30,
185,10,5,24,TRUE,2026-04-28,11:30,
181,10,5,24,TRUE,2026-04-28,11:30,
120,3,5,24,TRUE,2026-04-28,11:30,
103,3,5,24,TRUE,2026-04-28,11:30,
37,3,5,24,TRUE,2026-04-28,11:30,
58,3,5,24,TRUE,2026-04-28,11:30,
23,3,5,24,TRUE,2026-04-28,11:30,
65,3,5,24,TRUE,2026-04-28,11:30,
16,3,5,24,TRUE,2026-04-28,11:30,
109,3,5,24,TRUE,2026-04-28,11:30,
114,3,5,24,TRUE,2026-04-28,11:30,
66,3,5,24,TRUE,2026-04-28,11:30,
68,3,5,24,TRUE,2026-04-28,11:30,
151,3,5,24,TRUE,2026-04-28,11:30,
52,3,5,24,TRUE,2026-04-28,11:30,
150,3,5,24,TRUE,2026-04-28,11:30,
117,3,5,24,TRUE,2026-04-28,11:30,
49,3,5,24,TRUE,2026-04-28,11:30,
182,3,5,24,TRUE,2026-04-28,11:30,
186,3,5,24,TRUE,2026-04-28,11:30,
178,3,5,24,TRUE,2026-04-28,11:30,
179,3,5,24,TRUE,2026-04-28,11:30,
38,2,5,24,TRUE,2026-04-28,11:30,
89,2,5,24,TRUE,2026-04-28,11:30,
74,2,5,24,TRUE,2026-04-28,11:30,
116,2,5,24,TRUE,2026-04-28,11:30,
39,2,5,24,TRUE,2026-04-28,11:30,
144,2,5,24,TRUE,2026-04-28,11:30,
81,2,5,24,TRUE,2026-04-28,11:30,
107,2,5,24,TRUE,2026-04-28,11:30,
45,5,5,24,TRUE,2026-04-28,11:30,
46,5,5,24,TRUE,2026-04-28,11:30,
76,5,5,24,TRUE,2026-04-28,11:30,
47,5,5,24,TRUE,2026-04-28,11:30,
119,5,5,24,TRUE,2026-04-28,11:30,
36,5,5,24,TRUE,2026-04-28,11:30,
53,5,5,24,TRUE,2026-04-28,11:30,
28,5,5,24,TRUE,2026-04-28,11:30,
172,5,5,24,TRUE,2026-04-28,11:30,
160,5,5,24,TRUE,2026-04-28,11:30,
55,5,5,24,TRUE,2026-04-28,11:30,
102,5,5,24,TRUE,2026-04-28,11:30,
110,5,5,24,TRUE,2026-04-28,11:30,
175,5,5,24,TRUE,2026-04-28,11:30,
73,5,5,24,TRUE,2026-04-28,11:30,
77,5,5,24,TRUE,2026-04-28,11:30,
174,5,5,24,TRUE,2026-04-28,11:30,
131,5,5,24,TRUE,2026-04-28,11:30,
161,5,5,24,TRUE,2026-04-28,11:30,
41,5,5,24,TRUE,2026-04-28,11:30,
90,6,5,24,TRUE,2026-04-28,11:30,
88,6,5,24,FALSE,2026-04-28,11:30,
44,6,5,24,TRUE,2026-04-28,11:30,
1,6,5,24,TRUE,2026-04-28,11:30,
133,6,5,24,TRUE,2026-04-28,11:30,
13,6,5,24,FALSE,2026-04-28,11:30,
51,6,5,24,TRUE,2026-04-28,11:30,
132,6,5,24,TRUE,2026-04-28,11:30,
59,6,5,24,TRUE,2026-04-28,11:30,
70,7,5,24,TRUE,2026-04-28,11:30,
105,7,5,24,TRUE,2026-04-28,11:30,
48,7,5,24,TRUE,2026-04-28,11:30,
26,7,5,24,TRUE,2026-04-28,11:30,
147,7,5,24,TRUE,2026-04-28,11:30,
15,7,5,24,TRUE,2026-04-28,11:30,
35,7,5,24,TRUE,2026-04-28,11:30,
115,7,5,24,TRUE,2026-04-28,11:30,
29,7,5,24,TRUE,2026-04-28,11:30,
87,7,5,24,TRUE,2026-04-28,11:30,
57,7,5,24,TRUE,2026-04-28,11:30,
130,7,5,24,TRUE,2026-04-28,11:30,
60,7,5,24,TRUE,2026-04-28,11:30,
84,7,5,24,TRUE,2026-04-28,11:30,
113,7,5,24,TRUE,2026-04-28,11:30,
118,7,5,24,TRUE,2026-04-28,11:30,
79,7,5,24,TRUE,2026-04-28,11:30,
148,8,5,24,TRUE,2026-04-28,11:30,
149,8,5,24,TRUE,2026-04-28,11:30,
153,8,5,24,TRUE,2026-04-28,11:30,
142,8,5,24,TRUE,2026-04-28,11:30,
25,8,5,24,TRUE,2026-04-28,11:30,
24,8,5,24,TRUE,2026-04-28,11:30,
18,8,5,24,TRUE,2026-04-28,11:30,
72,8,5,24,TRUE,2026-04-28,11:30,
145,8,5,24,TRUE,2026-04-28,11:30,
141,8,5,24,TRUE,2026-04-28,11:30,
56,9,5,24,TRUE,2026-04-28,11:30,
19,9,5,24,TRUE,2026-04-28,11:30,
104,9,5,24,TRUE,2026-04-28,11:30,
112,9,5,24,TRUE,2026-04-28,11:30,
22,9,5,24,TRUE,2026-04-28,11:30,
106,9,5,24,TRUE,2026-04-28,11:30,
101,9,5,24,TRUE,2026-04-28,11:30,
14,9,5,24,TRUE,2026-04-28,11:30,
108,9,5,24,TRUE,2026-04-28,11:30,
146,9,5,24,TRUE,2026-04-28,11:30,
20,9,5,24,TRUE,2026-04-28,11:30,
143,9,5,24,TRUE,2026-04-28,11:30,
173,9,5,24,TRUE,2026-04-28,11:30,
43,9,5,24,TRUE,2026-04-28,11:30,
152,9,5,24,TRUE,2026-04-28,11:30,
184,1,6,27,TRUE,2026-04-28,14:30,
199,1,6,27,TRUE,2026-04-28,14:30,
207,1,6,27,TRUE,2026-04-28,14:30,
206,1,6,27,TRUE,2026-04-28,14:30,
205,1,6,27,TRUE,2026-04-28,14:30,
204,1,6,27,TRUE,2026-04-28,14:30,
203,1,6,27,TRUE,2026-04-28,14:30,
202,1,6,27,TRUE,2026-04-28,14:30,
201,1,6,27,FALSE,2026-04-28,14:30,
198,1,6,27,TRUE,2026-04-28,14:30,
192,1,6,27,TRUE,2026-04-28,14:30,
191,1,6,27,TRUE,2026-04-28,14:30,
194,1,6,27,TRUE,2026-04-28,14:30,
193,1,6,27,TRUE,2026-04-28,14:30,
196,1,6,27,TRUE,2026-04-28,14:30,
195,1,6,27,TRUE,2026-04-28,14:30,
197,1,6,27,TRUE,2026-04-28,14:30,
208,1,6,27,TRUE,2026-04-28,14:30,
209,1,6,27,TRUE,2026-04-28,14:30,
210,1,6,27,TRUE,2026-04-28,14:30,
190,10,6,27,TRUE,2026-04-28,14:30,
177,10,6,27,TRUE,2026-04-28,14:30,
183,10,6,27,TRUE,2026-04-28,14:30,
189,10,6,27,TRUE,2026-04-28,14:30,
180,10,6,27,TRUE,2026-04-28,14:30,
187,10,6,27,TRUE,2026-04-28,14:30,
176,10,6,27,TRUE,2026-04-28,14:30,
185,10,6,27,TRUE,2026-04-28,14:30,
181,10,6,27,TRUE,2026-04-28,14:30,
120,3,6,27,TRUE,2026-04-28,14:30,
103,3,6,27,TRUE,2026-04-28,14:30,
37,3,6,27,TRUE,2026-04-28,14:30,
58,3,6,27,TRUE,2026-04-28,14:30,
23,3,6,27,TRUE,2026-04-28,14:30,
65,3,6,27,TRUE,2026-04-28,14:30,
16,3,6,27,TRUE,2026-04-28,14:30,
109,3,6,27,TRUE,2026-04-28,14:30,
114,3,6,27,TRUE,2026-04-28,14:30,
66,3,6,27,TRUE,2026-04-28,14:30,
68,3,6,27,TRUE,2026-04-28,14:30,
151,3,6,27,TRUE,2026-04-28,14:30,
52,3,6,27,TRUE,2026-04-28,14:30,
150,3,6,27,TRUE,2026-04-28,14:30,
117,3,6,27,TRUE,2026-04-28,14:30,
49,3,6,27,TRUE,2026-04-28,14:30,
182,3,6,27,TRUE,2026-04-28,14:30,
186,3,6,27,TRUE,2026-04-28,14:30,
178,3,6,27,TRUE,2026-04-28,14:30,
179,3,6,27,TRUE,2026-04-28,14:30,
38,2,6,27,TRUE,2026-04-28,14:30,
89,2,6,27,TRUE,2026-04-28,14:30,
74,2,6,27,TRUE,2026-04-28,14:30,
116,2,6,27,TRUE,2026-04-28,14:30,
39,2,6,27,TRUE,2026-04-28,14:30,
144,2,6,27,TRUE,2026-04-28,14:30,
81,2,6,27,TRUE,2026-04-28,14:30,
107,2,6,27,TRUE,2026-04-28,14:30,
45,5,6,27,TRUE,2026-04-28,14:30,
46,5,6,27,TRUE,2026-04-28,14:30,
76,5,6,27,TRUE,2026-04-28,14:30,
47,5,6,27,TRUE,2026-04-28,14:30,
119,5,6,27,TRUE,2026-04-28,14:30,
36,5,6,27,TRUE,2026-04-28,14:30,
53,5,6,27,TRUE,2026-04-28,14:30,
28,5,6,27,TRUE,2026-04-28,14:30,
172,5,6,27,TRUE,2026-04-28,14:30,
160,5,6,27,TRUE,2026-04-28,14:30,
55,5,6,27,TRUE,2026-04-28,14:30,
102,5,6,27,TRUE,2026-04-28,14:30,
110,5,6,27,TRUE,2026-04-28,14:30,
175,5,6,27,TRUE,2026-04-28,14:30,
73,5,6,27,TRUE,2026-04-28,14:30,
77,5,6,27,TRUE,2026-04-28,14:30,
174,5,6,27,TRUE,2026-04-28,14:30,
131,5,6,27,TRUE,2026-04-28,14:30,
161,5,6,27,TRUE,2026-04-28,14:30,
41,5,6,27,TRUE,2026-04-28,14:30,
90,6,6,27,TRUE,2026-04-28,14:30,
88,6,6,27,FALSE,2026-04-28,14:30,
44,6,6,27,TRUE,2026-04-28,14:30,
1,6,6,27,TRUE,2026-04-28,14:30,
133,6,6,27,TRUE,2026-04-28,14:30,
13,6,6,27,FALSE,2026-04-28,14:30,
51,6,6,27,TRUE,2026-04-28,14:30,
132,6,6,27,TRUE,2026-04-28,14:30,
59,6,6,27,TRUE,2026-04-28,14:30,
70,7,6,27,TRUE,2026-04-28,14:30,
105,7,6,27,TRUE,2026-04-28,14:30,
48,7,6,27,TRUE,2026-04-28,14:30,
26,7,6,27,TRUE,2026-04-28,14:30,
147,7,6,27,TRUE,2026-04-28,14:30,
15,7,6,27,TRUE,2026-04-28,14:30,
35,7,6,27,TRUE,2026-04-28,14:30,
115,7,6,27,TRUE,2026-04-28,14:30,
29,7,6,27,TRUE,2026-04-28,14:30,
87,7,6,27,TRUE,2026-04-28,14:30,
57,7,6,27,TRUE,2026-04-28,14:30,
130,7,6,27,TRUE,2026-04-28,14:30,
60,7,6,27,TRUE,2026-04-28,14:30,
84,7,6,27,TRUE,2026-04-28,14:30,
113,7,6,27,TRUE,2026-04-28,14:30,
118,7,6,27,TRUE,2026-04-28,14:30,
79,7,6,27,TRUE,2026-04-28,14:30,
148,8,6,27,TRUE,2026-04-28,14:30,
149,8,6,27,TRUE,2026-04-28,14:30,
153,8,6,27,TRUE,2026-04-28,14:30,
142,8,6,27,TRUE,2026-04-28,14:30,
25,8,6,27,TRUE,2026-04-28,14:30,
24,8,6,27,TRUE,2026-04-28,14:30,
18,8,6,27,TRUE,2026-04-28,14:30,
72,8,6,27,TRUE,2026-04-28,14:30,
145,8,6,27,TRUE,2026-04-28,14:30,
141,8,6,27,TRUE,2026-04-28,14:30,
56,9,6,27,TRUE,2026-04-28,14:30,
19,9,6,27,TRUE,2026-04-28,14:30,
104,9,6,27,TRUE,2026-04-28,14:30,
112,9,6,27,TRUE,2026-04-28,14:30,
22,9,6,27,TRUE,2026-04-28,14:30,
106,9,6,27,TRUE,2026-04-28,14:30,
101,9,6,27,TRUE,2026-04-28,14:30,
14,9,6,27,TRUE,2026-04-28,14:30,
108,9,6,27,TRUE,2026-04-28,14:30,
146,9,6,27,TRUE,2026-04-28,14:30,
20,9,6,27,TRUE,2026-04-28,14:30,
143,9,6,27,TRUE,2026-04-28,14:30,
173,9,6,27,TRUE,2026-04-28,14:30,
43,9,6,27,TRUE,2026-04-28,14:30,
152,9,6,27,TRUE,2026-04-28,14:30,
184,1,7,44,TRUE,2026-04-29,07:30,
199,1,7,44,TRUE,2026-04-29,07:30,
207,1,7,44,TRUE,2026-04-29,07:30,
206,1,7,44,TRUE,2026-04-29,07:30,
205,1,7,44,TRUE,2026-04-29,07:30,
204,1,7,44,TRUE,2026-04-29,07:30,
203,1,7,44,TRUE,2026-04-29,07:30,
202,1,7,44,TRUE,2026-04-29,07:30,
201,1,7,44,FALSE,2026-04-29,07:30,
198,1,7,44,TRUE,2026-04-29,07:30,
192,1,7,44,TRUE,2026-04-29,07:30,
191,1,7,44,TRUE,2026-04-29,07:30,
194,1,7,44,TRUE,2026-04-29,07:30,
193,1,7,44,TRUE,2026-04-29,07:30,
196,1,7,44,TRUE,2026-04-29,07:30,
195,1,7,44,TRUE,2026-04-29,07:30,
197,1,7,44,TRUE,2026-04-29,07:30,
208,1,7,44,TRUE,2026-04-29,07:30,
209,1,7,44,TRUE,2026-04-29,07:30,
210,1,7,44,TRUE,2026-04-29,07:30,
190,10,7,44,TRUE,2026-04-29,07:30,
177,10,7,44,TRUE,2026-04-29,07:30,
183,10,7,44,TRUE,2026-04-29,07:30,
189,10,7,44,TRUE,2026-04-29,07:30,
180,10,7,44,TRUE,2026-04-29,07:30,
187,10,7,44,TRUE,2026-04-29,07:30,
176,10,7,44,TRUE,2026-04-29,07:30,
185,10,7,44,TRUE,2026-04-29,07:30,
181,10,7,44,TRUE,2026-04-29,07:30,
120,3,7,44,TRUE,2026-04-29,07:30,
103,3,7,44,TRUE,2026-04-29,07:30,
37,3,7,44,TRUE,2026-04-29,07:30,
58,3,7,44,TRUE,2026-04-29,07:30,
23,3,7,44,TRUE,2026-04-29,07:30,
65,3,7,44,TRUE,2026-04-29,07:30,
16,3,7,44,TRUE,2026-04-29,07:30,
109,3,7,44,TRUE,2026-04-29,07:30,
114,3,7,44,TRUE,2026-04-29,07:30,
66,3,7,44,TRUE,2026-04-29,07:30,
68,3,7,44,TRUE,2026-04-29,07:30,
151,3,7,44,TRUE,2026-04-29,07:30,
52,3,7,44,TRUE,2026-04-29,07:30,
150,3,7,44,TRUE,2026-04-29,07:30,
117,3,7,44,TRUE,2026-04-29,07:30,
49,3,7,44,TRUE,2026-04-29,07:30,
182,3,7,44,TRUE,2026-04-29,07:30,
186,3,7,44,TRUE,2026-04-29,07:30,
178,3,7,44,TRUE,2026-04-29,07:30,
179,3,7,44,TRUE,2026-04-29,07:30,
38,2,7,44,TRUE,2026-04-29,07:30,
89,2,7,44,TRUE,2026-04-29,07:30,
74,2,7,44,TRUE,2026-04-29,07:30,
116,2,7,44,TRUE,2026-04-29,07:30,
39,2,7,44,TRUE,2026-04-29,07:30,
144,2,7,44,TRUE,2026-04-29,07:30,
81,2,7,44,TRUE,2026-04-29,07:30,
107,2,7,44,TRUE,2026-04-29,07:30,
45,5,7,44,TRUE,2026-04-29,07:30,
46,5,7,44,TRUE,2026-04-29,07:30,
76,5,7,44,TRUE,2026-04-29,07:30,
47,5,7,44,TRUE,2026-04-29,07:30,
119,5,7,44,TRUE,2026-04-29,07:30,
36,5,7,44,TRUE,2026-04-29,07:30,
53,5,7,44,TRUE,2026-04-29,07:30,
28,5,7,44,TRUE,2026-04-29,07:30,
172,5,7,44,TRUE,2026-04-29,07:30,
160,5,7,44,TRUE,2026-04-29,07:30,
55,5,7,44,TRUE,2026-04-29,07:30,
102,5,7,44,TRUE,2026-04-29,07:30,
110,5,7,44,TRUE,2026-04-29,07:30,
175,5,7,44,TRUE,2026-04-29,07:30,
73,5,7,44,TRUE,2026-04-29,07:30,
77,5,7,44,TRUE,2026-04-29,07:30,
174,5,7,44,TRUE,2026-04-29,07:30,
131,5,7,44,TRUE,2026-04-29,07:30,
161,5,7,44,TRUE,2026-04-29,07:30,
41,5,7,44,TRUE,2026-04-29,07:30,
90,6,7,44,TRUE,2026-04-29,07:30,
88,6,7,44,FALSE,2026-04-29,07:30,
44,6,7,44,TRUE,2026-04-29,07:30,
1,6,7,44,TRUE,2026-04-29,07:30,
133,6,7,44,TRUE,2026-04-29,07:30,
13,6,7,44,FALSE,2026-04-29,07:30,
51,6,7,44,TRUE,2026-04-29,07:30,
132,6,7,44,TRUE,2026-04-29,07:30,
59,6,7,44,TRUE,2026-04-29,07:30,
70,7,7,44,TRUE,2026-04-29,07:30,
105,7,7,44,TRUE,2026-04-29,07:30,
48,7,7,44,TRUE,2026-04-29,07:30,
26,7,7,44,TRUE,2026-04-29,07:30,
147,7,7,44,TRUE,2026-04-29,07:30,
15,7,7,44,TRUE,2026-04-29,07:30,
35,7,7,44,TRUE,2026-04-29,07:30,
115,7,7,44,TRUE,2026-04-29,07:30,
29,7,7,44,TRUE,2026-04-29,07:30,
87,7,7,44,TRUE,2026-04-29,07:30,
57,7,7,44,TRUE,2026-04-29,07:30,
130,7,7,44,TRUE,2026-04-29,07:30,
60,7,7,44,TRUE,2026-04-29,07:30,
84,7,7,44,TRUE,2026-04-29,07:30,
113,7,7,44,TRUE,2026-04-29,07:30,
118,7,7,44,TRUE,2026-04-29,07:30,
79,7,7,44,TRUE,2026-04-29,07:30,
148,8,7,44,TRUE,2026-04-29,07:30,
149,8,7,44,TRUE,2026-04-29,07:30,
153,8,7,44,TRUE,2026-04-29,07:30,
142,8,7,44,TRUE,2026-04-29,07:30,
25,8,7,44,TRUE,2026-04-29,07:30,
24,8,7,44,TRUE,2026-04-29,07:30,
18,8,7,44,TRUE,2026-04-29,07:30,
72,8,7,44,TRUE,2026-04-29,07:30,
145,8,7,44,TRUE,2026-04-29,07:30,
141,8,7,44,TRUE,2026-04-29,07:30,
56,9,7,44,TRUE,2026-04-29,07:30,
19,9,7,44,TRUE,2026-04-29,07:30,
104,9,7,44,TRUE,2026-04-29,07:30,
112,9,7,44,TRUE,2026-04-29,07:30,
22,9,7,44,TRUE,2026-04-29,07:30,
106,9,7,44,TRUE,2026-04-29,07:30,
101,9,7,44,TRUE,2026-04-29,07:30,
14,9,7,44,TRUE,2026-04-29,07:30,
108,9,7,44,TRUE,2026-04-29,07:30,
146,9,7,44,FALSE,2026-04-29,07:30,
20,9,7,44,TRUE,2026-04-29,07:30,
143,9,7,44,TRUE,2026-04-29,07:30,
173,9,7,44,TRUE,2026-04-29,07:30,
43,9,7,44,TRUE,2026-04-29,07:30,
152,9,7,44,TRUE,2026-04-29,07:30,
184,1,8,48,TRUE,2026-04-29,11:30,
199,1,8,48,TRUE,2026-04-29,11:30,
207,1,8,48,TRUE,2026-04-29,11:30,
206,1,8,48,TRUE,2026-04-29,11:30,
205,1,8,48,TRUE,2026-04-29,11:30,
204,1,8,48,TRUE,2026-04-29,11:30,
203,1,8,48,TRUE,2026-04-29,11:30,
202,1,8,48,TRUE,2026-04-29,11:30,
201,1,8,48,FALSE,2026-04-29,11:30,
198,1,8,48,TRUE,2026-04-29,11:30,
192,1,8,48,TRUE,2026-04-29,11:30,
191,1,8,48,TRUE,2026-04-29,11:30,
194,1,8,48,TRUE,2026-04-29,11:30,
193,1,8,48,TRUE,2026-04-29,11:30,
196,1,8,48,TRUE,2026-04-29,11:30,
195,1,8,48,TRUE,2026-04-29,11:30,
197,1,8,48,TRUE,2026-04-29,11:30,
208,1,8,48,TRUE,2026-04-29,11:30,
209,1,8,48,TRUE,2026-04-29,11:30,
210,1,8,48,TRUE,2026-04-29,11:30,
190,10,8,48,TRUE,2026-04-29,11:30,
177,10,8,48,TRUE,2026-04-29,11:30,
183,10,8,48,TRUE,2026-04-29,11:30,
189,10,8,48,TRUE,2026-04-29,11:30,
180,10,8,48,TRUE,2026-04-29,11:30,
187,10,8,48,TRUE,2026-04-29,11:30,
176,10,8,48,TRUE,2026-04-29,11:30,
185,10,8,48,TRUE,2026-04-29,11:30,
181,10,8,48,TRUE,2026-04-29,11:30,
120,3,8,48,TRUE,2026-04-29,11:30,
103,3,8,48,TRUE,2026-04-29,11:30,
37,3,8,48,TRUE,2026-04-29,11:30,
58,3,8,48,TRUE,2026-04-29,11:30,
23,3,8,48,TRUE,2026-04-29,11:30,
65,3,8,48,TRUE,2026-04-29,11:30,
16,3,8,48,TRUE,2026-04-29,11:30,
109,3,8,48,TRUE,2026-04-29,11:30,
114,3,8,48,TRUE,2026-04-29,11:30,
66,3,8,48,TRUE,2026-04-29,11:30,
68,3,8,48,TRUE,2026-04-29,11:30,
151,3,8,48,TRUE,2026-04-29,11:30,
52,3,8,48,TRUE,2026-04-29,11:30,
150,3,8,48,TRUE,2026-04-29,11:30,
117,3,8,48,TRUE,2026-04-29,11:30,
49,3,8,48,TRUE,2026-04-29,11:30,
182,3,8,48,TRUE,2026-04-29,11:30,
186,3,8,48,TRUE,2026-04-29,11:30,
178,3,8,48,TRUE,2026-04-29,11:30,
179,3,8,48,TRUE,2026-04-29,11:30,
38,2,8,48,TRUE,2026-04-29,11:30,
89,2,8,48,TRUE,2026-04-29,11:30,
74,2,8,48,TRUE,2026-04-29,11:30,
116,2,8,48,TRUE,2026-04-29,11:30,
39,2,8,48,TRUE,2026-04-29,11:30,
144,2,8,48,TRUE,2026-04-29,11:30,
81,2,8,48,TRUE,2026-04-29,11:30,
107,2,8,48,TRUE,2026-04-29,11:30,
45,5,8,48,TRUE,2026-04-29,11:30,
46,5,8,48,TRUE,2026-04-29,11:30,
76,5,8,48,TRUE,2026-04-29,11:30,
47,5,8,48,TRUE,2026-04-29,11:30,
119,5,8,48,TRUE,2026-04-29,11:30,
36,5,8,48,TRUE,2026-04-29,11:30,
53,5,8,48,TRUE,2026-04-29,11:30,
28,5,8,48,TRUE,2026-04-29,11:30,
172,5,8,48,TRUE,2026-04-29,11:30,
160,5,8,48,TRUE,2026-04-29,11:30,
55,5,8,48,TRUE,2026-04-29,11:30,
102,5,8,48,TRUE,2026-04-29,11:30,
110,5,8,48,TRUE,2026-04-29,11:30,
175,5,8,48,TRUE,2026-04-29,11:30,
73,5,8,48,TRUE,2026-04-29,11:30,
77,5,8,48,TRUE,2026-04-29,11:30,
174,5,8,48,TRUE,2026-04-29,11:30,
131,5,8,48,TRUE,2026-04-29,11:30,
161,5,8,48,TRUE,2026-04-29,11:30,
41,5,8,48,TRUE,2026-04-29,11:30,
90,6,8,48,TRUE,2026-04-29,11:30,
88,6,8,48,FALSE,2026-04-29,11:30,
44,6,8,48,FALSE,2026-04-29,11:30,
1,6,8,48,TRUE,2026-04-29,11:30,
133,6,8,48,TRUE,2026-04-29,11:30,
13,6,8,48,FALSE,2026-04-29,11:30,
51,6,8,48,TRUE,2026-04-29,11:30,
132,6,8,48,TRUE,2026-04-29,11:30,
59,6,8,48,TRUE,2026-04-29,11:30,
70,7,8,48,TRUE,2026-04-29,11:30,
105,7,8,48,TRUE,2026-04-29,11:30,
48,7,8,48,TRUE,2026-04-29,11:30,
26,7,8,48,TRUE,2026-04-29,11:30,
147,7,8,48,TRUE,2026-04-29,11:30,
15,7,8,48,TRUE,2026-04-29,11:30,
35,7,8,48,TRUE,2026-04-29,11:30,
115,7,8,48,TRUE,2026-04-29,11:30,
29,7,8,48,TRUE,2026-04-29,11:30,
87,7,8,48,TRUE,2026-04-29,11:30,
57,7,8,48,TRUE,2026-04-29,11:30,
130,7,8,48,TRUE,2026-04-29,11:30,
60,7,8,48,TRUE,2026-04-29,11:30,
84,7,8,48,TRUE,2026-04-29,11:30,
113,7,8,48,TRUE,2026-04-29,11:30,
118,7,8,48,TRUE,2026-04-29,11:30,
79,7,8,48,TRUE,2026-04-29,11:30,
148,8,8,48,TRUE,2026-04-29,11:30,
149,8,8,48,TRUE,2026-04-29,11:30,
153,8,8,48,FALSE,2026-04-29,11:30,
142,8,8,48,TRUE,2026-04-29,11:30,
25,8,8,48,TRUE,2026-04-29,11:30,
24,8,8,48,TRUE,2026-04-29,11:30,
18,8,8,48,TRUE,2026-04-29,11:30,
72,8,8,48,TRUE,2026-04-29,11:30,
145,8,8,48,TRUE,2026-04-29,11:30,
141,8,8,48,TRUE,2026-04-29,11:30,
56,9,8,48,TRUE,2026-04-29,11:30,
19,9,8,48,TRUE,2026-04-29,11:30,
104,9,8,48,TRUE,2026-04-29,11:30,
112,9,8,48,TRUE,2026-04-29,11:30,
22,9,8,48,TRUE,2026-04-29,11:30,
106,9,8,48,TRUE,2026-04-29,11:30,
101,9,8,48,TRUE,2026-04-29,11:30,
14,9,8,48,TRUE,2026-04-29,11:30,
108,9,8,48,TRUE,2026-04-29,11:30,
146,9,8,48,FALSE,2026-04-29,11:30,
20,9,8,48,TRUE,2026-04-29,11:30,
143,9,8,48,TRUE,2026-04-29,11:30,
173,9,8,48,TRUE,2026-04-29,11:30,
43,9,8,48,TRUE,2026-04-29,11:30,
152,9,8,48,TRUE,2026-04-29,11:30,
184,1,9,52.5,FALSE,2026-04-29,16:00,
199,1,9,52.5,TRUE,2026-04-29,16:00,
207,1,9,52.5,FALSE,2026-04-29,16:00,
206,1,9,52.5,FALSE,2026-04-29,16:00,
205,1,9,52.5,TRUE,2026-04-29,16:00,
204,1,9,52.5,TRUE,2026-04-29,16:00,
203,1,9,52.5,TRUE,2026-04-29,16:00,
202,1,9,52.5,TRUE,2026-04-29,16:00,
201,1,9,52.5,FALSE,2026-04-29,16:00,
198,1,9,52.5,TRUE,2026-04-29,16:00,
192,1,9,52.5,TRUE,2026-04-29,16:00,
191,1,9,52.5,FALSE,2026-04-29,16:00,
194,1,9,52.5,TRUE,2026-04-29,16:00,
193,1,9,52.5,FALSE,2026-04-29,16:00,
196,1,9,52.5,TRUE,2026-04-29,16:00,
195,1,9,52.5,FALSE,2026-04-29,16:00,
197,1,9,52.5,FALSE,2026-04-29,16:00,
208,1,9,52.5,TRUE,2026-04-29,16:00,
209,1,9,52.5,TRUE,2026-04-29,16:00,
210,1,9,52.5,TRUE,2026-04-29,16:00,
190,10,9,52.5,TRUE,2026-04-29,16:00,
177,10,9,52.5,TRUE,2026-04-29,16:00,
183,10,9,52.5,TRUE,2026-04-29,16:00,
189,10,9,52.5,TRUE,2026-04-29,16:00,
180,10,9,52.5,TRUE,2026-04-29,16:00,
187,10,9,52.5,TRUE,2026-04-29,16:00,
176,10,9,52.5,TRUE,2026-04-29,16:00,
185,10,9,52.5,TRUE,2026-04-29,16:00,
181,10,9,52.5,TRUE,2026-04-29,16:00,
120,3,9,52.5,TRUE,2026-04-29,16:00,
103,3,9,52.5,TRUE,2026-04-29,16:00,
37,3,9,52.5,FALSE,2026-04-29,16:00,
58,3,9,52.5,TRUE,2026-04-29,16:00,
23,3,9,52.5,FALSE,2026-04-29,16:00,
65,3,9,52.5,TRUE,2026-04-29,16:00,
16,3,9,52.5,TRUE,2026-04-29,16:00,
109,3,9,52.5,TRUE,2026-04-29,16:00,
114,3,9,52.5,TRUE,2026-04-29,16:00,
66,3,9,52.5,TRUE,2026-04-29,16:00,
68,3,9,52.5,TRUE,2026-04-29,16:00,
151,3,9,52.5,TRUE,2026-04-29,16:00,
52,3,9,52.5,TRUE,2026-04-29,16:00,
150,3,9,52.5,TRUE,2026-04-29,16:00,
117,3,9,52.5,TRUE,2026-04-29,16:00,
49,3,9,52.5,TRUE,2026-04-29,16:00,
182,3,9,52.5,TRUE,2026-04-29,16:00,
186,3,9,52.5,FALSE,2026-04-29,16:00,
178,3,9,52.5,TRUE,2026-04-29,16:00,
179,3,9,52.5,TRUE,2026-04-29,16:00,
38,2,9,52.5,TRUE,2026-04-29,16:00,
89,2,9,52.5,FALSE,2026-04-29,16:00,
74,2,9,52.5,TRUE,2026-04-29,16:00,
116,2,9,52.5,TRUE,2026-04-29,16:00,
39,2,9,52.5,TRUE,2026-04-29,16:00,
144,2,9,52.5,TRUE,2026-04-29,16:00,
81,2,9,52.5,TRUE,2026-04-29,16:00,
107,2,9,52.5,TRUE,2026-04-29,16:00,
45,5,9,52.5,TRUE,2026-04-29,16:00,
46,5,9,52.5,TRUE,2026-04-29,16:00,
76,5,9,52.5,FALSE,2026-04-29,16:00,
47,5,9,52.5,TRUE,2026-04-29,16:00,
119,5,9,52.5,TRUE,2026-04-29,16:00,
36,5,9,52.5,TRUE,2026-04-29,16:00,
53,5,9,52.5,TRUE,2026-04-29,16:00,
28,5,9,52.5,TRUE,2026-04-29,16:00,
172,5,9,52.5,TRUE,2026-04-29,16:00,
160,5,9,52.5,TRUE,2026-04-29,16:00,
55,5,9,52.5,TRUE,2026-04-29,16:00,
102,5,9,52.5,TRUE,2026-04-29,16:00,
110,5,9,52.5,TRUE,2026-04-29,16:00,
175,5,9,52.5,FALSE,2026-04-29,16:00,
73,5,9,52.5,TRUE,2026-04-29,16:00,
77,5,9,52.5,FALSE,2026-04-29,16:00,
174,5,9,52.5,TRUE,2026-04-29,16:00,
131,5,9,52.5,TRUE,2026-04-29,16:00,
161,5,9,52.5,TRUE,2026-04-29,16:00,
41,5,9,52.5,TRUE,2026-04-29,16:00,
90,6,9,52.5,TRUE,2026-04-29,16:00,
88,6,9,52.5,FALSE,2026-04-29,16:00,
44,6,9,52.5,FALSE,2026-04-29,16:00,
1,6,9,52.5,TRUE,2026-04-29,16:00,
133,6,9,52.5,TRUE,2026-04-29,16:00,
13,6,9,52.5,FALSE,2026-04-29,16:00,
51,6,9,52.5,TRUE,2026-04-29,16:00,
132,6,9,52.5,TRUE,2026-04-29,16:00,
59,6,9,52.5,TRUE,2026-04-29,16:00,
70,7,9,52.5,FALSE,2026-04-29,16:00,
105,7,9,52.5,TRUE,2026-04-29,16:00,
48,7,9,52.5,TRUE,2026-04-29,16:00,
26,7,9,52.5,FALSE,2026-04-29,16:00,
147,7,9,52.5,TRUE,2026-04-29,16:00,
15,7,9,52.5,TRUE,2026-04-29,16:00,
35,7,9,52.5,TRUE,2026-04-29,16:00,
115,7,9,52.5,FALSE,2026-04-29,16:00,
29,7,9,52.5,TRUE,2026-04-29,16:00,
87,7,9,52.5,TRUE,2026-04-29,16:00,
57,7,9,52.5,TRUE,2026-04-29,16:00,
130,7,9,52.5,TRUE,2026-04-29,16:00,
60,7,9,52.5,TRUE,2026-04-29,16:00,
84,7,9,52.5,TRUE,2026-04-29,16:00,
113,7,9,52.5,TRUE,2026-04-29,16:00,
118,7,9,52.5,TRUE,2026-04-29,16:00,
79,7,9,52.5,FALSE,2026-04-29,16:00,
148,8,9,52.5,FALSE,2026-04-29,16:00,
149,8,9,52.5,TRUE,2026-04-29,16:00,
153,8,9,52.5,FALSE,2026-04-29,16:00,
142,8,9,52.5,FALSE,2026-04-29,16:00,
25,8,9,52.5,TRUE,2026-04-29,16:00,
24,8,9,52.5,TRUE,2026-04-29,16:00,
18,8,9,52.5,TRUE,2026-04-29,16:00,
72,8,9,52.5,TRUE,2026-04-29,16:00,
145,8,9,52.5,FALSE,2026-04-29,16:00,
141,8,9,52.5,FALSE,2026-04-29,16:00,
56,9,9,52.5,TRUE,2026-04-29,16:00,
19,9,9,52.5,TRUE,2026-04-29,16:00,
104,9,9,52.5,TRUE,2026-04-29,16:00,
112,9,9,52.5,TRUE,2026-04-29,16:00,
22,9,9,52.5,TRUE,2026-04-29,16:00,
106,9,9,52.5,TRUE,2026-04-29,16:00,
101,9,9,52.5,TRUE,2026-04-29,16:00,
14,9,9,52.5,TRUE,2026-04-29,16:00,
108,9,9,52.5,TRUE,2026-04-29,16:00,
146,9,9,52.5,FALSE,2026-04-29,16:00,
20,9,9,52.5,TRUE,2026-04-29,16:00,
143,9,9,52.5,TRUE,2026-04-29,16:00,
173,9,9,52.5,TRUE,2026-04-29,16:00,
43,9,9,52.5,TRUE,2026-04-29,16:00,
152,9,9,52.5,TRUE,2026-04-29,16:00,
