"Sample","Well ID","Dilution factor","Mean 595","CV 595 (%)","CV concentration (%)","Well concentration (ug/mL)","Calculated concentration (ug/mL)","In standard curve range"
"F05_01_ambient","SPL1",1,1.166,2.29,5.66,876.1,876.1,"yes"
"F05_02_ambient","SPL2",1,1.251,2.4,5.46,1038.9,1038.9,"yes"
"F05_03_ambient","SPL3",2,1.205,2.15,5.06,950.2,1900.4,"yes"
"F05_06_ambient","SPL4",2,1.291,2.91,6.4,1116.2,2232.4,"yes"
"F05_08_ambient","SPL5",2,1.414,1.62,3.19,1351.8,2703.7,"yes"
"F07_05_36C","SPL6",1,0.932,0.81,3.12,427.9,427.9,"yes"
"F07_01_ambient","SPL7",1,0.846,2.28,12.86,263.1,263.1,"yes"
"F07_04_ambient","SPL8",1,1.001,2.55,8.56,560,560,"yes"
"F07_06_ambient","SPL9",1,1.293,1.54,3.29,1119.4,1119.4,"yes"
