context,value_metric,feature,phenotype,n,spearman_rho,spearman_p,pearson_r,pearson_p
sw_heat,metabolism_per_area_mm2_measurement,auc_early,mean_surv_prop,9,-0.9166666666666666,0.0013117283950617284,-0.7786207145243051,0.013432264890326544
fw_heat,corrected_fc,time_to_min_slope,composite_score,8,0.9036800488347748,0.0020757515937733376,0.869280058218441,0.005051091735886078
fw_heat,metabolism_per_area_mm2_measurement,time_to_min_slope,composite_score,8,0.9036800488347748,0.0020757515937733376,0.869280058218441,0.005051091735886078
sw_heat,metabolism_per_area_mm2_measurement,auc_total,mean_surv_prop,9,-0.9,0.0020282186948853615,-0.8326759721603456,0.005335114246626429
sw_heat,metabolism_per_area_mm2_measurement,vmax,mean_surv_prop,9,-0.9,0.0020282186948853615,-0.7962246270065162,0.010238616021290333
all,metabolism_per_area_mm2_measurement,inflection_time,mean_surv_prop,9,-0.8666666666666667,0.004508377425044092,-0.8183112197898154,0.00701246856262395
sw_heat,metabolism_per_area_mm2_measurement,auc_total,composite_score,9,-0.8666666666666667,0.004508377425044092,-0.6397658626073474,0.06351014304028306
sw_heat,metabolism_per_area_mm2_measurement,vmax,composite_score,9,-0.8666666666666667,0.004508377425044092,-0.6387012256843272,0.06409345283323553
all,metabolism_per_area_mm2_measurement,inflection_time,mean_rel_surv,9,-0.8619322310183947,0.0028059289678377146,-0.41977901072464674,0.260665287522436
sw_heat,metabolism_per_area_mm2_measurement,auc_early,mean_rel_surv,9,-0.8535639569308375,0.0034182152429017426,-0.4169833350325442,0.26418571267838087
sw_heat,metabolism_per_area_mm2_measurement,auc_total,mean_rel_surv,9,-0.8535639569308375,0.0034182152429017426,-0.472853249786482,0.1986289824093378
sw_heat,metabolism_per_area_mm2_measurement,vmax,mean_rel_surv,9,-0.8535639569308375,0.0034182152429017426,-0.43203198862783765,0.24553136468464723
all,metabolism_per_area_mm2_measurement,trough_value,mean_surv_prop,9,0.85,0.00607363315696649,0.9116877890723798,6.176177737113251e-4
sw_heat,metabolism_per_area_mm2_measurement,auc_early,composite_score,9,-0.85,0.00607363315696649,-0.591373453584256,0.09349823565053675
freshwater_rt,corrected_fc,time_to_min_slope,composite_score,8,0.8333333333333335,0.015376984126984126,0.7769617021785694,0.023305172521807565
freshwater_rt,corrected_fc,trough_value,mean_surv_prop,8,0.8333333333333335,0.015376984126984126,0.8268728228847447,0.011346719936920472
freshwater_rt,metabolism_per_area_mm2_measurement,time_to_min_slope,composite_score,8,0.8333333333333335,0.015376984126984126,0.7923826625429987,0.019034181983006895
fw_heat,corrected_fc,initial_slope,mean_surv_prop,8,0.8333333333333335,0.015376984126984126,0.9320790185891838,7.439808233216555e-4
fw_heat,corrected_fc,stability_cv,composite_score,8,-0.8333333333333335,0.015376984126984126,-0.8236836544269661,0.011954908758796628
fw_heat,metabolism_per_area_mm2_measurement,initial_slope,mean_surv_prop,8,0.8333333333333335,0.015376984126984126,0.868045443618512,0.00519052701926731
fw_heat,metabolism_per_area_mm2_measurement,stability_cv,composite_score,8,-0.8333333333333335,0.015376984126984126,-0.8236836544269664,0.011954908758796562
sw_heat,metabolism_per_area_mm2_measurement,auc_late,composite_score,9,-0.8333333333333334,0.008267195767195767,-0.6535437569355246,0.056261587796166294
sw_heat,metabolism_per_area_mm2_measurement,auc_late,mean_surv_prop,9,-0.8333333333333334,0.008267195767195767,-0.8466585909647116,0.0039880381548439425
sw_heat,metabolism_per_area_mm2_measurement,final_value,composite_score,9,-0.8333333333333334,0.008267195767195767,-0.6306455535010339,0.06861641234238036
sw_heat,metabolism_per_area_mm2_measurement,final_value,mean_surv_prop,9,-0.8333333333333334,0.008267195767195767,-0.8278163642446317,0.005867826833653403
sw_heat,metabolism_per_area_mm2_measurement,metabolic_scope,composite_score,9,-0.8333333333333334,0.008267195767195767,-0.6316758185571796,0.06802714264750537
sw_heat,metabolism_per_area_mm2_measurement,metabolic_scope,mean_surv_prop,9,-0.8333333333333334,0.008267195767195767,-0.8278871610344763,0.005859816464043668
sw_heat,metabolism_per_area_mm2_measurement,peak_value,composite_score,9,-0.8333333333333334,0.008267195767195767,-0.6317896103400339,0.06796225359859069
sw_heat,metabolism_per_area_mm2_measurement,peak_value,mean_surv_prop,9,-0.8333333333333334,0.008267195767195767,-0.8279751173511493,0.005849874952195282
sw_heat,corrected_fc,time_to_trough,mean_surv_prop,9,0.821909464719636,0.006562793218049067,0.7254682636843296,0.02695473413173528
sw_heat,metabolism_per_area_mm2_measurement,time_to_trough,mean_surv_prop,9,0.821909464719636,0.006562793218049067,0.7254682636843296,0.02695473413173528
all,metabolism_per_area_mm2_measurement,trough_value,composite_score,9,0.8166666666666667,0.010769400352733686,0.8713436896428196,0.002212762010803847
all,metabolism_per_area_mm2_measurement,time_to_vmax,mean_rel_surv,9,-0.8117225864930513,0.00788929768782947,-0.5230249442391456,0.14849733346890098
all,corrected_fc,time_to_trough,mean_surv_prop,9,0.8067511745433772,0.0085980832665394,0.7430948012137248,0.021776239460341035
all,metabolism_per_area_mm2_measurement,depression_abs,composite_score,9,-0.8,0.01382826278659612,-0.765015180449204,0.016313898779362724
sw_heat,corrected_fc,inflection_time,mean_surv_prop,9,0.8,0.01382826278659612,0.6858059512405305,0.04140553181032737
sw_heat,metabolism_per_area_mm2_measurement,final_delta,mean_surv_prop,9,-0.8,0.01382826278659612,-0.8277283344883968,0.005877797451337165
sw_heat,metabolism_per_area_mm2_measurement,inflection_time,mean_surv_prop,9,0.8,0.01382826278659612,0.6858059512405305,0.04140553181032737
all,corrected_fc,inflection_time,mean_rel_surv,9,-0.7949860383179369,0.010444517709683852,-0.4270795939282573,0.25159007501324243
all,corrected_fc,time_to_vmax,mean_rel_surv,9,-0.7949860383179369,0.010444517709683852,-0.5297629499597085,0.1423981453738755
freshwater_rt,metabolism_per_area_mm2_measurement,initial_slope,composite_score,8,0.7857142857142858,0.027926587301587303,0.8512950656148242,0.00733124789479213
freshwater_rt,metabolism_per_area_mm2_measurement,trough_value,mean_surv_prop,8,0.7857142857142858,0.027926587301587303,0.8195756172217854,0.012768138150227298
fw_heat,corrected_fc,auc_total,mean_surv_prop,8,0.7857142857142858,0.027926587301587303,0.7623511396435824,0.02785788897023798
all,metabolism_per_area_mm2_measurement,time_to_vmax,mean_surv_prop,9,-0.7833333333333333,0.017223324514991183,-0.8154096379752411,0.0073899849449135776
all,metabolism_per_area_mm2_measurement,vmax,composite_score,9,-0.7833333333333333,0.017223324514991183,-0.5832629961296131,0.09923647885012093
sw_heat,corrected_fc,auc_early,mean_surv_prop,9,-0.7833333333333333,0.017223324514991183,-0.7634155289576979,0.016677583501594477
sw_heat,corrected_fc,late_early_auc_ratio,mean_surv_prop,9,0.7833333333333333,0.017223324514991183,0.7305530986038781,0.02538594525973764
sw_heat,metabolism_per_area_mm2_measurement,late_early_auc_ratio,mean_surv_prop,9,0.7833333333333333,0.017223324514991183,0.7305530986038783,0.025385945259737593
freshwater_rt,corrected_fc,inflection_time,mean_rel_surv,8,-0.7784570702436184,0.022867333969736788,-0.9530580584804281,2.495780012945159e-4
freshwater_rt,metabolism_per_area_mm2_measurement,inflection_time,mean_rel_surv,8,-0.7784570702436184,0.022867333969736788,-0.9508039149950804,2.867926521871958e-4
sw_heat,corrected_fc,inflection_time,mean_rel_surv,9,0.7782494901428224,0.013505972810006874,0.5559757153458776,0.12008868567574293
sw_heat,metabolism_per_area_mm2_measurement,auc_late,mean_rel_surv,9,-0.7782494901428224,0.01350597281000685,-0.4919290653563234,0.17858792629291034
sw_heat,metabolism_per_area_mm2_measurement,final_value,mean_rel_surv,9,-0.7782494901428224,0.01350597281000685,-0.4773101359541564,0.19383903402615793
sw_heat,metabolism_per_area_mm2_measurement,inflection_time,mean_rel_surv,9,0.7782494901428224,0.013505972810006874,0.5559757153458776,0.12008868567574293
sw_heat,metabolism_per_area_mm2_measurement,metabolic_scope,mean_rel_surv,9,-0.7782494901428224,0.01350597281000685,-0.47790053314438863,0.1932094302298867
sw_heat,metabolism_per_area_mm2_measurement,peak_value,mean_rel_surv,9,-0.7782494901428224,0.01350597281000685,-0.4781315889349752,0.19296334378520383
all,corrected_fc,time_to_trough,mean_rel_surv,9,0.7763782191393359,0.01388164838979834,0.3254929275591358,0.39269857260422997
all,corrected_fc,time_to_peak,mean_surv_prop,9,-0.7666666666666667,0.02138999118165785,-0.6218381574907828,0.07378447687784379
sw_heat,corrected_fc,auc_total,mean_surv_prop,9,-0.7666666666666667,0.02138999118165785,-0.8411206415303706,0.004489638429379328
sw_heat,corrected_fc,vmax,mean_surv_prop,9,-0.7666666666666667,0.02138999118165785,-0.7914247481128484,0.011052055411818017
sw_heat,metabolism_per_area_mm2_measurement,final_delta,composite_score,9,-0.7666666666666667,0.02138999118165785,-0.6305316785525673,0.06868173968591666
fw_heat,corrected_fc,stability_cv,mean_surv_prop,8,-0.761904761904762,0.03675595238095238,-0.8334125860646846,0.010161672305889524
fw_heat,metabolism_per_area_mm2_measurement,auc_early,mean_surv_prop,8,0.761904761904762,0.03675595238095238,0.8591045198423217,0.0062743945236000374
fw_heat,metabolism_per_area_mm2_measurement,auc_total,mean_surv_prop,8,0.761904761904762,0.03675595238095238,0.7369405361137968,0.037003089592470215
fw_heat,metabolism_per_area_mm2_measurement,initial_slope,composite_score,8,0.761904761904762,0.03675595238095238,0.8179018503226523,0.01310921228371906
fw_heat,metabolism_per_area_mm2_measurement,stability_cv,mean_surv_prop,8,-0.761904761904762,0.03675595238095238,-0.8334125860646846,0.010161672305889524
sw_heat,corrected_fc,auc_total,mean_rel_surv,9,-0.7615129419677079,0.017117125525800636,-0.4789542925297548,0.19208855195061456
sw_heat,corrected_fc,vmax,mean_rel_surv,9,-0.7615129419677079,0.017117125525800636,-0.43809684014038924,0.23821955527977356
sw_heat,corrected_fc,time_to_trough,mean_rel_surv,9,0.7595027974060379,0.017589822844134538,0.575541993760987,0.10489374690319526
sw_heat,metabolism_per_area_mm2_measurement,time_to_trough,mean_rel_surv,9,0.7595027974060379,0.017589822844134538,0.575541993760987,0.10489374690319526
freshwater_rt,corrected_fc,time_to_vmax,mean_rel_surv,8,-0.7545045450053532,0.030512759033309075,-0.8280486195668831,0.011127537060342859
freshwater_rt,metabolism_per_area_mm2_measurement,time_to_vmax,mean_rel_surv,8,-0.7545045450053532,0.030512759033309075,-0.8183837349819731,0.01301043398530533
all,metabolism_per_area_mm2_measurement,time_to_trough,mean_surv_prop,9,0.7531446678801507,0.019141958595405757,0.7413267650241149,0.022263135845854484
all,metabolism_per_area_mm2_measurement,trough_value,mean_rel_surv,9,0.7531446678801507,0.019141958595405757,0.8278915413944062,0.005859321089129543
all,corrected_fc,depression_abs,composite_score,9,-0.75,0.02549052028218695,-0.7008336868260131,0.03545500645688174
all,corrected_fc,inflection_time,mean_surv_prop,9,-0.75,0.02549052028218695,-0.8222539869848721,0.006520796186597391
all,metabolism_per_area_mm2_measurement,vmax,mean_surv_prop,9,-0.75,0.02549052028218695,-0.7688394552303661,0.015465959227915702
sw_heat,corrected_fc,initial_slope,mean_surv_prop,9,-0.75,0.02549052028218695,-0.6750374678656718,0.04604218395908099
sw_heat,corrected_fc,late_early_auc_ratio,mean_rel_surv,9,0.7447763937925935,0.021319728123320142,0.5274553297723947,0.1444701397115215
sw_heat,metabolism_per_area_mm2_measurement,late_early_auc_ratio,mean_rel_surv,9,0.7447763937925935,0.021319728123320142,0.527455329772395,0.14447013971152128
sw_heat,corrected_fc,time_to_peak,mean_rel_surv,9,0.7394957983193278,0.022774884348748987,0.6665104514773408,0.04994047516739813
sw_heat,metabolism_per_area_mm2_measurement,time_to_peak,mean_rel_surv,9,0.7394957983193278,0.022774884348748987,0.6665104514773408,0.04994047516739813
all,metabolism_per_area_mm2_measurement,inflection_time,composite_score,9,-0.7333333333333333,0.031123236331569666,-0.6041745836376494,0.0848633317229865
all,metabolism_per_area_mm2_measurement,time_to_peak,mean_surv_prop,9,-0.7333333333333333,0.031123236331569666,-0.6163144429680238,0.07714594091099883
sw_heat,corrected_fc,auc_total,composite_score,9,-0.7333333333333333,0.031123236331569666,-0.6051689430909516,0.08421404918086865
sw_heat,corrected_fc,vmax,composite_score,9,-0.7333333333333333,0.031123236331569666,-0.6170877414492341,0.07666973408583723
all,metabolism_per_area_mm2_measurement,vmax,mean_rel_surv,9,-0.728039845617479,0.02615362075316221,-0.36186486017898656,0.3385926306124708
sw_heat,corrected_fc,time_to_peak,composite_score,9,0.728039845617479,0.026153620753162264,0.6913588381873316,0.03913712196883459
sw_heat,metabolism_per_area_mm2_measurement,depression_abs,composite_score,9,-0.728039845617479,0.02615362075316221,-0.6189031756920355,0.0755589603641419
sw_heat,metabolism_per_area_mm2_measurement,time_to_peak,composite_score,9,0.728039845617479,0.026153620753162264,0.6913588381873316,0.03913712196883459
freshwater_rt,metabolism_per_area_mm2_measurement,trough_value,mean_rel_surv,8,0.7185757571479554,0.04462261002441921,0.7353435340280677,0.03763146362178725
all,corrected_fc,inflection_time,composite_score,9,-0.7166666666666667,0.03686618165784832,-0.6060895077057262,0.08361569347366957
all,corrected_fc,time_to_vmax,mean_surv_prop,9,-0.7166666666666667,0.03686618165784832,-0.8199951796466783,0.0067994997118581545
sw_heat,corrected_fc,auc_late,composite_score,9,-0.7166666666666667,0.03686618165784832,-0.6030487133725839,0.0856022030186033
sw_heat,corrected_fc,auc_late,mean_surv_prop,9,-0.7166666666666667,0.03686618165784832,-0.8520846457182107,0.0035352380724804244
sw_heat,corrected_fc,metabolic_scope,composite_score,9,-0.7166666666666667,0.03686618165784832,-0.5970230842216238,0.08962393273902225
sw_heat,corrected_fc,metabolic_scope,mean_surv_prop,9,-0.7166666666666667,0.03686618165784832,-0.8310160789804181,0.005513190145203617
sw_heat,corrected_fc,peak_value,composite_score,9,-0.7166666666666667,0.03686618165784832,-0.5976544228482287,0.08919722093722288
sw_heat,corrected_fc,peak_value,mean_surv_prop,9,-0.7166666666666667,0.03686618165784832,-0.8315891815049415,0.0054512554437565475
sw_heat,metabolism_per_area_mm2_measurement,delta_auc_late_minus_early,composite_score,9,-0.7166666666666667,0.03686618165784832,-0.6670789587915126,0.04967424868918582
sw_heat,metabolism_per_area_mm2_measurement,delta_auc_late_minus_early,mean_surv_prop,9,-0.7166666666666667,0.03686618165784832,-0.8547802699249413,0.003324014239866003
freshwater_rt,corrected_fc,time_to_min_slope,mean_surv_prop,8,0.7142857142857144,0.05758928571428571,0.869656383753276,0.005009073882055647
freshwater_rt,metabolism_per_area_mm2_measurement,time_to_min_slope,mean_surv_prop,8,0.7142857142857144,0.05758928571428571,0.8940753689677686,0.002740151796992891
fw_heat,corrected_fc,initial_slope,composite_score,8,0.7142857142857144,0.05758928571428571,0.8085083039735129,0.015129948476763463
all,corrected_fc,time_to_peak,mean_rel_surv,9,-0.7113032974423645,0.03165655703330232,-0.11095837225001387,0.7762637816097966
sw_heat,corrected_fc,auc_early,mean_rel_surv,9,-0.7113032974423645,0.03165655703330232,-0.4103111771670255,0.2726881728349559
sw_heat,corrected_fc,time_to_peak,mean_surv_prop,9,0.7113032974423645,0.03165655703330232,0.6218661599984254,0.07376767301037858
sw_heat,metabolism_per_area_mm2_measurement,final_delta,mean_rel_surv,9,-0.7113032974423645,0.03165655703330232,-0.47707860711120775,0.19408625194653126
sw_heat,metabolism_per_area_mm2_measurement,time_to_peak,mean_surv_prop,9,0.7113032974423645,0.03165655703330232,0.6218661599984254,0.07376767301037858
all,corrected_fc,delta_auc_late_minus_early,mean_rel_surv,9,-0.7029350233548073,0.03467010659432649,-0.6960171860435181,0.03729735726848929
all,corrected_fc,vmax,composite_score,9,-0.7,0.04325396825396825,-0.6004410070303275,0.08732874158473718
all,corrected_fc,vmax,mean_surv_prop,9,-0.7,0.04325396825396825,-0.7774446070156463,0.013666714919933376
all,metabolism_per_area_mm2_measurement,depression_abs,mean_surv_prop,9,-0.7,0.04325396825396825,-0.6597363669089424,0.053182968024755806
fw_heat,metabolism_per_area_mm2_measurement,auc_early,composite_score,8,0.6904761904761907,0.06939484126984127,0.7867268020685015,0.020538301908902903
fw_heat,metabolism_per_area_mm2_measurement,auc_total,composite_score,8,0.6904761904761907,0.06939484126984127,0.6608781887461612,0.07438408411770409
all,corrected_fc,vmax,mean_rel_surv,9,-0.6861984751796929,0.04124246780258132,-0.420249399251543,0.2600754098912399
all,metabolism_per_area_mm2_measurement,delta_auc_late_minus_early,mean_surv_prop,9,-0.6833333333333333,0.05031966490299824,-0.9014599950416369,8.970642323295614e-4
all,metabolism_per_area_mm2_measurement,time_to_vmax,composite_score,9,-0.6833333333333333,0.05031966490299824,-0.5951881957440915,0.09087121181259283
sw_heat,corrected_fc,final_delta,mean_surv_prop,9,-0.6833333333333333,0.05031966490299824,-0.8311780775121729,0.005495634671476333
sw_heat,corrected_fc,final_value,mean_surv_prop,9,-0.6833333333333333,0.05031966490299824,-0.8317505960530911,0.0054338976165479586
freshwater_rt,corrected_fc,time_to_min_slope,mean_rel_surv,8,0.6826469692905577,0.06209269238231711,0.8398601330169302,0.009073269361130527
freshwater_rt,corrected_fc,trough_value,mean_rel_surv,8,0.6826469692905577,0.06209269238231711,0.7460697679778544,0.033534058809510194
freshwater_rt,metabolism_per_area_mm2_measurement,metabolic_depression_index,mean_rel_surv,8,-0.6826469692905577,0.06209269238231711,-0.4229939723727407,0.2964128554979077
freshwater_rt,metabolism_per_area_mm2_measurement,resilience_ratio,mean_rel_surv,8,0.6826469692905577,0.06209269238231711,0.4229426059713089,0.29647778920809265
freshwater_rt,metabolism_per_area_mm2_measurement,time_to_min_slope,mean_rel_surv,8,0.6826469692905577,0.06209269238231711,0.8774341865971215,0.004190312770034689
all,metabolism_per_area_mm2_measurement,time_to_trough,mean_rel_surv,9,0.6806722689075632,0.04357653162659937,0.32398143889865194,0.39502903044882587
all,metabolism_per_area_mm2_measurement,delta_auc_late_minus_early,mean_rel_surv,9,-0.6778302010921357,0.044809262693005135,-0.6809347409450175,0.04346379869271423
fw_heat,corrected_fc,time_to_min_slope,mean_surv_prop,8,0.6747477697966319,0.06640156509474059,0.7025481212511477,0.05198974574112394
fw_heat,metabolism_per_area_mm2_measurement,time_to_min_slope,mean_surv_prop,8,0.6747477697966319,0.06640156509474059,0.7025481212511477,0.05198974574112394
freshwater_rt,corrected_fc,stability_cv,mean_rel_surv,8,-0.670670706671425,0.06869274160505996,-0.8760618457855818,0.004327991339799723
freshwater_rt,corrected_fc,inflection_time,composite_score,8,-0.6666666666666667,0.08308531746031746,-0.8436920497989422,0.00846310152701868
freshwater_rt,metabolism_per_area_mm2_measurement,inflection_time,composite_score,8,-0.6666666666666667,0.08308531746031746,-0.8527386575520731,0.007127936169872519
freshwater_rt,metabolism_per_area_mm2_measurement,initial_slope,mean_surv_prop,8,0.6666666666666667,0.08308531746031746,0.8636680311751522,0.005704737251884158
fw_heat,metabolism_per_area_mm2_measurement,auc_late,mean_surv_prop,8,0.6666666666666667,0.08308531746031746,0.645535084652322,0.083840462830779
sw_heat,corrected_fc,stability_cv,mean_surv_prop,9,0.6666666666666666,0.05888999118165785,0.6477265681822936,0.059254371649272046
sw_heat,metabolism_per_area_mm2_measurement,stability_cv,mean_surv_prop,9,0.6666666666666666,0.05888999118165785,0.6477265681822935,0.059254371649272046
all,metabolism_per_area_mm2_measurement,auc_late,mean_rel_surv,9,-0.6610936529170212,0.05252286046708908,-0.4770320022385792,0.1941360362830054
all,metabolism_per_area_mm2_measurement,final_delta,mean_rel_surv,9,-0.6610936529170212,0.05252286046708908,-0.42764925786969427,0.25088913346666136
all,metabolism_per_area_mm2_measurement,final_value,mean_rel_surv,9,-0.6610936529170212,0.05252286046708908,-0.4270110483305131,0.25167448712394735
all,metabolism_per_area_mm2_measurement,metabolic_scope,mean_rel_surv,9,-0.6610936529170212,0.05252286046708908,-0.4287145193435192,0.24958118735494825
all,metabolism_per_area_mm2_measurement,peak_value,mean_rel_surv,9,-0.6610936529170212,0.05252286046708908,-0.4280789592524559,0.25036109930449213
sw_heat,corrected_fc,auc_late,mean_rel_surv,9,-0.6610936529170212,0.05252286046708908,-0.49745475916979676,0.17300725233398262
sw_heat,corrected_fc,metabolic_scope,mean_rel_surv,9,-0.6610936529170212,0.05252286046708908,-0.4854730819139622,0.18523603594927512
sw_heat,corrected_fc,peak_value,mean_rel_surv,9,-0.6610936529170212,0.05252286046708908,-0.4868619514339572,0.1837942033736819
sw_heat,metabolism_per_area_mm2_measurement,delta_auc_late_minus_early,mean_rel_surv,9,-0.6610936529170212,0.05252286046708908,-0.5233097312804438,0.14823651738938548
fw_heat,corrected_fc,depression_abs,composite_score,8,-0.6595501762613933,0.07517648014177415,-0.56923266757377,0.14083437143955188
fw_heat,corrected_fc,metabolic_depression_index,composite_score,8,-0.6595501762613933,0.07517648014177415,-0.5515308467394283,0.1564525204794782
fw_heat,corrected_fc,resilience_ratio,composite_score,8,0.6595501762613933,0.07517648014177415,0.5500507555986057,0.15779929042612534
fw_heat,metabolism_per_area_mm2_measurement,depression_abs,composite_score,8,-0.6595501762613933,0.07517648014177415,-0.5755932709560729,0.135443217162347
fw_heat,metabolism_per_area_mm2_measurement,metabolic_depression_index,composite_score,8,-0.6595501762613933,0.07517648014177415,-0.5515308467394288,0.1564525204794778
fw_heat,metabolism_per_area_mm2_measurement,resilience_ratio,composite_score,8,0.6595501762613933,0.07517648014177415,0.5500507555986077,0.15779929042612348
freshwater_rt,corrected_fc,metabolic_depression_index,mean_rel_surv,8,-0.6586944440522925,0.07568968784163853,-0.4281964987739663,0.2898718762937875
freshwater_rt,corrected_fc,resilience_ratio,mean_rel_surv,8,0.6586944440522925,0.07568968784163853,0.42816218452099297,0.2899147865390336
all,corrected_fc,auc_late,mean_rel_surv,9,-0.6527253788294639,0.05667669216552748,-0.5149481499353927,0.15600574132535872
all,corrected_fc,late_early_auc_ratio,mean_surv_prop,9,-0.65,0.06656194885361552,-0.7964820109712181,0.010196175139420128
all,metabolism_per_area_mm2_measurement,final_delta,mean_surv_prop,9,-0.65,0.06656194885361552,-0.8016979590176219,0.00936147820346719
all,metabolism_per_area_mm2_measurement,final_value,mean_surv_prop,9,-0.65,0.06656194885361552,-0.8011661402256282,0.00944438911495886
all,metabolism_per_area_mm2_measurement,late_early_auc_ratio,mean_surv_prop,9,-0.65,0.06656194885361552,-0.7964911561580773,0.0101946693465277
all,metabolism_per_area_mm2_measurement,metabolic_scope,mean_surv_prop,9,-0.65,0.06656194885361552,-0.8025558414488816,0.009228772674985427
all,metabolism_per_area_mm2_measurement,peak_value,mean_surv_prop,9,-0.65,0.06656194885361552,-0.8020268143235167,0.009310456325134093
sw_heat,corrected_fc,final_delta,composite_score,9,-0.65,0.06656194885361552,-0.5952645938943016,0.0908190684271317
sw_heat,corrected_fc,final_value,composite_score,9,-0.65,0.06656194885361552,-0.595895470642247,0.09038918310607426
fw_heat,corrected_fc,trough_value,composite_score,8,0.64671818143316,0.08308772479827893,0.7210713112603664,0.0435361833491378
all,corrected_fc,final_delta,mean_rel_surv,9,-0.6443571047419068,0.06103295769909975,-0.5128209547023845,0.1580190851368796
all,corrected_fc,final_value,mean_rel_surv,9,-0.6443571047419068,0.06103295769909975,-0.513208661004602,0.15765101524065778
all,corrected_fc,metabolic_scope,mean_rel_surv,9,-0.6443571047419068,0.06103295769909975,-0.5136503396807368,0.1572323118675853
all,corrected_fc,peak_value,mean_rel_surv,9,-0.6443571047419068,0.06103295769909975,-0.5140399268444729,0.15686352541519324
all,metabolism_per_area_mm2_measurement,time_to_peak,mean_rel_surv,9,-0.6443571047419068,0.06103295769909975,-0.10382224100651721,0.7903857170910902
freshwater_rt,corrected_fc,inflection_time,mean_surv_prop,8,-0.642857142857143,0.09618055555555556,-0.9059554357437467,0.0019355051084826837
freshwater_rt,metabolism_per_area_mm2_measurement,inflection_time,mean_surv_prop,8,-0.642857142857143,0.09618055555555556,-0.9129710539402651,0.0015422121008379166
fw_heat,metabolism_per_area_mm2_measurement,final_delta,mean_surv_prop,8,0.642857142857143,0.09618055555555556,0.491150001290156,0.2164751516565803
fw_heat,metabolism_per_area_mm2_measurement,final_value,mean_surv_prop,8,0.642857142857143,0.09618055555555556,0.518978926851946,0.18752295761922674
fw_heat,metabolism_per_area_mm2_measurement,peak_value,mean_surv_prop,8,0.642857142857143,0.09618055555555556,0.5172322205367967,0.18927574338650266
fw_heat,corrected_fc,auc_total,mean_rel_surv,8,0.6347419188140273,0.09089043638915875,0.7006254817263771,0.05291923399227039
fw_heat,corrected_fc,time_to_peak,composite_score,8,0.6341828617898013,0.09126460848140389,0.509497603713228,0.19714135619820816
fw_heat,metabolism_per_area_mm2_measurement,time_to_peak,composite_score,8,0.6341828617898013,0.09126460848140389,0.509497603713228,0.19714135619820816
all,corrected_fc,auc_total,mean_rel_surv,9,-0.6276205565667923,0.07036502278970745,-0.4239915829015633,0.2554078609293556
sw_heat,corrected_fc,depression_abs,composite_score,9,-0.6276205565667923,0.07036502278970745,-0.5248480104379482,0.14683234196264386
all,metabolism_per_area_mm2_measurement,auc_total,mean_rel_surv,9,-0.619252282479235,0.07534651435930123,-0.3747373648584646,0.32037828969355414
freshwater_rt,corrected_fc,initial_slope,composite_score,8,0.6190476190476192,0.11498015873015872,0.6611377566376325,0.07422978101864414
freshwater_rt,corrected_fc,initial_slope,mean_surv_prop,8,0.6190476190476192,0.11498015873015872,0.7414057090725593,0.03528029160855712
freshwater_rt,corrected_fc,stability_cv,composite_score,8,-0.6190476190476192,0.11498015873015872,-0.717048597205713,0.045295453553058515
fw_heat,corrected_fc,auc_early,mean_surv_prop,8,0.6190476190476192,0.11498015873015872,0.9157135103878211,0.0014039370824336993
fw_heat,corrected_fc,auc_total,composite_score,8,0.6190476190476192,0.11498015873015872,0.5820108243633126,0.13012215096348492
fw_heat,metabolism_per_area_mm2_measurement,trough_value,composite_score,8,0.6190476190476192,0.11498015873015872,0.6874746153698688,0.059543375935707576
fw_heat,metabolism_per_area_mm2_measurement,vmax,mean_surv_prop,8,0.6190476190476192,0.11498015873015872,0.5363734669229374,0.17054249237567273
all,corrected_fc,delta_auc_late_minus_early,composite_score,9,-0.6166666666666667,0.0857253086419753,-0.6679094559120733,0.0492869667314977
all,corrected_fc,delta_auc_late_minus_early,mean_surv_prop,9,-0.6166666666666667,0.0857253086419753,-0.882307770818494,0.0016382695526561374
all,corrected_fc,depression_abs,mean_surv_prop,9,-0.6166666666666667,0.0857253086419753,-0.5922401801909785,0.09289733515207925
all,corrected_fc,late_early_auc_ratio,composite_score,9,-0.6166666666666667,0.0857253086419753,-0.56595831254454,0.11218179363597673
all,corrected_fc,time_to_vmax,composite_score,9,-0.6166666666666667,0.0857253086419753,-0.5976414625552432,0.08920596801922082
all,metabolism_per_area_mm2_measurement,auc_late,mean_surv_prop,9,-0.6166666666666667,0.0857253086419753,-0.8120581500320256,0.00784293566412191
all,metabolism_per_area_mm2_measurement,final_delta,composite_score,9,-0.6166666666666667,0.0857253086419753,-0.540284801460741,0.13317265222410854
all,metabolism_per_area_mm2_measurement,final_value,composite_score,9,-0.6166666666666667,0.0857253086419753,-0.5396572433308425,0.133712695319703
all,metabolism_per_area_mm2_measurement,late_early_auc_ratio,composite_score,9,-0.6166666666666667,0.0857253086419753,-0.5658729234746716,0.1122480593184434
all,metabolism_per_area_mm2_measurement,metabolic_scope,composite_score,9,-0.6166666666666667,0.0857253086419753,-0.5421843942082109,0.1315458332263663
all,metabolism_per_area_mm2_measurement,peak_value,composite_score,9,-0.6166666666666667,0.0857253086419753,-0.5415600745632797,0.1320791983551897
sw_heat,corrected_fc,auc_early,composite_score,9,-0.6166666666666667,0.0857253086419753,-0.5691820521385275,0.10969724666737991
sw_heat,corrected_fc,late_early_auc_ratio,composite_score,9,0.6166666666666667,0.0857253086419753,0.6535920675358274,0.056237143760773364
sw_heat,metabolism_per_area_mm2_measurement,late_early_auc_ratio,composite_score,9,0.6166666666666667,0.0857253086419753,0.6535920675358275,0.05623714376077327
sw_heat,corrected_fc,initial_slope,mean_rel_surv,9,-0.6108840083916778,0.08054182080979323,-0.34229974314347805,0.3672210405947316
fw_heat,metabolism_per_area_mm2_measurement,auc_early,mean_rel_surv,8,0.6107893935757621,0.10772123669287074,0.7684465763940773,0.025897402255067786
fw_heat,metabolism_per_area_mm2_measurement,auc_total,mean_rel_surv,8,0.6107893935757621,0.10772123669287074,0.6426288461090134,0.08570632640681473
all,corrected_fc,time_to_trough,composite_score,9,0.6050633809075329,0.08428283169307056,0.5074399790359984,0.16317883411646308
sw_heat,corrected_fc,final_delta,mean_rel_surv,9,-0.6025157343041205,0.08595335754058807,-0.4848311048512138,0.1859046481793799
sw_heat,corrected_fc,final_value,mean_rel_surv,9,-0.6025157343041205,0.08595335754058807,-0.48622397674919887,0.1844557150002285
all,corrected_fc,trough_value,composite_score,9,0.6,0.09679783950617284,0.4978568450145558,0.17260510759179581
all,corrected_fc,trough_value,mean_surv_prop,9,0.6,0.09679783950617284,0.6395337268709592,0.06363704309099164
sw_heat,corrected_fc,delta_auc_late_minus_early,mean_surv_prop,9,-0.6,0.09679783950617284,-0.7956291724992612,0.010337258754876207
sw_heat,corrected_fc,time_to_vmax,mean_surv_prop,9,0.6,0.09679783950617284,0.5281019269201346,0.14388779643415422
sw_heat,metabolism_per_area_mm2_measurement,time_to_vmax,mean_surv_prop,9,0.6,0.09679783950617284,0.5281019269201346,0.14388779643415422
fw_heat,metabolism_per_area_mm2_measurement,initial_slope,mean_rel_surv,8,0.5988131309566296,0.11675354405796767,0.755674852753025,0.030107330348596844
fw_heat,metabolism_per_area_mm2_measurement,metabolic_scope,mean_surv_prop,8,0.5952380952380953,0.13229166666666667,0.4884852268146008,0.21936169852072512
sw_heat,corrected_fc,time_to_trough,composite_score,9,0.5945728042652686,0.0912918995510415,0.614374118424203,0.07834889253811031
sw_heat,metabolism_per_area_mm2_measurement,time_to_trough,composite_score,9,0.5945728042652686,0.0912918995510415,0.614374118424203,0.07834889253811031
sw_heat,corrected_fc,time_to_vmax,mean_rel_surv,9,0.5941474602165634,0.09158336570110638,0.5307301263217701,0.14153493970665462
sw_heat,metabolism_per_area_mm2_measurement,time_to_vmax,mean_rel_surv,9,0.5941474602165634,0.09158336570110638,0.5307301263217701,0.14153493970665462
all,corrected_fc,late_early_auc_ratio,mean_rel_surv,9,-0.5857791861290061,0.09743391135780587,-0.4999030980842301,0.17056684100509192
all,metabolism_per_area_mm2_measurement,late_early_auc_ratio,mean_rel_surv,9,-0.5857791861290061,0.09743391135780587,-0.500606575328987,0.16986930883316284
sw_heat,corrected_fc,stability_cv,mean_rel_surv,9,0.5857791861290061,0.09743391135780587,0.28145728891128174,0.4631351811976261
sw_heat,metabolism_per_area_mm2_measurement,stability_cv,mean_rel_surv,9,0.5857791861290061,0.09743391135780587,0.2814572889112816,0.4631351811976263
all,corrected_fc,final_delta,mean_surv_prop,9,-0.5833333333333334,0.10799713403880071,-0.8235225543568149,0.006367735217039383
all,corrected_fc,final_value,mean_surv_prop,9,-0.5833333333333334,0.10799713403880071,-0.823325017489325,0.006391406830683914
all,corrected_fc,metabolic_scope,mean_surv_prop,9,-0.5833333333333334,0.10799713403880071,-0.8242773671924759,0.006277832792974005
all,corrected_fc,peak_value,mean_surv_prop,9,-0.5833333333333334,0.10799713403880071,-0.8240851560120466,0.006300643653920459
all,metabolism_per_area_mm2_measurement,delta_auc_late_minus_early,composite_score,9,-0.5833333333333334,0.10799713403880071,-0.6673536190651748,0.049545953320180955
sw_heat,corrected_fc,initial_slope,composite_score,9,-0.5833333333333334,0.10799713403880071,-0.45974455813807247,0.21309628795944557
sw_heat,metabolism_per_area_mm2_measurement,initial_slope,mean_surv_prop,9,-0.5833333333333334,0.10799713403880071,-0.6680730791066449,0.04921089327082508
all,metabolism_per_area_mm2_measurement,depression_abs,mean_rel_surv,9,-0.5774109120414489,0.10350688483298826,-0.4992537431128926,0.17121216126418
fw_heat,corrected_fc,time_to_min_slope,mean_rel_surv,8,0.5757681501090419,0.13529664169071576,0.689315103892636,0.05858818096230147
fw_heat,metabolism_per_area_mm2_measurement,time_to_min_slope,mean_rel_surv,8,0.5757681501090419,0.13529664169071576,0.689315103892636,0.05858818096230147
fw_heat,corrected_fc,initial_slope,mean_rel_surv,8,0.5748606057183643,0.13605826238809154,0.8347460445868636,0.009930135742780559
freshwater_rt,corrected_fc,time_to_vmax,composite_score,8,-0.5714285714285715,0.151140873015873,-0.6198078367407446,0.10119161446795366
freshwater_rt,corrected_fc,trough_value,composite_score,8,0.5714285714285715,0.151140873015873,0.6901420304652844,0.05816200811871847
freshwater_rt,metabolism_per_area_mm2_measurement,depression_abs,mean_surv_prop,8,-0.5714285714285715,0.151140873015873,-0.4422268049762574,0.27258715351519586
freshwater_rt,metabolism_per_area_mm2_measurement,metabolic_depression_index,mean_surv_prop,8,-0.5714285714285715,0.151140873015873,-0.3384298441356578,0.4122316704080374
freshwater_rt,metabolism_per_area_mm2_measurement,resilience_ratio,mean_surv_prop,8,0.5714285714285715,0.151140873015873,0.3384515153049492,0.4121998123384109
freshwater_rt,metabolism_per_area_mm2_measurement,time_to_vmax,composite_score,8,-0.5714285714285715,0.151140873015873,-0.6180326274441138,0.10245848901379688
fw_heat,metabolism_per_area_mm2_measurement,auc_late,composite_score,8,0.5714285714285715,0.151140873015873,0.5700063584597377,0.14017236429895338
all,metabolism_per_area_mm2_measurement,auc_total,mean_surv_prop,9,-0.5666666666666667,0.12057429453262787,-0.7475145610402606,0.020590005803902873
freshwater_rt,metabolism_per_area_mm2_measurement,delta_auc_late_minus_early,mean_rel_surv,8,-0.5628843430992317,0.14633153260555049,-0.8504152062722912,0.007456959926599252
sw_heat,metabolism_per_area_mm2_measurement,depression_abs,mean_surv_prop,9,-0.5606743638663344,0.11632679499319273,-0.5261934909704216,0.14561055380650745
fw_heat,corrected_fc,stability_cv,mean_rel_surv,8,-0.5509080804800992,0.15701842199789104,-0.7907207726986796,0.0194687523492185
fw_heat,corrected_fc,time_to_vmax,mean_surv_prop,8,-0.5509080804800992,0.15701842199789104,-0.6735022317974056,0.06709664741333118
fw_heat,corrected_fc,trough_value,mean_surv_prop,8,0.5509080804800992,0.15701842199789104,0.6919006111882622,0.05726184932963617
fw_heat,metabolism_per_area_mm2_measurement,stability_cv,mean_rel_surv,8,-0.5509080804800992,0.15701842199789104,-0.7907207726986797,0.019468752349218472
fw_heat,metabolism_per_area_mm2_measurement,time_to_vmax,mean_surv_prop,8,-0.5509080804800992,0.15701842199789104,-0.6735022317974056,0.06709664741333118
all,corrected_fc,final_delta,composite_score,9,-0.55,0.13277667548500882,-0.5607163542878906,0.11629349913895318
all,corrected_fc,final_value,composite_score,9,-0.55,0.13277667548500882,-0.5604629374956103,0.11649453012941421
all,corrected_fc,initial_slope,mean_surv_prop,9,-0.55,0.13277667548500882,-0.6445803239279145,0.06091410194077156
all,corrected_fc,metabolic_scope,composite_score,9,-0.55,0.13277667548500882,-0.5631824338732305,0.11434806913534112
all,corrected_fc,peak_value,composite_score,9,-0.55,0.13277667548500882,-0.562935845416582,0.11454171044942729
freshwater_rt,corrected_fc,stability_cv,mean_surv_prop,8,-0.5476190476190477,0.17098214285714286,-0.8230741165102191,0.012073442325134702
freshwater_rt,corrected_fc,time_to_vmax,mean_surv_prop,8,-0.5476190476190477,0.17098214285714286,-0.7462484911900029,0.03346822136342291
freshwater_rt,metabolism_per_area_mm2_measurement,metabolic_depression_index,composite_score,8,-0.5476190476190477,0.17098214285714286,-0.3961209719072002,0.3313108751008953
freshwater_rt,metabolism_per_area_mm2_measurement,resilience_ratio,composite_score,8,0.5476190476190477,0.17098214285714286,0.39576487577803526,0.3317856194385936
freshwater_rt,metabolism_per_area_mm2_measurement,time_to_vmax,mean_surv_prop,8,-0.5476190476190477,0.17098214285714286,-0.7429795215092772,0.03468498888637546
fw_heat,corrected_fc,auc_early,composite_score,8,0.5476190476190477,0.17098214285714286,0.7514927097897742,0.03157151731266634
fw_heat,corrected_fc,vmax,mean_surv_prop,8,0.5476190476190477,0.17098214285714286,0.5430913071993865,0.16421631377354706
freshwater_rt,metabolism_per_area_mm2_measurement,stability_cv,mean_rel_surv,8,-0.5389318178609666,0.16811803527951452,-0.8655811887972106,0.005476167131544208
fw_heat,corrected_fc,inflection_time,mean_surv_prop,8,-0.5389318178609666,0.16811803527951452,-0.5441380972479302,0.16324221736353817
fw_heat,metabolism_per_area_mm2_measurement,inflection_time,mean_surv_prop,8,-0.5389318178609666,0.16811803527951452,-0.5441380972479302,0.16324221736353817
sw_heat,metabolism_per_area_mm2_measurement,depression_abs,mean_rel_surv,9,-0.5378151260504203,0.1353053857111673,-0.4589526093325092,0.2139883974511084
all,corrected_fc,auc_late,mean_surv_prop,9,-0.5333333333333333,0.14752535273368605,-0.8042523466545262,0.008970095936280245
all,corrected_fc,auc_total,mean_surv_prop,9,-0.5333333333333333,0.14752535273368605,-0.7413290558729629,0.022262500365883106
all,corrected_fc,time_to_peak,composite_score,9,-0.5333333333333333,0.14752535273368605,-0.35602889306429514,0.34701399036331165
all,metabolism_per_area_mm2_measurement,initial_slope,mean_surv_prop,9,-0.5333333333333333,0.14752535273368605,-0.6400233302339069,0.06336958144596187
sw_heat,corrected_fc,delta_auc_late_minus_early,composite_score,9,-0.5333333333333333,0.14752535273368605,-0.5384460795103874,0.13475861097452058
sw_heat,corrected_fc,inflection_time,composite_score,9,0.5333333333333333,0.14752535273368605,0.4417920427326677,0.23382302523468673
sw_heat,metabolism_per_area_mm2_measurement,inflection_time,composite_score,9,0.5333333333333333,0.14752535273368605,0.4417920427326677,0.23382302523468673
all,corrected_fc,depression_abs,mean_rel_surv,9,-0.5272012675161055,0.1446993321338621,-0.423578293397613,0.25592114403759214
freshwater_rt,metabolism_per_area_mm2_measurement,depression_abs,mean_rel_surv,8,-0.526955555241834,0.1796289671569267,-0.3046825541025596,0.46309074725588517
fw_heat,corrected_fc,time_to_vmax,composite_score,8,-0.526955555241834,0.1796289671569267,-0.6458081489996124,0.08366637656128205
fw_heat,metabolism_per_area_mm2_measurement,time_to_vmax,composite_score,8,-0.526955555241834,0.1796289671569267,-0.6458081489996124,0.08366637656128205
freshwater_rt,corrected_fc,time_to_peak,composite_score,8,-0.5238095238095238,0.19662698412698412,-0.5547457072249774,0.15354896697883968
freshwater_rt,metabolism_per_area_mm2_measurement,trough_value,composite_score,8,0.5238095238095238,0.19662698412698412,0.6540680327836129,0.07849978444490756
all,metabolism_per_area_mm2_measurement,auc_late,composite_score,9,-0.5166666666666667,0.16180004409171075,-0.5081299703990059,0.16251185927397074
sw_heat,metabolism_per_area_mm2_measurement,min_slope,mean_rel_surv,9,-0.510464719340991,0.16026666791460523,-0.3628045528656188,0.3372461273812259
freshwater_rt,corrected_fc,vmax,mean_rel_surv,8,-0.5030030300035688,0.20387668200843206,-0.7220542218659715,0.043112720020757556
all,metabolism_per_area_mm2_measurement,time_to_trough,composite_score,9,0.5020964452534338,0.1683974346443199,0.5062762052622117,0.1643073543177543
freshwater_rt,metabolism_per_area_mm2_measurement,stability_cv,composite_score,8,-0.5000000000000001,0.21617063492063493,-0.7042674975855532,0.05116687936961302
fw_heat,corrected_fc,late_early_auc_ratio,composite_score,8,-0.5000000000000001,0.21617063492063493,-0.6458268352449397,0.08365447124648291
fw_heat,metabolism_per_area_mm2_measurement,final_delta,composite_score,8,0.5000000000000001,0.21617063492063493,0.4253874379155497,0.29339483764692537
fw_heat,metabolism_per_area_mm2_measurement,final_value,composite_score,8,0.5000000000000001,0.21617063492063493,0.4577023181647504,0.25413140127016315
fw_heat,metabolism_per_area_mm2_measurement,late_early_auc_ratio,composite_score,8,-0.5000000000000001,0.21617063492063493,-0.645826835244939,0.08365447124648338
fw_heat,metabolism_per_area_mm2_measurement,peak_value,composite_score,8,0.5000000000000001,0.21617063492063493,0.4525232241188392,0.26023604696075375
fw_heat,metabolism_per_area_mm2_measurement,trough_value,mean_surv_prop,8,0.5000000000000001,0.21617063492063493,0.6590661048401351,0.07546654046891345
all,corrected_fc,auc_late,composite_score,9,-0.5,0.17766203703703703,-0.5230521057256814,0.1484724466657359
fw_heat,corrected_fc,trough_value,mean_rel_surv,8,0.4879518072289156,0.21994189189419122,0.6907539326402404,0.057847845712723854
fw_heat,metabolism_per_area_mm2_measurement,auc_late,mean_rel_surv,8,0.47905050476530364,0.22974054535741786,0.5523848372525975,0.1556783227219275
freshwater_rt,corrected_fc,late_early_auc_ratio,composite_score,8,-0.4761904761904763,0.24305555555555555,-0.5274770448667088,0.1791191986170159
freshwater_rt,corrected_fc,metabolic_depression_index,mean_surv_prop,8,-0.4761904761904763,0.24305555555555555,-0.3398736925461835,0.4101114265798945
freshwater_rt,corrected_fc,resilience_ratio,mean_surv_prop,8,0.4761904761904763,0.24305555555555555,0.33991406406662905,0.410052209811346
freshwater_rt,metabolism_per_area_mm2_measurement,late_early_auc_ratio,composite_score,8,-0.4761904761904763,0.24305555555555555,-0.5242731814285737,0.18226331425251208
fw_heat,metabolism_per_area_mm2_measurement,vmax,composite_score,8,0.4761904761904763,0.24305555555555555,0.4743467836826955,0.23500713465233314
fw_heat,metabolism_per_area_mm2_measurement,final_delta,mean_rel_surv,8,0.467074242146171,0.24326991663399547,0.33470580697666324,0.41772188726765375
fw_heat,metabolism_per_area_mm2_measurement,final_value,mean_rel_surv,8,0.467074242146171,0.24326991663399547,0.3689591438515464,0.36842098016407
fw_heat,metabolism_per_area_mm2_measurement,peak_value,mean_rel_surv,8,0.467074242146171,0.24326991663399547,0.36640050721956186,0.372008980434597
all,metabolism_per_area_mm2_measurement,auc_total,composite_score,9,-0.4666666666666667,0.21252204585537918,-0.4238202695370556,0.2556205563344188
all,metabolism_per_area_mm2_measurement,time_to_peak,composite_score,9,-0.4666666666666667,0.21252204585537918,-0.3522124781695993,0.35257567929506184
sw_heat,corrected_fc,stability_cv,composite_score,9,0.4666666666666667,0.21252204585537918,0.47861155110004927,0.19245272211573897
sw_heat,metabolism_per_area_mm2_measurement,min_slope,mean_surv_prop,9,-0.4666666666666667,0.21252204585537918,-0.6522107062168419,0.05693874010591808
sw_heat,metabolism_per_area_mm2_measurement,stability_cv,composite_score,9,0.4666666666666667,0.21252204585537918,0.47861155110004916,0.19245272211573905
sw_heat,corrected_fc,depression_abs,mean_surv_prop,9,-0.46025507481564765,0.21252229468836062,-0.42269533172572044,0.2570195695684015
fw_heat,corrected_fc,time_to_peak,mean_surv_prop,8,0.456611660488657,0.25541093243875845,0.43651295544329616,0.279563470706194
fw_heat,metabolism_per_area_mm2_measurement,time_to_peak,mean_surv_prop,8,0.456611660488657,0.25541093243875845,0.43651295544329616,0.279563470706194
freshwater_rt,corrected_fc,delta_auc_late_minus_early,mean_rel_surv,8,-0.45509797952703845,0.2571920854587721,-0.8484318785553845,0.0077453544068798565
freshwater_rt,corrected_fc,time_to_peak,mean_rel_surv,8,-0.45509797952703845,0.2571920854587721,-0.3116224616697662,0.45243241111383015
freshwater_rt,corrected_fc,metabolic_depression_index,composite_score,8,-0.4523809523809525,0.26746031746031745,-0.3946849422472622,0.3332273180097642
freshwater_rt,corrected_fc,resilience_ratio,composite_score,8,0.4523809523809525,0.26746031746031745,0.3943591981022515,0.3336627549838244
freshwater_rt,corrected_fc,vmax,composite_score,8,-0.4523809523809525,0.26746031746031745,-0.5089007142174072,0.1977553993657322
fw_heat,metabolism_per_area_mm2_measurement,delta_auc_late_minus_early,mean_surv_prop,8,0.4523809523809525,0.26746031746031745,0.31740594372681025,0.44362768085940524
sw_heat,corrected_fc,min_slope,mean_rel_surv,9,-0.45188680072809045,0.22203877371139563,-0.3097793898360366,0.4172352846085393
sw_heat,metabolism_per_area_mm2_measurement,initial_slope,composite_score,9,-0.45,0.22981701940035273,-0.4617291806345421,0.21086970067848201
freshwater_rt,metabolism_per_area_mm2_measurement,initial_slope,mean_rel_surv,8,0.44312171690790586,0.2715023869225746,0.7636094754066486,0.027445922296505935
all,corrected_fc,auc_total,composite_score,9,-0.43333333333333335,0.24991732804232805,-0.44576159745606736,0.22914950317746602
fw_heat,corrected_fc,depression_abs,mean_surv_prop,8,-0.43124434601706485,0.28607285351540873,-0.4701101676751138,0.23980294497773913
fw_heat,corrected_fc,metabolic_depression_index,mean_surv_prop,8,-0.43124434601706485,0.28607285351540873,-0.4597961032461965,0.25168407687688116
fw_heat,corrected_fc,resilience_ratio,mean_surv_prop,8,0.43124434601706485,0.28607285351540845,0.459199302036857,0.2523804353610749
fw_heat,metabolism_per_area_mm2_measurement,depression_abs,mean_surv_prop,8,-0.43124434601706485,0.28607285351540873,-0.47714500471827487,0.23186669947643848
fw_heat,metabolism_per_area_mm2_measurement,metabolic_depression_index,mean_surv_prop,8,-0.43124434601706485,0.28607285351540873,-0.45979610324619685,0.2516840768768808
fw_heat,metabolism_per_area_mm2_measurement,resilience_ratio,mean_surv_prop,8,0.43124434601706485,0.28607285351540845,0.4591993020368582,0.25238043536107346
freshwater_rt,corrected_fc,late_early_auc_ratio,mean_rel_surv,8,-0.4311454542887733,0.2861957348053601,-0.6796716044673293,0.06369559685966669
freshwater_rt,metabolism_per_area_mm2_measurement,late_early_auc_ratio,mean_rel_surv,8,-0.4311454542887733,0.2861957348053601,-0.679129068116317,0.06399049004663432
freshwater_rt,metabolism_per_area_mm2_measurement,vmax,mean_rel_surv,8,-0.4311454542887733,0.2861957348053601,-0.6047681930571664,0.1122107556664873
fw_heat,corrected_fc,inflection_time,composite_score,8,-0.4311454542887733,0.2861957348053601,-0.46229729515388424,0.2487761834253998
fw_heat,metabolism_per_area_mm2_measurement,inflection_time,composite_score,8,-0.4311454542887733,0.2861957348053601,-0.46229729515388424,0.2487761834253998
fw_heat,metabolism_per_area_mm2_measurement,trough_value,mean_rel_surv,8,0.4311454542887733,0.2861957348053601,0.666313773617146,0.0711920478172489
freshwater_rt,corrected_fc,depression_abs,mean_surv_prop,8,-0.42857142857142866,0.2992063492063492,-0.4469246662540995,0.2669165304633527
freshwater_rt,metabolism_per_area_mm2_measurement,delta_auc_late_minus_early,composite_score,8,-0.42857142857142866,0.2992063492063492,-0.6293282394184723,0.09455115870560629
fw_heat,corrected_fc,final_delta,mean_surv_prop,8,0.42857142857142866,0.2992063492063492,0.4965506297532745,0.2106859765048093
fw_heat,corrected_fc,final_value,mean_surv_prop,8,0.42857142857142866,0.2992063492063492,0.5328358085844926,0.17392589764184488
fw_heat,corrected_fc,metabolic_scope,mean_surv_prop,8,0.42857142857142866,0.2992063492063492,0.4911644770668218,0.21645952531802798
fw_heat,corrected_fc,peak_value,mean_surv_prop,8,0.42857142857142866,0.2992063492063492,0.5286923423793232,0.17793423006136647
fw_heat,metabolism_per_area_mm2_measurement,metabolic_scope,composite_score,8,0.42857142857142866,0.2992063492063492,0.41911317571976253,0.30133800096380686
all,corrected_fc,auc_early,mean_rel_surv,9,-0.42678197846541877,0.2519566902874008,-0.2219265844968024,0.5660417241874767
sw_heat,metabolism_per_area_mm2_measurement,initial_slope,mean_rel_surv,9,-0.42678197846541877,0.2519566902874008,-0.3310623586611686,0.38416687220281914
fw_heat,corrected_fc,auc_early,mean_rel_surv,8,0.4191691916696407,0.3012666326633441,0.847280302415055,0.007916017954700415
all,corrected_fc,cup_id_group,mean_surv_prop,9,-0.4166666666666667,0.2695822310405644,-0.21732916318614415,0.5743185807108792
all,metabolism_per_area_mm2_measurement,cup_id_group,mean_surv_prop,9,-0.4166666666666667,0.2695822310405644,-0.21732916318614415,0.5743185807108792
sw_heat,corrected_fc,cup_id_group,mean_surv_prop,9,-0.4166666666666667,0.2695822310405644,-0.21732916318614415,0.5743185807108792
sw_heat,metabolism_per_area_mm2_measurement,cup_id_group,mean_surv_prop,9,-0.4166666666666667,0.2695822310405644,-0.21732916318614415,0.5743185807108792
fw_heat,corrected_fc,time_to_vmax,mean_rel_surv,8,-0.41566265060240964,0.30574986675065285,-0.6376461239984185,0.08896096561840386
fw_heat,metabolism_per_area_mm2_measurement,time_to_vmax,mean_rel_surv,8,-0.41566265060240964,0.30574986675065285,-0.6376461239984185,0.08896096561840386
all,corrected_fc,trough_value,mean_rel_surv,9,0.41004543029030427,0.27302974714377237,0.16475527458854308,0.6718630590826413
freshwater_rt,corrected_fc,auc_late,mean_rel_surv,8,-0.4071929290505081,0.31670918491612815,-0.6958118988388435,0.055289759270670556
freshwater_rt,corrected_fc,delta_auc_late_minus_early,composite_score,8,-0.40476190476190477,0.32683531746031746,-0.6337739170700079,0.09153887447098918
freshwater_rt,metabolism_per_area_mm2_measurement,auc_early,composite_score,8,0.40476190476190477,0.32683531746031746,0.2992643113765709,0.47148159825813174
freshwater_rt,metabolism_per_area_mm2_measurement,delta_auc_late_minus_early,mean_surv_prop,8,-0.40476190476190477,0.32683531746031746,-0.8387649727560326,0.009252641516535865
fw_heat,corrected_fc,late_early_auc_ratio,mean_surv_prop,8,-0.40476190476190477,0.32683531746031746,-0.6929824123278251,0.056712268447443974
fw_heat,metabolism_per_area_mm2_measurement,late_early_auc_ratio,mean_surv_prop,8,-0.40476190476190477,0.32683531746031746,-0.6929824123278248,0.05671226844744413
all,metabolism_per_area_mm2_measurement,initial_slope,composite_score,9,-0.4,0.2911926807760141,-0.3997461061727466,0.2864396909357086
sw_heat,corrected_fc,min_slope,mean_surv_prop,9,-0.4,0.2911926807760141,-0.5603983439625209,0.11654580432370854
sw_heat,corrected_fc,time_to_vmax,composite_score,9,0.4,0.2911926807760141,0.4445135822396551,0.23061331816897837
sw_heat,metabolism_per_area_mm2_measurement,time_to_vmax,composite_score,9,0.4,0.2911926807760141,0.4445135822396551,0.23061331816897837
fw_heat,metabolism_per_area_mm2_measurement,metabolic_scope,mean_rel_surv,8,0.3952166664313755,0.33251710793382766,0.33117773279742146,0.4229517232389102
sw_heat,corrected_fc,trough_value,mean_rel_surv,9,-0.39330888211518983,0.2949902441700329,-0.5101342830438079,0.1605833342617062
all,metabolism_per_area_mm2_measurement,initial_slope,mean_rel_surv,9,-0.3849406080276326,0.30629853528662415,-0.23677592983009257,0.5396145323188166
all,corrected_fc,initial_slope,composite_score,9,-0.38333333333333336,0.3125,-0.40222434997744905,0.28318243735494714
freshwater_rt,corrected_fc,late_early_auc_ratio,mean_surv_prop,8,-0.380952380952381,0.35987103174603174,-0.6760158902404271,0.06569827391067949
freshwater_rt,metabolism_per_area_mm2_measurement,late_early_auc_ratio,mean_surv_prop,8,-0.380952380952381,0.35987103174603174,-0.6719354261844032,0.06797709708283932
freshwater_rt,metabolism_per_area_mm2_measurement,stability_cv,mean_surv_prop,8,-0.380952380952381,0.35987103174603174,-0.8086693562025037,0.015093759002750604
freshwater_rt,corrected_fc,depression_abs,mean_rel_surv,8,-0.37126414119311035,0.365202058019778,-0.3303540558272373,0.424176671114295
freshwater_rt,corrected_fc,initial_slope,mean_rel_surv,8,0.37126414119311035,0.365202058019778,0.5923818455166817,0.12177435531644153
sw_heat,corrected_fc,depression_abs,mean_rel_surv,9,-0.3697478991596639,0.327378959681537,-0.33383146493914984,0.37995758512409655
all,corrected_fc,initial_slope,mean_rel_surv,9,-0.3598357857649609,0.34150911849403404,-0.26585278716771316,0.48930187437364936
freshwater_rt,corrected_fc,metabolic_scope,mean_rel_surv,8,-0.3592878785739777,0.3820646773649863,-0.6960414648531997,0.05517529244343796
freshwater_rt,corrected_fc,peak_value,mean_rel_surv,8,-0.3592878785739777,0.3820646773649863,-0.6945357621669814,0.055928657427991746
freshwater_rt,metabolism_per_area_mm2_measurement,time_to_peak,mean_rel_surv,8,-0.3592878785739777,0.3820646773649863,-0.09427516609172215,0.8242786452642458
freshwater_rt,metabolism_per_area_mm2_measurement,depression_abs,composite_score,8,-0.3571428571428572,0.38938492063492064,-0.5249250709928737,0.18162120847899596
fw_heat,corrected_fc,auc_late,mean_surv_prop,8,0.3571428571428572,0.38938492063492064,0.6381635992522163,0.0886196834463601
fw_heat,corrected_fc,min_slope,mean_surv_prop,8,0.3571428571428572,0.38938492063492064,0.21404565466772316,0.6107541838590177
fw_heat,corrected_fc,vmax,composite_score,8,0.3571428571428572,0.38938492063492064,0.3823532003134644,0.3498954479163234
fw_heat,corrected_fc,delta_auc_late_minus_early,mean_rel_surv,8,0.34731161595484517,0.39926387420328163,0.21153612853405232,0.6150430711827577
freshwater_rt,metabolism_per_area_mm2_measurement,auc_late,mean_rel_surv,8,-0.3353353533357125,0.4167915909642739,-0.6999977485262842,0.05322484802237411
sw_heat,corrected_fc,delta_auc_late_minus_early,mean_rel_surv,9,-0.3347309635022892,0.37859496128192693,-0.4946803954522102,0.17579659750323198
freshwater_rt,corrected_fc,delta_auc_late_minus_early,mean_surv_prop,8,-0.33333333333333337,0.4278769841269841,-0.8030058990553035,0.016399293436945815
freshwater_rt,corrected_fc,min_slope,mean_surv_prop,8,0.33333333333333337,0.4278769841269841,-0.06096889390681814,0.8859663004324744
freshwater_rt,corrected_fc,time_to_peak,mean_surv_prop,8,-0.33333333333333337,0.4278769841269841,-0.20832547065207055,0.620544125362835
freshwater_rt,metabolism_per_area_mm2_measurement,auc_early,mean_surv_prop,8,0.33333333333333337,0.4278769841269841,0.07353962990349516,0.8626095223592556
freshwater_rt,metabolism_per_area_mm2_measurement,time_to_peak,mean_surv_prop,8,-0.33333333333333337,0.4278769841269841,-0.07613698462323291,0.8577938868476462
all,corrected_fc,time_to_min_slope,composite_score,9,0.3333333333333333,0.3853229717813051,-0.1340601314139822,0.7309521646993117
fw_heat,corrected_fc,time_to_peak,mean_rel_surv,8,0.32537581907773655,0.431611931843562,0.34012179855353275,0.4097475638934285
fw_heat,metabolism_per_area_mm2_measurement,time_to_peak,mean_rel_surv,8,0.32537581907773655,0.431611931843562,0.34012179855353275,0.4097475638934285
freshwater_rt,corrected_fc,min_slope,mean_rel_surv,8,0.3113828280974474,0.45279875742633746,-0.07144355845132498,0.8664984560781301
freshwater_rt,corrected_fc,metabolic_scope,composite_score,8,-0.3095238095238096,0.4618055555555556,-0.4183997377269639,0.30224768267759383
freshwater_rt,corrected_fc,peak_value,composite_score,8,-0.3095238095238096,0.4618055555555556,-0.4168843116618725,0.30418432367549725
all,metabolism_per_area_mm2_measurement,min_slope,mean_rel_surv,9,-0.30125786715206027,0.43082315771331503,-0.2972028964748556,0.43735702409280763
all,corrected_fc,auc_early,mean_surv_prop,9,-0.3,0.43662367724867723,-0.5732486524049099,0.10661086276360587
freshwater_rt,metabolism_per_area_mm2_measurement,metabolic_scope,mean_rel_surv,8,-0.2994065654783148,0.47126052870155843,-0.6346178858310609,0.09097337390779761
freshwater_rt,metabolism_per_area_mm2_measurement,peak_value,mean_rel_surv,8,-0.2994065654783148,0.47126052870155843,-0.6330661136494253,0.09201469940177336
fw_heat,corrected_fc,inflection_time,mean_rel_surv,8,-0.29518072289156627,0.4778452559227707,-0.4247358398920465,0.2942149831004171
fw_heat,metabolism_per_area_mm2_measurement,inflection_time,mean_rel_surv,8,-0.29518072289156627,0.4778452559227707,-0.4247358398920465,0.2942149831004171
sw_heat,metabolism_per_area_mm2_measurement,trough_value,mean_rel_surv,9,-0.2928895930645031,0.44435469568522534,-0.4889516010507861,0.1816368791636058
freshwater_rt,corrected_fc,auc_early,mean_surv_prop,8,0.28571428571428575,0.5007936507936508,-0.07748062884590197,0.8553041930655515
freshwater_rt,corrected_fc,auc_late,composite_score,8,-0.28571428571428575,0.5007936507936508,-0.4072772529020334,0.31659917040049146
freshwater_rt,corrected_fc,min_slope,composite_score,8,0.28571428571428575,0.5007936507936508,0.08698031914408229,0.8377326048993856
freshwater_rt,corrected_fc,vmax,mean_surv_prop,8,-0.28571428571428575,0.5007936507936508,-0.5697898865987188,0.1403574139794144
freshwater_rt,metabolism_per_area_mm2_measurement,auc_late,mean_surv_prop,8,-0.28571428571428575,0.5007936507936508,-0.6563245466674911,0.07712167891026996
freshwater_rt,metabolism_per_area_mm2_measurement,time_to_peak,composite_score,8,-0.28571428571428575,0.5007936507936508,-0.32544684231783644,0.43150547313454063
fw_heat,corrected_fc,delta_auc_late_minus_early,mean_surv_prop,8,0.28571428571428575,0.5007936507936508,0.24086767777765636,0.5655371657418937
fw_heat,metabolism_per_area_mm2_measurement,delta_auc_late_minus_early,composite_score,8,0.28571428571428575,0.5007936507936508,0.25258431441760315,0.5461621075800316
fw_heat,metabolism_per_area_mm2_measurement,min_slope,mean_surv_prop,8,0.28571428571428575,0.5007936507936508,0.18271510501354424,0.6649576977269285
all,corrected_fc,cup_id_group,mean_rel_surv,9,-0.2761530448893886,0.47196179260238635,0.005008890321925341,0.9897961857651605
all,metabolism_per_area_mm2_measurement,cup_id_group,mean_rel_surv,9,-0.2761530448893886,0.47196179260238635,0.005008890321925341,0.9897961857651605
sw_heat,corrected_fc,cup_id_group,mean_rel_surv,9,-0.2761530448893886,0.47196179260238635,0.005008890321925341,0.9897961857651605
sw_heat,metabolism_per_area_mm2_measurement,cup_id_group,mean_rel_surv,9,-0.2761530448893886,0.47196179260238635,0.005008890321925341,0.9897961857651605
fw_heat,corrected_fc,auc_late,mean_rel_surv,8,0.2754540402400496,0.5090540726550731,0.5834453158763131,0.12894900996657702
fw_heat,metabolism_per_area_mm2_measurement,delta_auc_late_minus_early,mean_rel_surv,8,0.2754540402400496,0.5090540726550731,0.23883220677950326,0.5689271901838908
fw_heat,metabolism_per_area_mm2_measurement,vmax,mean_rel_surv,8,0.2754540402400496,0.5090540726550731,0.36728794520307945,0.3707627497845807
fw_heat,corrected_fc,depression_abs,mean_rel_surv,8,-0.27433647490867985,0.5108447799937318,-0.36683449964234205,0.37139928986029164
fw_heat,corrected_fc,metabolic_depression_index,mean_rel_surv,8,-0.27433647490867985,0.5108447799937318,-0.3668121239954311,0.3714307131363481
fw_heat,corrected_fc,resilience_ratio,mean_rel_surv,8,0.27433647490867985,0.5108447799937318,0.3666101965669455,0.3717143441618523
fw_heat,metabolism_per_area_mm2_measurement,depression_abs,mean_rel_surv,8,-0.27433647490867985,0.5108447799937318,-0.3952360853851119,0.33249118392630744
fw_heat,metabolism_per_area_mm2_measurement,metabolic_depression_index,mean_rel_surv,8,-0.27433647490867985,0.5108447799937318,-0.3668121239954313,0.37143071313634785
fw_heat,metabolism_per_area_mm2_measurement,resilience_ratio,mean_rel_surv,8,0.27433647490867985,0.5108447799937318,0.3666101965669471,0.37171434416185023
all,metabolism_per_area_mm2_measurement,auc_early,mean_rel_surv,9,-0.2677847708018314,0.48602961418885315,-0.1310325971230169,0.7368524638025279
all,metabolism_per_area_mm2_measurement,min_slope,mean_surv_prop,9,-0.26666666666666666,0.4933311287477954,-0.5987865795274644,0.08843514555845904
sw_heat,metabolism_per_area_mm2_measurement,min_slope,composite_score,9,-0.26666666666666666,0.4933311287477954,-0.2686446763891806,0.48457609100885424
freshwater_rt,corrected_fc,final_delta,mean_rel_surv,8,-0.263477777620917,0.5283664705769091,-0.6919442359400837,0.05723962568353902
freshwater_rt,corrected_fc,final_value,mean_rel_surv,8,-0.263477777620917,0.5283664705769091,-0.6904321038294228,0.05801295236254403
fw_heat,corrected_fc,min_slope,composite_score,8,0.2619047619047619,0.5364087301587301,0.15544785929250682,0.7131965363062494
freshwater_rt,metabolism_per_area_mm2_measurement,auc_total,mean_rel_surv,8,-0.23952525238265182,0.5677721522592927,-0.5470457354201275,0.16055301630427202
freshwater_rt,corrected_fc,depression_abs,composite_score,8,-0.23809523809523814,0.5821428571428572,-0.5182435960334322,0.1882597906919278
fw_heat,metabolism_per_area_mm2_measurement,min_slope,composite_score,8,0.23809523809523814,0.5821428571428572,0.14704242790441377,0.7282437627884575
all,corrected_fc,min_slope,mean_rel_surv,9,-0.23431167445160245,0.5439670667628351,-0.245057466756364,0.5250861974842197
all,corrected_fc,metabolic_depression_index,composite_score,9,-0.23333333333333334,0.5517085537918871,-0.19882118128366144,0.6080710821952586
all,corrected_fc,resilience_ratio,composite_score,9,0.23333333333333334,0.5517085537918871,0.18406912173834736,0.6354441517958439
all,metabolism_per_area_mm2_measurement,auc_early,mean_surv_prop,9,-0.23333333333333334,0.5517085537918871,-0.5603294649327799,0.11660049524208504
all,metabolism_per_area_mm2_measurement,metabolic_depression_index,composite_score,9,-0.23333333333333334,0.5517085537918871,-0.19891272915516917,0.6079024783634032
all,metabolism_per_area_mm2_measurement,resilience_ratio,composite_score,9,0.23333333333333334,0.5517085537918871,0.1842224797592253,0.6351575486680895
all,metabolism_per_area_mm2_measurement,time_to_min_slope,composite_score,9,0.23333333333333334,0.5517085537918871,-0.1293455316782401,0.740145539346623
freshwater_rt,corrected_fc,auc_total,mean_rel_surv,8,-0.22754898976351923,0.5878445645010817,-0.5508771180245834,0.15704658640013933
fw_heat,corrected_fc,final_delta,mean_rel_surv,8,0.22754898976351923,0.5878445645010819,0.3717987239505971,0.36445733486686976
fw_heat,corrected_fc,final_value,mean_rel_surv,8,0.22754898976351923,0.5878445645010819,0.4119775687338749,0.31049554026216164
fw_heat,corrected_fc,metabolic_scope,mean_rel_surv,8,0.22754898976351923,0.5878445645010819,0.36736521429568597,0.370654329442028
fw_heat,corrected_fc,peak_value,mean_rel_surv,8,0.22754898976351923,0.5878445645010819,0.4086861667915852,0.3147636893970453
fw_heat,corrected_fc,vmax,mean_rel_surv,8,0.22754898976351923,0.5878445645010819,0.4032859326066198,0.3218263388003546
sw_heat,corrected_fc,metabolic_depression_index,composite_score,9,-0.22594340036404523,0.5588463751684138,-0.12385579531588717,0.7508863263636212
sw_heat,corrected_fc,resilience_ratio,composite_score,9,0.22594340036404523,0.5588463751684141,0.11021070287566721,0.7777407812466204
sw_heat,metabolism_per_area_mm2_measurement,metabolic_depression_index,composite_score,9,-0.22594340036404523,0.5588463751684138,-0.12385579531588733,0.750886326363621
sw_heat,metabolism_per_area_mm2_measurement,resilience_ratio,composite_score,9,0.22594340036404523,0.5588463751684141,0.11021070287566721,0.7777407812466204
sw_heat,corrected_fc,time_to_min_slope,composite_score,9,-0.21666666666666667,0.5809413580246914,-0.1089843169643473,0.7801648041536177
sw_heat,metabolism_per_area_mm2_measurement,time_to_min_slope,composite_score,9,-0.21666666666666667,0.5809413580246914,-0.1089843169643473,0.7801648041536177
freshwater_rt,metabolism_per_area_mm2_measurement,final_delta,mean_rel_surv,8,-0.21557272714438666,0.6081490663684048,-0.6298997767159541,0.094160745529711945
freshwater_rt,metabolism_per_area_mm2_measurement,final_value,mean_rel_surv,8,-0.21557272714438666,0.6081490663684048,-0.6283371240520087,0.09523039037266247
freshwater_rt,corrected_fc,auc_late,mean_surv_prop,8,-0.21428571428571433,0.6190972222222222,-0.6035092202916511,0.1131626473866918
freshwater_rt,metabolism_per_area_mm2_measurement,auc_late,composite_score,8,-0.21428571428571433,0.6190972222222222,-0.39373460308687086,0.33449842064693663
freshwater_rt,metabolism_per_area_mm2_measurement,vmax,composite_score,8,-0.21428571428571433,0.6190972222222222,-0.3431930207589461,0.40525494981814986
freshwater_rt,metabolism_per_area_mm2_measurement,auc_early,mean_rel_surv,8,0.20359646452525404,0.6286746732890389,-0.010892304369886436,0.9795785446089462
fw_heat,corrected_fc,late_early_auc_ratio,mean_rel_surv,8,-0.20359646452525404,0.6286746732890389,-0.613019725277307,0.1060846968932278
fw_heat,metabolism_per_area_mm2_measurement,late_early_auc_ratio,mean_rel_surv,8,-0.20359646452525404,0.6286746732890389,-0.6130197252773064,0.10608469689322822
all,corrected_fc,auc_early,composite_score,9,-0.2,0.6134038800705467,-0.26865866488169216,0.48455246079296743
all,corrected_fc,metabolic_depression_index,mean_surv_prop,9,-0.2,0.6134038800705467,-0.05263086751781837,0.8930284660056671
all,corrected_fc,resilience_ratio,mean_surv_prop,9,0.2,0.6134038800705467,0.038028353535046376,0.9226225758603908
all,metabolism_per_area_mm2_measurement,metabolic_depression_index,mean_surv_prop,9,-0.2,0.6134038800705467,-0.053048951245976014,0.8921826854929922
all,metabolism_per_area_mm2_measurement,resilience_ratio,mean_surv_prop,9,0.2,0.6134038800705467,0.03849429320617792,0.9216768415058806
sw_heat,corrected_fc,trough_value,composite_score,9,-0.2,0.6134038800705467,-0.14168557279077781,0.7161456555594136
freshwater_rt,corrected_fc,auc_early,composite_score,8,0.1904761904761905,0.6645833333333333,0.06602268860671222,0.8765667291757482
freshwater_rt,corrected_fc,metabolic_scope,mean_surv_prop,8,-0.1904761904761905,0.6645833333333333,-0.5898651090450723,0.12377159958676372
freshwater_rt,corrected_fc,peak_value,mean_surv_prop,8,-0.1904761904761905,0.6645833333333333,-0.588097607933683,0.1251851836249775
all,corrected_fc,stability_cv,mean_surv_prop,9,0.18333333333333332,0.6436397707231041,0.28367572391015683,0.4594646382719022
all,metabolism_per_area_mm2_measurement,stability_cv,mean_surv_prop,9,0.18333333333333332,0.6436397707231041,0.27918644950622207,0.46690534153308927
fw_heat,corrected_fc,min_slope,mean_rel_surv,8,0.17964393928698885,0.670344277246939,0.12521740242645876,0.7676599933340695
freshwater_rt,metabolism_per_area_mm2_measurement,metabolic_scope,composite_score,8,-0.16666666666666669,0.7033234126984127,-0.33927048961807316,0.41099663942693204
freshwater_rt,metabolism_per_area_mm2_measurement,peak_value,composite_score,8,-0.16666666666666669,0.7033234126984127,-0.33760502549977406,0.4134449931655823
sw_heat,corrected_fc,metabolic_depression_index,mean_surv_prop,9,-0.15899720766358738,0.6828398157150519,0.028608139862012404,0.9417597096275556
sw_heat,corrected_fc,resilience_ratio,mean_surv_prop,9,0.15899720766358738,0.6828398157150524,-0.04191065317432373,0.9147451944014027
sw_heat,metabolism_per_area_mm2_measurement,metabolic_depression_index,mean_surv_prop,9,-0.15899720766358738,0.6828398157150519,0.028608139862012286,0.9417597096275558
sw_heat,metabolism_per_area_mm2_measurement,resilience_ratio,mean_surv_prop,9,0.15899720766358738,0.6828398157150524,-0.04191065317432373,0.9147451944014027
all,corrected_fc,cup_id_group,composite_score,9,-0.15,0.7080687830687831,-0.18936185096100464,0.6255772633769394
all,corrected_fc,min_slope,composite_score,9,0.15,0.7080687830687831,0.04343227796507581,0.9116594588885062
all,corrected_fc,min_slope,mean_surv_prop,9,-0.15,0.7080687830687831,-0.33489387346664834,0.37834842055267554
all,corrected_fc,stability_cv,composite_score,9,-0.15,0.7080687830687831,0.05764850344552351,0.8828841936845221
all,metabolism_per_area_mm2_measurement,cup_id_group,composite_score,9,-0.15,0.7080687830687831,-0.18936185096100464,0.6255772633769394
all,metabolism_per_area_mm2_measurement,stability_cv,composite_score,9,-0.15,0.7080687830687831,0.055021427385884884,0.888193660675159
sw_heat,corrected_fc,cup_id_group,composite_score,9,-0.15,0.7080687830687831,-0.18936185096100464,0.6255772633769394
sw_heat,corrected_fc,time_to_min_slope,mean_surv_prop,9,-0.15,0.7080687830687831,-0.042445124160249766,0.9136612150912993
sw_heat,metabolism_per_area_mm2_measurement,cup_id_group,composite_score,9,-0.15,0.7080687830687831,-0.18936185096100464,0.6255772633769394
sw_heat,metabolism_per_area_mm2_measurement,time_to_min_slope,mean_surv_prop,9,-0.15,0.7080687830687831,-0.042445124160249766,0.9136612150912993
freshwater_rt,corrected_fc,final_delta,composite_score,8,-0.14285714285714288,0.7520337301587302,-0.41315760309552285,0.3089720834727094
freshwater_rt,corrected_fc,final_value,composite_score,8,-0.14285714285714288,0.7520337301587302,-0.4116379121163424,0.3109347086526254
freshwater_rt,metabolism_per_area_mm2_measurement,auc_total,mean_surv_prop,8,-0.14285714285714288,0.7520337301587302,-0.4866121934202605,0.2214024693593338
freshwater_rt,metabolism_per_area_mm2_measurement,min_slope,mean_surv_prop,8,0.14285714285714288,0.7520337301587302,-0.10648980373368008,0.8018359860238704
freshwater_rt,metabolism_per_area_mm2_measurement,vmax,mean_surv_prop,8,-0.14285714285714288,0.7520337301587302,-0.4780764798298738,0.2308261061197722
fw_heat,corrected_fc,final_delta,composite_score,8,0.14285714285714288,0.7520337301587302,0.3187069121086892,0.44165692514108557
fw_heat,corrected_fc,final_value,composite_score,8,0.14285714285714288,0.7520337301587302,0.36286366273093607,0.37699435999612085
fw_heat,corrected_fc,metabolic_scope,composite_score,8,0.14285714285714288,0.7520337301587302,0.3080264472660928,0.45794260908460205
fw_heat,corrected_fc,peak_value,composite_score,8,0.14285714285714288,0.7520337301587302,0.3535265499117689,0.39029703991200493
freshwater_rt,metabolism_per_area_mm2_measurement,metabolic_scope,mean_surv_prop,8,-0.11904761904761907,0.7930059523809524,-0.5691234122717875,0.14092799473024115
freshwater_rt,metabolism_per_area_mm2_measurement,min_slope,composite_score,8,0.11904761904761907,0.7930059523809524,0.0837820649302242,0.8436422085864428
freshwater_rt,metabolism_per_area_mm2_measurement,peak_value,mean_surv_prop,8,-0.11904761904761907,0.7930059523809524,-0.5672188822196133,0.14256556262379705
sw_heat,corrected_fc,metabolic_depression_index,mean_rel_surv,9,0.11764705882352942,0.7630785348018599,0.32394600672847884,0.3950837374704695
sw_heat,corrected_fc,resilience_ratio,mean_rel_surv,9,-0.11764705882352942,0.7630785348018599,-0.339105654290052,0.37200085370002534
sw_heat,metabolism_per_area_mm2_measurement,metabolic_depression_index,mean_rel_surv,9,0.11764705882352942,0.7630785348018599,0.32394600672847884,0.3950837374704695
sw_heat,metabolism_per_area_mm2_measurement,resilience_ratio,mean_rel_surv,9,-0.11764705882352942,0.7630785348018599,-0.339105654290052,0.37200085370002534
all,corrected_fc,time_to_min_slope,mean_rel_surv,9,0.11715583722580122,0.7640451166486226,0.13898674532179991,0.7213769417540549
all,corrected_fc,metabolic_depression_index,mean_rel_surv,9,0.10041928905068677,0.7971388092372129,0.25649062569909964,0.5052861857269344
all,corrected_fc,resilience_ratio,mean_rel_surv,9,-0.10041928905068677,0.7971388092372127,-0.2728996637222643,0.47741046151070865
all,corrected_fc,stability_cv,mean_rel_surv,9,-0.10041928905068677,0.7971388092372127,-0.23303855764833992,0.5462209559271385
all,metabolism_per_area_mm2_measurement,metabolic_depression_index,mean_rel_surv,9,0.10041928905068677,0.7971388092372129,0.2555093222503855,0.5069736702784226
all,metabolism_per_area_mm2_measurement,resilience_ratio,mean_rel_surv,9,-0.10041928905068677,0.7971388092372127,-0.2719068850845303,0.47907836622688993
all,metabolism_per_area_mm2_measurement,stability_cv,mean_rel_surv,9,-0.10041928905068677,0.7971388092372127,-0.235557828264891,0.5417643541012043
all,metabolism_per_area_mm2_measurement,time_to_min_slope,mean_surv_prop,9,-0.1,0.8099812610229277,-0.39346166350106554,0.29478580648254027
sw_heat,corrected_fc,min_slope,composite_score,9,-0.1,0.8099812610229277,-0.16734130077973608,0.6669505196239742
freshwater_rt,metabolism_per_area_mm2_measurement,min_slope,mean_rel_surv,8,0.09581010095306072,0.8214524032504529,-0.1459219224855458,0.7302555171382022
fw_heat,metabolism_per_area_mm2_measurement,min_slope,mean_rel_surv,8,0.09581010095306072,0.8214524032504529,0.08113426196898124,0.8485395504678188
freshwater_rt,metabolism_per_area_mm2_measurement,final_delta,composite_score,8,-0.09523809523809525,0.8401289682539682,-0.3333831620498306,0.4196792688578985
freshwater_rt,metabolism_per_area_mm2_measurement,final_delta,mean_surv_prop,8,-0.09523809523809525,0.8401289682539682,-0.5633215550862334,0.14594921286535267
freshwater_rt,metabolism_per_area_mm2_measurement,final_value,composite_score,8,-0.09523809523809525,0.8401289682539682,-0.331710183685937,0.42216067634581805
freshwater_rt,metabolism_per_area_mm2_measurement,final_value,mean_surv_prop,8,-0.09523809523809525,0.8401289682539682,-0.5614068422686009,0.14762761154924414
fw_heat,corrected_fc,auc_late,composite_score,8,0.09523809523809525,0.8401289682539682,0.4592315753117143,0.25234275355504515
fw_heat,corrected_fc,delta_auc_late_minus_early,composite_score,8,0.09523809523809525,0.8401289682539682,0.09368747289055128,0.8253611904437709
sw_heat,metabolism_per_area_mm2_measurement,trough_value,composite_score,9,-0.08333333333333333,0.8431823192239859,-0.1437082308161312,0.712231700662137
all,metabolism_per_area_mm2_measurement,time_to_min_slope,mean_rel_surv,9,0.07531446678801507,0.8472940220818165,0.1505716383236405,0.698994344168709
freshwater_rt,corrected_fc,auc_early,mean_rel_surv,8,0.07185757571479554,0.8657301238340007,-0.1889953165689594,0.6539818157600796
sw_heat,corrected_fc,time_to_min_slope,mean_rel_surv,9,0.06694619270045785,0.8641266713551772,0.23693520072248078,0.5393336781755433
sw_heat,metabolism_per_area_mm2_measurement,time_to_min_slope,mean_rel_surv,9,0.06694619270045785,0.8641266713551772,0.23693520072248078,0.5393336781755433
all,metabolism_per_area_mm2_measurement,auc_early,composite_score,9,-0.06666666666666667,0.8800925925925925,-0.21544503065645113,0.5777232483249217
sw_heat,corrected_fc,trough_value,mean_surv_prop,9,-0.06666666666666667,0.8800925925925925,-0.06336390094648577,0.8713472324444437
sw_heat,metabolism_per_area_mm2_measurement,trough_value,mean_surv_prop,9,0.05,0.9116181657848325,-0.034377653801219606,0.9300353548364491
freshwater_rt,corrected_fc,auc_total,composite_score,8,-0.04761904761904762,0.9348710317460317,-0.25627429915611466,0.54011016255136
freshwater_rt,corrected_fc,auc_total,mean_surv_prop,8,-0.04761904761904762,0.9348710317460317,-0.4454204551977311,0.26872578269886904
freshwater_rt,corrected_fc,final_delta,mean_surv_prop,8,-0.04761904761904762,0.9348710317460317,-0.5849412574571559,0.12773194084026698
freshwater_rt,corrected_fc,final_value,mean_surv_prop,8,-0.04761904761904762,0.9348710317460317,-0.5831684045431972,0.1291750081200834
freshwater_rt,metabolism_per_area_mm2_measurement,auc_total,composite_score,8,-0.04761904761904762,0.9348710317460317,-0.21179171825083143,0.6146058191854195
all,corrected_fc,time_to_min_slope,mean_surv_prop,9,0.03333333333333333,0.9483906525573192,-0.4015565328872812,0.2840582771094847
all,metabolism_per_area_mm2_measurement,min_slope,composite_score,9,-0.03333333333333333,0.9483906525573192,-0.19732965861756324,0.6108202673103262
all,corrected_fc,round_group,composite_score,9,NA,NA,NA,NA
all,corrected_fc,round_group,mean_rel_surv,9,NA,NA,NA,NA
all,corrected_fc,round_group,mean_surv_prop,9,NA,NA,NA,NA
all,metabolism_per_area_mm2_measurement,round_group,composite_score,9,NA,NA,NA,NA
all,metabolism_per_area_mm2_measurement,round_group,mean_rel_surv,9,NA,NA,NA,NA
all,metabolism_per_area_mm2_measurement,round_group,mean_surv_prop,9,NA,NA,NA,NA
freshwater_rt,corrected_fc,time_to_trough,composite_score,8,NA,NA,NA,NA
freshwater_rt,corrected_fc,time_to_trough,mean_rel_surv,8,NA,NA,NA,NA
freshwater_rt,corrected_fc,time_to_trough,mean_surv_prop,8,NA,NA,NA,NA
freshwater_rt,metabolism_per_area_mm2_measurement,time_to_trough,composite_score,8,NA,NA,NA,NA
freshwater_rt,metabolism_per_area_mm2_measurement,time_to_trough,mean_rel_surv,8,NA,NA,NA,NA
freshwater_rt,metabolism_per_area_mm2_measurement,time_to_trough,mean_surv_prop,8,NA,NA,NA,NA
fw_heat,corrected_fc,time_to_trough,composite_score,8,NA,NA,NA,NA
fw_heat,corrected_fc,time_to_trough,mean_rel_surv,8,NA,NA,NA,NA
fw_heat,corrected_fc,time_to_trough,mean_surv_prop,8,NA,NA,NA,NA
fw_heat,metabolism_per_area_mm2_measurement,time_to_trough,composite_score,8,NA,NA,NA,NA
fw_heat,metabolism_per_area_mm2_measurement,time_to_trough,mean_rel_surv,8,NA,NA,NA,NA
fw_heat,metabolism_per_area_mm2_measurement,time_to_trough,mean_surv_prop,8,NA,NA,NA,NA
sw_heat,corrected_fc,round_group,composite_score,9,NA,NA,NA,NA
sw_heat,corrected_fc,round_group,mean_rel_surv,9,NA,NA,NA,NA
sw_heat,corrected_fc,round_group,mean_surv_prop,9,NA,NA,NA,NA
sw_heat,metabolism_per_area_mm2_measurement,round_group,composite_score,9,NA,NA,NA,NA
sw_heat,metabolism_per_area_mm2_measurement,round_group,mean_rel_surv,9,NA,NA,NA,NA
sw_heat,metabolism_per_area_mm2_measurement,round_group,mean_surv_prop,9,NA,NA,NA,NA
