row_id,col_id,well_id,value,plate_id,time_hr,is_blank,exclude_from_analysis,exclude_reason,family_id_group,sample_id_group,treatment_group,width_mm_measurement,length_mm_measurement,weight_mg_measurement,area_mm2_measurement,trace_id,value_t0,fold_change,mean_blank_rfu,mean_blank_fc,corrected_fc,metabolism_per_area_mm2_measurement
A,1,A1,260,c,0,FALSE,FALSE,NA,NA,c-a01,heat_stress_only,NA,NA,NA,93.7,c-a01,260,1,NA,0,1,0.010672358591248666
A,2,A2,278,c,0,FALSE,FALSE,NA,NA,c-a02,heat_stress_only,NA,NA,NA,180.7,c-a02,278,1,NA,0,1,0.005534034311012729
A,3,A3,260,c,0,FALSE,FALSE,NA,NA,c-a03,heat_stress_only,NA,NA,NA,114,c-a03,260,1,NA,0,1,0.008771929824561403
A,4,A4,281,c,0,FALSE,FALSE,NA,NA,c-a04,heat_stress_only,NA,NA,NA,178.6,c-a04,281,1,NA,0,1,0.005599104143337066
B,1,B1,277,c,0,FALSE,FALSE,NA,NA,c-b01,heat_stress_only,NA,NA,NA,145.4,c-b01,277,1,NA,0,1,0.0068775790921595595
B,2,B2,313,c,0,FALSE,FALSE,NA,NA,c-b02,heat_stress_only,NA,NA,NA,187.3,c-b02,313,1,NA,0,1,0.0053390282968499726
B,3,B3,264,c,0,FALSE,FALSE,NA,NA,c-b03,heat_stress_only,NA,NA,NA,109,c-b03,264,1,NA,0,1,0.009174311926605505
B,4,B4,267,c,0,FALSE,FALSE,NA,NA,c-b04,heat_stress_only,NA,NA,NA,117.8,c-b04,267,1,NA,0,1,0.008488964346349746
C,1,C1,272,c,0,FALSE,FALSE,NA,NA,c-c01,heat_stress_only,NA,NA,NA,153,c-c01,272,1,NA,0,1,0.006535947712418301
C,2,C2,281,c,0,FALSE,FALSE,NA,NA,c-c02,heat_stress_only,NA,NA,NA,118.7,c-c02,281,1,NA,0,1,0.008424599831508003
C,3,C3,278,c,0,FALSE,FALSE,NA,NA,c-c03,heat_stress_only,NA,NA,NA,153.6,c-c03,278,1,NA,0,1,0.006510416666666667
C,4,C4,256,c,0,FALSE,FALSE,NA,NA,c-c04,heat_stress_only,NA,NA,NA,146,c-c04,256,1,NA,0,1,0.00684931506849315
A,1,A1,347,c,0.25,FALSE,FALSE,NA,NA,c-a01,heat_stress_only,NA,NA,NA,93.7,c-a01,260,1.3346153846153845,NA,0,1.3346153846153845,0.01424349396601264
A,2,A2,294,c,0.25,FALSE,FALSE,NA,NA,c-a02,heat_stress_only,NA,NA,NA,180.7,c-a02,278,1.0575539568345325,NA,0,1.0575539568345325,0.005852539882869576
A,3,A3,254,c,0.25,FALSE,FALSE,NA,NA,c-a03,heat_stress_only,NA,NA,NA,114,c-a03,260,0.9769230769230769,NA,0,0.9769230769230769,0.008569500674763832
A,4,A4,281,c,0.25,FALSE,FALSE,NA,NA,c-a04,heat_stress_only,NA,NA,NA,178.6,c-a04,281,1,NA,0,1,0.005599104143337066
B,1,B1,273,c,0.25,FALSE,FALSE,NA,NA,c-b01,heat_stress_only,NA,NA,NA,145.4,c-b01,277,0.9855595667870036,NA,0,0.9855595667870036,0.006778263870612129
B,2,B2,322,c,0.25,FALSE,FALSE,NA,NA,c-b02,heat_stress_only,NA,NA,NA,187.3,c-b02,313,1.0287539936102237,NA,0,1.0287539936102237,0.005492546682382401
B,3,B3,265,c,0.25,FALSE,FALSE,NA,NA,c-b03,heat_stress_only,NA,NA,NA,109,c-b03,264,1.003787878787879,NA,0,1.003787878787879,0.009209063108145678
B,4,B4,483,c,0.25,FALSE,FALSE,NA,NA,c-b04,heat_stress_only,NA,NA,NA,117.8,c-b04,267,1.8089887640449438,NA,0,1.8089887640449438,0.01535644112092482
C,1,C1,395,c,0.25,FALSE,FALSE,NA,NA,c-c01,heat_stress_only,NA,NA,NA,153,c-c01,272,1.4522058823529411,NA,0,1.4522058823529411,0.009491541714725105
C,2,C2,510,c,0.25,FALSE,FALSE,NA,NA,c-c02,heat_stress_only,NA,NA,NA,118.7,c-c02,281,1.8149466192170818,NA,0,1.8149466192170818,0.015290198982452248
C,3,C3,283,c,0.25,FALSE,FALSE,NA,NA,c-c03,heat_stress_only,NA,NA,NA,153.6,c-c03,278,1.0179856115107915,NA,0,1.0179856115107915,0.006627510491606716
C,4,C4,260,c,0.25,FALSE,FALSE,NA,NA,c-c04,heat_stress_only,NA,NA,NA,146,c-c04,256,1.015625,NA,0,1.015625,0.006956335616438356
A,1,A1,662,c,0.5,FALSE,FALSE,NA,NA,c-a01,heat_stress_only,NA,NA,NA,93.7,c-a01,260,2.546153846153846,NA,0,2.546153846153846,0.027173466874640832
A,2,A2,309,c,0.5,FALSE,FALSE,NA,NA,c-a02,heat_stress_only,NA,NA,NA,180.7,c-a02,278,1.1115107913669064,NA,0,1.1115107913669064,0.006151138856485371
A,3,A3,256,c,0.5,FALSE,FALSE,NA,NA,c-a03,heat_stress_only,NA,NA,NA,114,c-a03,260,0.9846153846153847,NA,0,0.9846153846153847,0.00863697705802969
A,4,A4,295,c,0.5,FALSE,FALSE,NA,NA,c-a04,heat_stress_only,NA,NA,NA,178.6,c-a04,281,1.0498220640569396,NA,0,1.0498220640569396,0.005878063068627881
B,1,B1,273,c,0.5,FALSE,FALSE,NA,NA,c-b01,heat_stress_only,NA,NA,NA,145.4,c-b01,277,0.9855595667870036,NA,0,0.9855595667870036,0.006778263870612129
B,2,B2,348,c,0.5,FALSE,FALSE,NA,NA,c-b02,heat_stress_only,NA,NA,NA,187.3,c-b02,313,1.1118210862619808,NA,0,1.1118210862619808,0.0059360442405871905
B,3,B3,264,c,0.5,FALSE,FALSE,NA,NA,c-b03,heat_stress_only,NA,NA,NA,109,c-b03,264,1,NA,0,1,0.009174311926605505
B,4,B4,706,c,0.5,FALSE,FALSE,NA,NA,c-b04,heat_stress_only,NA,NA,NA,117.8,c-b04,267,2.644194756554307,NA,0,2.644194756554307,0.022446475013194456
C,1,C1,930,c,0.5,FALSE,FALSE,NA,NA,c-c01,heat_stress_only,NA,NA,NA,153,c-c01,272,3.4191176470588234,NA,0,3.4191176470588234,0.022347174163783158
C,2,C2,896,c,0.5,FALSE,FALSE,NA,NA,c-c02,heat_stress_only,NA,NA,NA,118.7,c-c02,281,3.188612099644128,NA,0,3.188612099644128,0.026862780957406303
C,3,C3,311,c,0.5,FALSE,FALSE,NA,NA,c-c03,heat_stress_only,NA,NA,NA,153.6,c-c03,278,1.118705035971223,NA,0,1.118705035971223,0.007283235911270983
C,4,C4,284,c,0.5,FALSE,FALSE,NA,NA,c-c04,heat_stress_only,NA,NA,NA,146,c-c04,256,1.109375,NA,0,1.109375,0.007598458904109589
A,1,A1,875,c,0.75,FALSE,FALSE,NA,NA,c-a01,heat_stress_only,NA,NA,NA,93.7,c-a01,260,3.3653846153846154,NA,0,3.3653846153846154,0.03591659141285609
A,2,A2,347,c,0.75,FALSE,FALSE,NA,NA,c-a02,heat_stress_only,NA,NA,NA,180.7,c-a02,278,1.2482014388489209,NA,0,1.2482014388489209,0.006907589589645384
A,3,A3,324,c,0.75,FALSE,FALSE,NA,NA,c-a03,heat_stress_only,NA,NA,NA,114,c-a03,260,1.2461538461538462,NA,0,1.2461538461538462,0.010931174089068825
A,4,A4,315,c,0.75,FALSE,FALSE,NA,NA,c-a04,heat_stress_only,NA,NA,NA,178.6,c-a04,281,1.1209964412811388,NA,0,1.1209964412811388,0.006276575819043331
B,1,B1,595,c,0.75,FALSE,FALSE,NA,NA,c-b01,heat_stress_only,NA,NA,NA,145.4,c-b01,277,2.148014440433213,NA,0,2.148014440433213,0.01477313920518028
B,2,B2,1162,c,0.75,FALSE,FALSE,NA,NA,c-b02,heat_stress_only,NA,NA,NA,187.3,c-b02,313,3.7124600638977636,NA,0,3.7124600638977636,0.019820929332075618
B,3,B3,264,c,0.75,FALSE,FALSE,NA,NA,c-b03,heat_stress_only,NA,NA,NA,109,c-b03,264,1,NA,0,1,0.009174311926605505
B,4,B4,928,c,0.75,FALSE,FALSE,NA,NA,c-b04,heat_stress_only,NA,NA,NA,117.8,c-b04,267,3.4756554307116105,NA,0,3.4756554307116105,0.02950471503150773
C,1,C1,1185,c,0.75,FALSE,FALSE,NA,NA,c-c01,heat_stress_only,NA,NA,NA,153,c-c01,272,4.356617647058823,NA,0,4.356617647058823,0.028474625144175317
C,2,C2,1132,c,0.75,FALSE,FALSE,NA,NA,c-c02,heat_stress_only,NA,NA,NA,118.7,c-c02,281,4.02846975088968,NA,0,4.02846975088968,0.033938245584580286
C,3,C3,815,c,0.75,FALSE,FALSE,NA,NA,c-c03,heat_stress_only,NA,NA,NA,153.6,c-c03,278,2.931654676258993,NA,0,2.931654676258993,0.01908629346522782
C,4,C4,307,c,0.75,FALSE,FALSE,NA,NA,c-c04,heat_stress_only,NA,NA,NA,146,c-c04,256,1.19921875,NA,0,1.19921875,0.008213827054794521
A,1,A1,1161,c,1,FALSE,FALSE,NA,NA,c-a01,heat_stress_only,NA,NA,NA,93.7,c-a01,260,4.4653846153846155,NA,0,4.4653846153846155,0.047656185863229616
A,2,A2,383,c,1,FALSE,FALSE,NA,NA,c-a02,heat_stress_only,NA,NA,NA,180.7,c-a02,278,1.3776978417266188,NA,0,1.3776978417266188,0.007624227126323292
A,3,A3,419,c,1,FALSE,FALSE,NA,NA,c-a03,heat_stress_only,NA,NA,NA,114,c-a03,260,1.6115384615384616,NA,0,1.6115384615384616,0.014136302294197031
A,4,A4,358,c,1,FALSE,FALSE,NA,NA,c-a04,heat_stress_only,NA,NA,NA,178.6,c-a04,281,1.2740213523131672,NA,0,1.2740213523131672,0.007133378232436547
B,1,B1,1057,c,1,FALSE,FALSE,NA,NA,c-b01,heat_stress_only,NA,NA,NA,145.4,c-b01,277,3.815884476534296,NA,0,3.815884476534296,0.0262440472939085
B,2,B2,2156,c,1,FALSE,FALSE,NA,NA,c-b02,heat_stress_only,NA,NA,NA,187.3,c-b02,313,6.888178913738019,NA,0,6.888178913738019,0.0367761821342126
B,3,B3,282,c,1,FALSE,FALSE,NA,NA,c-b03,heat_stress_only,NA,NA,NA,109,c-b03,264,1.0681818181818181,NA,0,1.0681818181818181,0.009799833194328606
B,4,B4,1249,c,1,FALSE,FALSE,NA,NA,c-b04,heat_stress_only,NA,NA,NA,117.8,c-b04,267,4.677902621722846,NA,0,4.677902621722846,0.03971054857150124
C,1,C1,1628,c,1,FALSE,FALSE,NA,NA,c-c01,heat_stress_only,NA,NA,NA,153,c-c01,272,5.985294117647059,NA,0,5.985294117647059,0.03911956939638601
C,2,C2,1530,c,1,FALSE,FALSE,NA,NA,c-c02,heat_stress_only,NA,NA,NA,118.7,c-c02,281,5.444839857651245,NA,0,5.444839857651245,0.04587059694735674
C,3,C3,1321,c,1,FALSE,FALSE,NA,NA,c-c03,heat_stress_only,NA,NA,NA,153.6,c-c03,278,4.751798561151079,NA,0,4.751798561151079,0.030936188549160675
C,4,C4,399,c,1,FALSE,FALSE,NA,NA,c-c04,heat_stress_only,NA,NA,NA,146,c-c04,256,1.55859375,NA,0,1.55859375,0.010675299657534247
A,1,A1,6650,c,18.75,FALSE,FALSE,NA,NA,c-a01,heat_stress_only,NA,NA,NA,93.7,c-a01,260,25.576923076923077,NA,0,25.576923076923077,0.2729660947377063
A,2,A2,1800,c,18.75,FALSE,FALSE,NA,NA,c-a02,heat_stress_only,NA,NA,NA,180.7,c-a02,278,6.474820143884892,NA,0,6.474820143884892,0.03583187683389536
A,3,A3,4714,c,18.75,FALSE,FALSE,NA,NA,c-a03,heat_stress_only,NA,NA,NA,114,c-a03,260,18.130769230769232,NA,0,18.130769230769232,0.15904183535762484
A,4,A4,1639,c,18.75,FALSE,FALSE,NA,NA,c-a04,heat_stress_only,NA,NA,NA,178.6,c-a04,281,5.832740213523132,NA,0,5.832740213523132,0.032658119896546094
B,1,B1,7766,c,18.75,FALSE,FALSE,NA,NA,c-b01,heat_stress_only,NA,NA,NA,145.4,c-b01,277,28.03610108303249,NA,0,28.03610108303249,0.19282050263433625
B,2,B2,8953,c,18.75,FALSE,FALSE,NA,NA,c-b02,heat_stress_only,NA,NA,NA,187.3,c-b02,313,28.603833865814696,NA,0,28.603833865814696,0.15271667840798023
B,3,B3,5195,c,18.75,FALSE,FALSE,NA,NA,c-b03,heat_stress_only,NA,NA,NA,109,c-b03,264,19.678030303030305,NA,0,19.678030303030305,0.18053238810119546
B,4,B4,7642,c,18.75,FALSE,FALSE,NA,NA,c-b04,heat_stress_only,NA,NA,NA,117.8,c-b04,267,28.621722846441948,NA,0,28.621722846441948,0.24296878477454964
C,1,C1,8068,c,18.75,FALSE,FALSE,NA,NA,c-c01,heat_stress_only,NA,NA,NA,153,c-c01,272,29.66176470588235,NA,0,29.66176470588235,0.19386774317570166
C,2,C2,8041,c,18.75,FALSE,FALSE,NA,NA,c-c02,heat_stress_only,NA,NA,NA,118.7,c-c02,281,28.615658362989326,NA,0,28.615658362989326,0.24107547062333046
C,3,C3,8335,c,18.75,FALSE,FALSE,NA,NA,c-c03,heat_stress_only,NA,NA,NA,153.6,c-c03,278,29.98201438848921,NA,0,29.98201438848921,0.19519540617505995
C,4,C4,1157,c,18.75,FALSE,FALSE,NA,NA,c-c04,heat_stress_only,NA,NA,NA,146,c-c04,256,4.51953125,NA,0,4.51953125,0.030955693493150686
A,1,A1,1325,c,2,FALSE,FALSE,NA,NA,c-a01,heat_stress_only,NA,NA,NA,93.7,c-a01,260,5.096153846153846,NA,0,5.096153846153846,0.05438798128232493
A,2,A2,575,c,2,FALSE,FALSE,NA,NA,c-a02,heat_stress_only,NA,NA,NA,180.7,c-a02,278,2.068345323741007,NA,0,2.068345323741007,0.011446293988605465
A,3,A3,1069,c,2,FALSE,FALSE,NA,NA,c-a03,heat_stress_only,NA,NA,NA,114,c-a03,260,4.111538461538461,NA,0,4.111538461538461,0.03606612685560054
A,4,A4,629,c,2,FALSE,FALSE,NA,NA,c-a04,heat_stress_only,NA,NA,NA,178.6,c-a04,281,2.2384341637010676,NA,0,2.2384341637010676,0.012533226000565889
B,1,B1,2254,c,2,FALSE,FALSE,NA,NA,c-b01,heat_stress_only,NA,NA,NA,145.4,c-b01,277,8.137184115523466,NA,0,8.137184115523466,0.05596412734197707
B,2,B2,4456,c,2,FALSE,FALSE,NA,NA,c-b02,heat_stress_only,NA,NA,NA,187.3,c-b02,313,14.236421725239616,NA,0,14.236421725239616,0.07600865843694402
B,3,B3,327,c,2,FALSE,FALSE,NA,NA,c-b03,heat_stress_only,NA,NA,NA,109,c-b03,264,1.2386363636363635,NA,0,1.2386363636363635,0.011363636363636362
B,4,B4,2025,c,2,FALSE,FALSE,NA,NA,c-b04,heat_stress_only,NA,NA,NA,117.8,c-b04,267,7.584269662921348,NA,0,7.584269662921348,0.06438259476164132
C,1,C1,2058,c,2,FALSE,FALSE,NA,NA,c-c01,heat_stress_only,NA,NA,NA,153,c-c01,272,7.5661764705882355,NA,0,7.5661764705882355,0.04945213379469435
C,2,C2,2751,c,2,FALSE,FALSE,NA,NA,c-c02,heat_stress_only,NA,NA,NA,118.7,c-c02,281,9.790035587188612,NA,0,9.790035587188612,0.08247713215828653
C,3,C3,2719,c,2,FALSE,FALSE,NA,NA,c-c03,heat_stress_only,NA,NA,NA,153.6,c-c03,278,9.780575539568344,NA,0,9.780575539568344,0.06367562200239808
C,4,C4,512,c,2,FALSE,FALSE,NA,NA,c-c04,heat_stress_only,NA,NA,NA,146,c-c04,256,2,NA,0,2,0.0136986301369863
A,1,A1,255,r,0,FALSE,FALSE,NA,NA,r-a01,heat_mech_no-water,NA,NA,NA,92.4,r-a01,255,1,NA,0,1,0.010822510822510822
A,2,A2,269,r,0,FALSE,FALSE,NA,NA,r-a02,heat_mech_no-water,NA,NA,NA,137.3,r-a02,269,1,NA,0,1,0.007283321194464675
A,3,A3,261,r,0,FALSE,FALSE,NA,NA,r-a03,heat_mech_no-water,NA,NA,NA,101.4,r-a03,261,1,NA,0,1,0.009861932938856016
A,4,A4,260,r,0,FALSE,FALSE,NA,NA,r-a04,heat_mech_no-water,NA,NA,NA,85.3,r-a04,260,1,NA,0,1,0.011723329425556858
B,1,B1,314,r,0,FALSE,FALSE,NA,NA,r-b01,heat_mech_no-water,NA,NA,NA,212.8,r-b01,314,1,NA,0,1,0.004699248120300752
B,2,B2,285,r,0,FALSE,FALSE,NA,NA,r-b02,heat_mech_no-water,NA,NA,NA,112.6,r-b02,285,1,NA,0,1,0.008880994671403198
B,3,B3,273,r,0,FALSE,FALSE,NA,NA,r-b03,heat_mech_no-water,NA,NA,NA,120.4,r-b03,273,1,NA,0,1,0.00830564784053156
B,4,B4,261,r,0,FALSE,FALSE,NA,NA,r-b04,heat_mech_no-water,NA,NA,NA,100.1,r-b04,261,1,NA,0,1,0.00999000999000999
C,1,C1,300,r,0,FALSE,FALSE,NA,NA,r-c01,heat_mech_no-water,NA,NA,NA,171.1,r-c01,300,1,NA,0,1,0.0058445353594389245
C,2,C2,288,r,0,FALSE,FALSE,NA,NA,r-c02,heat_mech_no-water,NA,NA,NA,142.7,r-c02,288,1,NA,0,1,0.007007708479327261
C,3,C3,268,r,0,FALSE,FALSE,NA,NA,r-c03,heat_mech_no-water,NA,NA,NA,117.3,r-c03,268,1,NA,0,1,0.008525149190110827
C,4,C4,273,r,0,FALSE,FALSE,NA,NA,r-c04,heat_mech_no-water,NA,NA,NA,99.2,r-c04,273,1,NA,0,1,0.010080645161290322
A,1,A1,413,r,0.25,FALSE,FALSE,NA,NA,r-a01,heat_mech_no-water,NA,NA,NA,92.4,r-a01,255,1.619607843137255,NA,0,1.619607843137255,0.01752822341057635
A,2,A2,277,r,0.25,FALSE,FALSE,NA,NA,r-a02,heat_mech_no-water,NA,NA,NA,137.3,r-a02,269,1.029739776951673,NA,0,1.029739776951673,0.007499925542255447
A,3,A3,253,r,0.25,FALSE,FALSE,NA,NA,r-a03,heat_mech_no-water,NA,NA,NA,101.4,r-a03,261,0.9693486590038314,NA,0,0.9693486590038314,0.0095596514694657915
A,4,A4,255,r,0.25,FALSE,FALSE,NA,NA,r-a04,heat_mech_no-water,NA,NA,NA,85.3,r-a04,260,0.9807692307692307,NA,0,0.9807692307692307,0.011497880782757687
B,1,B1,366,r,0.25,FALSE,FALSE,NA,NA,r-b01,heat_mech_no-water,NA,NA,NA,212.8,r-b01,314,1.1656050955414012,NA,0,1.1656050955414012,0.005477467554235908
B,2,B2,496,r,0.25,FALSE,FALSE,NA,NA,r-b02,heat_mech_no-water,NA,NA,NA,112.6,r-b02,285,1.7403508771929825,NA,0,1.7403508771929825,0.015456046866722759
B,3,B3,270,r,0.25,FALSE,FALSE,NA,NA,r-b03,heat_mech_no-water,NA,NA,NA,120.4,r-b03,273,0.989010989010989,NA,0,0.989010989010989,0.008214376985141105
B,4,B4,253,r,0.25,FALSE,FALSE,NA,NA,r-b04,heat_mech_no-water,NA,NA,NA,100.1,r-b04,261,0.9693486590038314,NA,0,0.9693486590038314,0.009683802787251063
C,1,C1,358,r,0.25,FALSE,FALSE,NA,NA,r-c01,heat_mech_no-water,NA,NA,NA,171.1,r-c01,300,1.1933333333333334,NA,0,1.1933333333333334,0.006974478862263784
C,2,C2,578,r,0.25,FALSE,FALSE,NA,NA,r-c02,heat_mech_no-water,NA,NA,NA,142.7,r-c02,288,2.0069444444444446,NA,0,2.0069444444444446,0.014064081600872073
C,3,C3,478,r,0.25,FALSE,FALSE,NA,NA,r-c03,heat_mech_no-water,NA,NA,NA,117.3,r-c03,268,1.7835820895522387,NA,0,1.7835820895522387,0.015205303406242444
C,4,C4,547,r,0.25,FALSE,FALSE,NA,NA,r-c04,heat_mech_no-water,NA,NA,NA,99.2,r-c04,273,2.0036630036630036,NA,0,2.0036630036630036,0.02019821576273189
A,1,A1,546,r,0.5,FALSE,FALSE,NA,NA,r-a01,heat_mech_no-water,NA,NA,NA,92.4,r-a01,255,2.1411764705882352,NA,0,2.1411764705882352,0.0231729055258467
A,2,A2,272,r,0.5,FALSE,FALSE,NA,NA,r-a02,heat_mech_no-water,NA,NA,NA,137.3,r-a02,269,1.0111524163568772,NA,0,1.0111524163568772,0.007364547824886214
A,3,A3,250,r,0.5,FALSE,FALSE,NA,NA,r-a03,heat_mech_no-water,NA,NA,NA,101.4,r-a03,261,0.9578544061302682,NA,0,0.9578544061302682,0.009446295918444458
A,4,A4,256,r,0.5,FALSE,FALSE,NA,NA,r-a04,heat_mech_no-water,NA,NA,NA,85.3,r-a04,260,0.9846153846153847,NA,0,0.9846153846153847,0.011542970511317523
B,1,B1,444,r,0.5,FALSE,FALSE,NA,NA,r-b01,heat_mech_no-water,NA,NA,NA,212.8,r-b01,314,1.414012738853503,NA,0,1.414012738853503,0.006644796705138642
B,2,B2,771,r,0.5,FALSE,FALSE,NA,NA,r-b02,heat_mech_no-water,NA,NA,NA,112.6,r-b02,285,2.705263157894737,NA,0,2.705263157894737,0.024025427690006543
B,3,B3,273,r,0.5,FALSE,FALSE,NA,NA,r-b03,heat_mech_no-water,NA,NA,NA,120.4,r-b03,273,1,NA,0,1,0.00830564784053156
B,4,B4,250,r,0.5,FALSE,FALSE,NA,NA,r-b04,heat_mech_no-water,NA,NA,NA,100.1,r-b04,261,0.9578544061302682,NA,0,0.9578544061302682,0.009568975086216467
C,1,C1,435,r,0.5,FALSE,FALSE,NA,NA,r-c01,heat_mech_no-water,NA,NA,NA,171.1,r-c01,300,1.45,NA,0,1.45,0.00847457627118644
C,2,C2,906,r,0.5,FALSE,FALSE,NA,NA,r-c02,heat_mech_no-water,NA,NA,NA,142.7,r-c02,288,3.1458333333333335,NA,0,3.1458333333333335,0.022045082924550343
C,3,C3,668,r,0.5,FALSE,FALSE,NA,NA,r-c03,heat_mech_no-water,NA,NA,NA,117.3,r-c03,268,2.4925373134328357,NA,0,2.4925373134328357,0.021249252458932957
C,4,C4,909,r,0.5,FALSE,FALSE,NA,NA,r-c04,heat_mech_no-water,NA,NA,NA,99.2,r-c04,273,3.32967032967033,NA,0,3.32967032967033,0.033565225097483165
A,1,A1,690,r,0.75,FALSE,FALSE,NA,NA,r-a01,heat_mech_no-water,NA,NA,NA,92.4,r-a01,255,2.7058823529411766,NA,0,2.7058823529411766,0.02928444104914693
A,2,A2,294,r,0.75,FALSE,FALSE,NA,NA,r-a02,heat_mech_no-water,NA,NA,NA,137.3,r-a02,269,1.0929368029739777,NA,0,1.0929368029739777,0.007960209781310835
A,3,A3,259,r,0.75,FALSE,FALSE,NA,NA,r-a03,heat_mech_no-water,NA,NA,NA,101.4,r-a03,261,0.9923371647509579,NA,0,0.9923371647509579,0.00978636257150846
A,4,A4,278,r,0.75,FALSE,FALSE,NA,NA,r-a04,heat_mech_no-water,NA,NA,NA,85.3,r-a04,260,1.0692307692307692,NA,0,1.0692307692307692,0.012534944539633872
B,1,B1,560,r,0.75,FALSE,FALSE,NA,NA,r-b01,heat_mech_no-water,NA,NA,NA,212.8,r-b01,314,1.78343949044586,NA,0,1.78343949044586,0.008380824673147838
B,2,B2,1123,r,0.75,FALSE,FALSE,NA,NA,r-b02,heat_mech_no-water,NA,NA,NA,112.6,r-b02,285,3.9403508771929823,NA,0,3.9403508771929823,0.03499423514380979
B,3,B3,364,r,0.75,FALSE,FALSE,NA,NA,r-b03,heat_mech_no-water,NA,NA,NA,120.4,r-b03,273,1.3333333333333333,NA,0,1.3333333333333333,0.011074197120708748
B,4,B4,254,r,0.75,FALSE,FALSE,NA,NA,r-b04,heat_mech_no-water,NA,NA,NA,100.1,r-b04,261,0.9731800766283525,NA,0,0.9731800766283525,0.00972207868759593
C,1,C1,519,r,0.75,FALSE,FALSE,NA,NA,r-c01,heat_mech_no-water,NA,NA,NA,171.1,r-c01,300,1.73,NA,0,1.73,0.01011104617182934
C,2,C2,1326,r,0.75,FALSE,FALSE,NA,NA,r-c02,heat_mech_no-water,NA,NA,NA,142.7,r-c02,288,4.604166666666667,NA,0,4.604166666666667,0.03226465779023593
C,3,C3,918,r,0.75,FALSE,FALSE,NA,NA,r-c03,heat_mech_no-water,NA,NA,NA,117.3,r-c03,268,3.425373134328358,NA,0,3.425373134328358,0.029201817001946788
C,4,C4,1326,r,0.75,FALSE,FALSE,NA,NA,r-c04,heat_mech_no-water,NA,NA,NA,99.2,r-c04,273,4.857142857142857,NA,0,4.857142857142857,0.04896313364055299
A,1,A1,866,r,1,FALSE,FALSE,NA,NA,r-a01,heat_mech_no-water,NA,NA,NA,92.4,r-a01,255,3.396078431372549,NA,0,3.396078431372549,0.03675409557762498
A,2,A2,372,r,1,FALSE,FALSE,NA,NA,r-a02,heat_mech_no-water,NA,NA,NA,137.3,r-a02,269,1.3828996282527881,NA,0,1.3828996282527881,0.010072102172270852
A,3,A3,279,r,1,FALSE,FALSE,NA,NA,r-a03,heat_mech_no-water,NA,NA,NA,101.4,r-a03,261,1.0689655172413792,NA,0,1.0689655172413792,0.010542066244984015
A,4,A4,318,r,1,FALSE,FALSE,NA,NA,r-a04,heat_mech_no-water,NA,NA,NA,85.3,r-a04,260,1.2230769230769232,NA,0,1.2230769230769232,0.014338533682027236
B,1,B1,662,r,1,FALSE,FALSE,NA,NA,r-b01,heat_mech_no-water,NA,NA,NA,212.8,r-b01,314,2.1082802547770703,NA,0,2.1082802547770703,0.009907332024328338
B,2,B2,1484,r,1,FALSE,FALSE,NA,NA,r-b02,heat_mech_no-water,NA,NA,NA,112.6,r-b02,285,5.207017543859649,NA,0,5.207017543859649,0.046243495060920514
B,3,B3,599,r,1,FALSE,FALSE,NA,NA,r-b03,heat_mech_no-water,NA,NA,NA,120.4,r-b03,273,2.1941391941391943,NA,0,2.1941391941391943,0.01822374745962786
B,4,B4,263,r,1,FALSE,FALSE,NA,NA,r-b04,heat_mech_no-water,NA,NA,NA,100.1,r-b04,261,1.0076628352490422,NA,0,1.0076628352490422,0.010066561790699723
C,1,C1,638,r,1,FALSE,FALSE,NA,NA,r-c01,heat_mech_no-water,NA,NA,NA,171.1,r-c01,300,2.1266666666666665,NA,0,2.1266666666666665,0.012429378531073445
C,2,C2,1814,r,1,FALSE,FALSE,NA,NA,r-c02,heat_mech_no-water,NA,NA,NA,142.7,r-c02,288,6.298611111111111,NA,0,6.298611111111111,0.044138830491318226
C,3,C3,1206,r,1,FALSE,FALSE,NA,NA,r-c03,heat_mech_no-water,NA,NA,NA,117.3,r-c03,268,4.5,NA,0,4.5,0.03836317135549872
C,4,C4,1851,r,1,FALSE,FALSE,NA,NA,r-c04,heat_mech_no-water,NA,NA,NA,99.2,r-c04,273,6.78021978021978,NA,0,6.78021978021978,0.06834898971995745
A,1,A1,5713,r,18.75,FALSE,FALSE,NA,NA,r-a01,heat_mech_no-water,NA,NA,NA,92.4,r-a01,255,22.40392156862745,NA,0,22.40392156862745,0.2424666836431542
A,2,A2,1612,r,18.75,FALSE,FALSE,NA,NA,r-a02,heat_mech_no-water,NA,NA,NA,137.3,r-a02,269,5.992565055762082,NA,0,5.992565055762082,0.04364577607984036
A,3,A3,1931,r,18.75,FALSE,FALSE,NA,NA,r-a03,heat_mech_no-water,NA,NA,NA,101.4,r-a03,261,7.398467432950191,NA,0,7.398467432950191,0.072963189674065
A,4,A4,2263,r,18.75,FALSE,FALSE,NA,NA,r-a04,heat_mech_no-water,NA,NA,NA,85.3,r-a04,260,8.703846153846154,NA,0,8.703846153846154,0.1020380557309045
B,1,B1,7689,r,18.75,FALSE,FALSE,NA,NA,r-b01,heat_mech_no-water,NA,NA,NA,212.8,r-b01,314,24.487261146496817,NA,0,24.487261146496817,0.11507171591398879
B,2,B2,8211,r,18.75,FALSE,FALSE,NA,NA,r-b02,heat_mech_no-water,NA,NA,NA,112.6,r-b02,285,28.810526315789474,NA,0,28.810526315789474,0.2558661306908479
B,3,B3,4703,r,18.75,FALSE,FALSE,NA,NA,r-b03,heat_mech_no-water,NA,NA,NA,120.4,r-b03,273,17.227106227106226,NA,0,17.227106227106226,0.14308227763377263
B,4,B4,5878,r,18.75,FALSE,FALSE,NA,NA,r-b04,heat_mech_no-water,NA,NA,NA,100.1,r-b04,261,22.521072796934867,NA,0,22.521072796934867,0.22498574222712156
C,1,C1,5463,r,18.75,FALSE,FALSE,NA,NA,r-c01,heat_mech_no-water,NA,NA,NA,171.1,r-c01,300,18.21,NA,0,18.21,0.10642898889538283
C,2,C2,8375,r,18.75,FALSE,FALSE,NA,NA,r-c02,heat_mech_no-water,NA,NA,NA,142.7,r-c02,288,29.07986111111111,NA,0,29.07986111111111,0.20378318928599237
C,3,C3,5177,r,18.75,FALSE,FALSE,NA,NA,r-c03,heat_mech_no-water,NA,NA,NA,117.3,r-c03,268,19.317164179104477,NA,0,19.317164179104477,0.16468170655673042
C,4,C4,8360,r,18.75,FALSE,FALSE,NA,NA,r-c04,heat_mech_no-water,NA,NA,NA,99.2,r-c04,273,30.622710622710624,NA,0,30.622710622710624,0.3086966796644216
A,1,A1,1498,r,2,FALSE,FALSE,NA,NA,r-a01,heat_mech_no-water,NA,NA,NA,92.4,r-a01,255,5.874509803921568,NA,0,5.874509803921568,0.0635769459298871
A,2,A2,548,r,2,FALSE,FALSE,NA,NA,r-a02,heat_mech_no-water,NA,NA,NA,137.3,r-a02,269,2.037174721189591,NA,0,2.037174721189591,0.014837397823667813
A,3,A3,574,r,2,FALSE,FALSE,NA,NA,r-a03,heat_mech_no-water,NA,NA,NA,101.4,r-a03,261,2.1992337164750957,NA,0,2.1992337164750957,0.02168869542874848
A,4,A4,847,r,2,FALSE,FALSE,NA,NA,r-a04,heat_mech_no-water,NA,NA,NA,85.3,r-a04,260,3.2576923076923077,NA,0,3.2576923076923077,0.03819100009017946
B,1,B1,1190,r,2,FALSE,FALSE,NA,NA,r-b01,heat_mech_no-water,NA,NA,NA,212.8,r-b01,314,3.789808917197452,NA,0,3.789808917197452,0.017809252430439154
B,2,B2,2748,r,2,FALSE,FALSE,NA,NA,r-b02,heat_mech_no-water,NA,NA,NA,112.6,r-b02,285,9.642105263157895,NA,0,9.642105263157895,0.08563148546321399
B,3,B3,1553,r,2,FALSE,FALSE,NA,NA,r-b03,heat_mech_no-water,NA,NA,NA,120.4,r-b03,273,5.688644688644689,NA,0,5.688644688644689,0.047247879473793095
B,4,B4,1038,r,2,FALSE,FALSE,NA,NA,r-b04,heat_mech_no-water,NA,NA,NA,100.1,r-b04,261,3.9770114942528734,NA,0,3.9770114942528734,0.03973038455797077
C,1,C1,2847,r,2,FALSE,FALSE,NA,NA,r-c01,heat_mech_no-water,NA,NA,NA,171.1,r-c01,300,9.49,NA,0,9.49,0.0554646405610754
C,2,C2,3834,r,2,FALSE,FALSE,NA,NA,r-c02,heat_mech_no-water,NA,NA,NA,142.7,r-c02,288,13.3125,NA,0,13.3125,0.09329011913104415
C,3,C3,1783,r,2,FALSE,FALSE,NA,NA,r-c03,heat_mech_no-water,NA,NA,NA,117.3,r-c03,268,6.652985074626866,NA,0,6.652985074626866,0.056717690320774644
C,4,C4,3600,r,2,FALSE,FALSE,NA,NA,r-c04,heat_mech_no-water,NA,NA,NA,99.2,r-c04,273,13.186813186813186,NA,0,13.186813186813186,0.13293158454448775
A,1,A1,286,s,0,FALSE,FALSE,NA,NA,s-a01,heat_mech_with_water,NA,NA,NA,122.6,s-a01,286,1,NA,0,1,0.008156606851549756
A,2,A2,291,s,0,FALSE,FALSE,NA,NA,s-a02,heat_mech_with_water,NA,NA,NA,156.2,s-a02,291,1,NA,0,1,0.006402048655569783
A,3,A3,301,s,0,FALSE,FALSE,NA,NA,s-a03,heat_mech_with_water,NA,NA,NA,139.9,s-a03,301,1,NA,0,1,0.007147962830593281
A,4,A4,272,s,0,FALSE,FALSE,NA,NA,s-a04,heat_mech_with_water,NA,NA,NA,161.7,s-a04,272,1,NA,0,1,0.006184291898577613
B,1,B1,274,s,0,FALSE,FALSE,NA,NA,s-b01,heat_mech_with_water,NA,NA,NA,103.1,s-b01,274,1,NA,0,1,0.009699321047526674
B,2,B2,285,s,0,FALSE,FALSE,NA,NA,s-b02,heat_mech_with_water,NA,NA,NA,96,s-b02,285,1,NA,0,1,0.010416666666666666
B,3,B3,254,s,0,FALSE,FALSE,NA,NA,s-b03,heat_mech_with_water,NA,NA,NA,64.4,s-b03,254,1,NA,0,1,0.015527950310559004
B,4,B4,284,s,0,FALSE,FALSE,NA,NA,s-b04,heat_mech_with_water,NA,NA,NA,114.2,s-b04,284,1,NA,0,1,0.008756567425569177
C,1,C1,285,s,0,FALSE,FALSE,NA,NA,s-c01,heat_mech_with_water,NA,NA,NA,117.5,s-c01,285,1,NA,0,1,0.00851063829787234
C,2,C2,272,s,0,FALSE,FALSE,NA,NA,s-c02,heat_mech_with_water,NA,NA,NA,126.5,s-c02,272,1,NA,0,1,0.007905138339920948
C,3,C3,356,s,0,FALSE,FALSE,NA,NA,s-c03,heat_mech_with_water,NA,NA,NA,133.9,s-c03,356,1,NA,0,1,0.0074682598954443615
C,4,C4,288,s,0,FALSE,FALSE,NA,NA,s-c04,heat_mech_with_water,NA,NA,NA,213.5,s-c04,288,1,NA,0,1,0.00468384074941452
A,1,A1,287,s,0.25,FALSE,FALSE,NA,NA,s-a01,heat_mech_with_water,NA,NA,NA,122.6,s-a01,286,1.0034965034965035,NA,0,1.0034965034965035,0.008185126455925805
A,2,A2,293,s,0.25,FALSE,FALSE,NA,NA,s-a02,heat_mech_with_water,NA,NA,NA,156.2,s-a02,291,1.006872852233677,NA,0,1.006872852233677,0.006446048989972324
A,3,A3,298,s,0.25,FALSE,FALSE,NA,NA,s-a03,heat_mech_with_water,NA,NA,NA,139.9,s-a03,301,0.9900332225913622,NA,0,0.9900332225913622,0.007076720676135541
A,4,A4,377,s,0.25,FALSE,FALSE,NA,NA,s-a04,heat_mech_with_water,NA,NA,NA,161.7,s-a04,272,1.3860294117647058,NA,0,1.3860294117647058,0.008571610462366765
B,1,B1,276,s,0.25,FALSE,FALSE,NA,NA,s-b01,heat_mech_with_water,NA,NA,NA,103.1,s-b01,274,1.0072992700729928,NA,0,1.0072992700729928,0.009770119011377235
B,2,B2,372,s,0.25,FALSE,FALSE,NA,NA,s-b02,heat_mech_with_water,NA,NA,NA,96,s-b02,285,1.305263157894737,NA,0,1.305263157894737,0.013596491228070176
B,3,B3,245,s,0.25,FALSE,FALSE,NA,NA,s-b03,heat_mech_with_water,NA,NA,NA,64.4,s-b03,254,0.9645669291338582,NA,0,0.9645669291338582,0.014977747346799039
B,4,B4,355,s,0.25,FALSE,FALSE,NA,NA,s-b04,heat_mech_with_water,NA,NA,NA,114.2,s-b04,284,1.25,NA,0,1.25,0.010945709281961471
C,1,C1,296,s,0.25,FALSE,FALSE,NA,NA,s-c01,heat_mech_with_water,NA,NA,NA,117.5,s-c01,285,1.03859649122807,NA,0,1.03859649122807,0.008839119074281447
C,2,C2,403,s,0.25,FALSE,FALSE,NA,NA,s-c02,heat_mech_with_water,NA,NA,NA,126.5,s-c02,272,1.4816176470588236,NA,0,1.4816176470588236,0.011712392466868171
C,3,C3,474,s,0.25,FALSE,FALSE,NA,NA,s-c03,heat_mech_with_water,NA,NA,NA,133.9,s-c03,356,1.3314606741573034,NA,0,1.3314606741573034,0.0099436943551703
C,4,C4,283,s,0.25,FALSE,FALSE,NA,NA,s-c04,heat_mech_with_water,NA,NA,NA,213.5,s-c04,288,0.9826388888888888,NA,0,0.9826388888888888,0.004602524069737184
A,1,A1,301,s,0.5,FALSE,FALSE,NA,NA,s-a01,heat_mech_with_water,NA,NA,NA,122.6,s-a01,286,1.0524475524475525,NA,0,1.0524475524475525,0.008584400917190477
A,2,A2,295,s,0.5,FALSE,FALSE,NA,NA,s-a02,heat_mech_with_water,NA,NA,NA,156.2,s-a02,291,1.013745704467354,NA,0,1.013745704467354,0.006490049324374865
A,3,A3,303,s,0.5,FALSE,FALSE,NA,NA,s-a03,heat_mech_with_water,NA,NA,NA,139.9,s-a03,301,1.0066445182724253,NA,0,1.0066445182724253,0.007195457600231775
A,4,A4,523,s,0.5,FALSE,FALSE,NA,NA,s-a04,heat_mech_with_water,NA,NA,NA,161.7,s-a04,272,1.9227941176470589,NA,0,1.9227941176470589,0.011891120084397397
B,1,B1,290,s,0.5,FALSE,FALSE,NA,NA,s-b01,heat_mech_with_water,NA,NA,NA,103.1,s-b01,274,1.0583941605839415,NA,0,1.0583941605839415,0.01026570475833115
B,2,B2,470,s,0.5,FALSE,FALSE,NA,NA,s-b02,heat_mech_with_water,NA,NA,NA,96,s-b02,285,1.6491228070175439,NA,0,1.6491228070175439,0.017178362573099414
B,3,B3,244,s,0.5,FALSE,FALSE,NA,NA,s-b03,heat_mech_with_water,NA,NA,NA,64.4,s-b03,254,0.9606299212598425,NA,0,0.9606299212598425,0.014916613684159044
B,4,B4,708,s,0.5,FALSE,FALSE,NA,NA,s-b04,heat_mech_with_water,NA,NA,NA,114.2,s-b04,284,2.492957746478873,NA,0,2.492957746478873,0.02182975259613724
C,1,C1,324,s,0.5,FALSE,FALSE,NA,NA,s-c01,heat_mech_with_water,NA,NA,NA,117.5,s-c01,285,1.1368421052631579,NA,0,1.1368421052631579,0.00967525195968645
C,2,C2,546,s,0.5,FALSE,FALSE,NA,NA,s-c02,heat_mech_with_water,NA,NA,NA,126.5,s-c02,272,2.0073529411764706,NA,0,2.0073529411764706,0.015868402697047198
C,3,C3,687,s,0.5,FALSE,FALSE,NA,NA,s-c03,heat_mech_with_water,NA,NA,NA,133.9,s-c03,356,1.9297752808988764,NA,0,1.9297752808988764,0.014412063337556956
C,4,C4,286,s,0.5,FALSE,FALSE,NA,NA,s-c04,heat_mech_with_water,NA,NA,NA,213.5,s-c04,288,0.9930555555555556,NA,0,0.9930555555555556,0.004651314077543586
A,1,A1,320,s,0.75,FALSE,FALSE,NA,NA,s-a01,heat_mech_with_water,NA,NA,NA,122.6,s-a01,286,1.118881118881119,NA,0,1.118881118881119,0.009126273400335392
A,2,A2,309,s,0.75,FALSE,FALSE,NA,NA,s-a02,heat_mech_with_water,NA,NA,NA,156.2,s-a02,291,1.0618556701030928,NA,0,1.0618556701030928,0.0067980516651926556
A,3,A3,319,s,0.75,FALSE,FALSE,NA,NA,s-a03,heat_mech_with_water,NA,NA,NA,139.9,s-a03,301,1.0598006644518272,NA,0,1.0598006644518272,0.0075754157573397225
A,4,A4,673,s,0.75,FALSE,FALSE,NA,NA,s-a04,heat_mech_with_water,NA,NA,NA,161.7,s-a04,272,2.474264705882353,NA,0,2.474264705882353,0.015301575175524756
B,1,B1,308,s,0.75,FALSE,FALSE,NA,NA,s-b01,heat_mech_with_water,NA,NA,NA,103.1,s-b01,274,1.1240875912408759,NA,0,1.1240875912408759,0.010902886432986187
B,2,B2,590,s,0.75,FALSE,FALSE,NA,NA,s-b02,heat_mech_with_water,NA,NA,NA,96,s-b02,285,2.0701754385964914,NA,0,2.0701754385964914,0.02156432748538012
B,3,B3,244,s,0.75,FALSE,FALSE,NA,NA,s-b03,heat_mech_with_water,NA,NA,NA,64.4,s-b03,254,0.9606299212598425,NA,0,0.9606299212598425,0.014916613684159044
B,4,B4,896,s,0.75,FALSE,FALSE,NA,NA,s-b04,heat_mech_with_water,NA,NA,NA,114.2,s-b04,284,3.1549295774647885,NA,0,3.1549295774647885,0.027626353567992895
C,1,C1,350,s,0.75,FALSE,FALSE,NA,NA,s-c01,heat_mech_with_water,NA,NA,NA,117.5,s-c01,285,1.2280701754385965,NA,0,1.2280701754385965,0.010451661067562524
C,2,C2,713,s,0.75,FALSE,FALSE,NA,NA,s-c02,heat_mech_with_water,NA,NA,NA,126.5,s-c02,272,2.6213235294117645,NA,0,2.6213235294117645,0.02072192513368984
C,3,C3,803,s,0.75,FALSE,FALSE,NA,NA,s-c03,heat_mech_with_water,NA,NA,NA,133.9,s-c03,356,2.25561797752809,NA,0,2.25561797752809,0.016845541281016355
C,4,C4,291,s,0.75,FALSE,FALSE,NA,NA,s-c04,heat_mech_with_water,NA,NA,NA,213.5,s-c04,288,1.0104166666666667,NA,0,1.0104166666666667,0.004732630757220921
A,1,A1,343,s,1,FALSE,FALSE,NA,NA,s-a01,heat_mech_with_water,NA,NA,NA,122.6,s-a01,286,1.1993006993006994,NA,0,1.1993006993006994,0.009782224300984499
A,2,A2,315,s,1,FALSE,FALSE,NA,NA,s-a02,heat_mech_with_water,NA,NA,NA,156.2,s-a02,291,1.0824742268041236,NA,0,1.0824742268041236,0.0069300526684002795
A,3,A3,330,s,1,FALSE,FALSE,NA,NA,s-a03,heat_mech_with_water,NA,NA,NA,139.9,s-a03,301,1.0963455149501662,NA,0,1.0963455149501662,0.007836636990351437
A,4,A4,834,s,1,FALSE,FALSE,NA,NA,s-a04,heat_mech_with_water,NA,NA,NA,161.7,s-a04,272,3.0661764705882355,NA,0,3.0661764705882355,0.018962130306668126
B,1,B1,324,s,1,FALSE,FALSE,NA,NA,s-b01,heat_mech_with_water,NA,NA,NA,103.1,s-b01,274,1.1824817518248176,NA,0,1.1824817518248176,0.011469270143790667
B,2,B2,724,s,1,FALSE,FALSE,NA,NA,s-b02,heat_mech_with_water,NA,NA,NA,96,s-b02,285,2.5403508771929824,NA,0,2.5403508771929824,0.026461988304093565
B,3,B3,247,s,1,FALSE,FALSE,NA,NA,s-b03,heat_mech_with_water,NA,NA,NA,64.4,s-b03,254,0.9724409448818898,NA,0,0.9724409448818898,0.015100014672079033
B,4,B4,1169,s,1,FALSE,FALSE,NA,NA,s-b04,heat_mech_with_water,NA,NA,NA,114.2,s-b04,284,4.116197183098592,NA,0,4.116197183098592,0.036043758170740736
C,1,C1,386,s,1,FALSE,FALSE,NA,NA,s-c01,heat_mech_with_water,NA,NA,NA,117.5,s-c01,285,1.3543859649122807,NA,0,1.3543859649122807,0.01152668906308324
C,2,C2,944,s,1,FALSE,FALSE,NA,NA,s-c02,heat_mech_with_water,NA,NA,NA,126.5,s-c02,272,3.4705882352941178,NA,0,3.4705882352941178,0.027435480120902116
C,3,C3,722,s,1,FALSE,FALSE,NA,NA,s-c03,heat_mech_with_water,NA,NA,NA,133.9,s-c03,356,2.0280898876404496,NA,0,2.0280898876404496,0.015146302372221431
C,4,C4,307,s,1,FALSE,FALSE,NA,NA,s-c04,heat_mech_with_water,NA,NA,NA,213.5,s-c04,288,1.0659722222222223,NA,0,1.0659722222222223,0.0049928441321883945
A,1,A1,896,s,18.75,FALSE,FALSE,NA,NA,s-a01,heat_mech_with_water,NA,NA,NA,122.6,s-a01,286,3.132867132867133,NA,0,3.132867132867133,0.025553565520939094
A,2,A2,598,s,18.75,FALSE,FALSE,NA,NA,s-a02,heat_mech_with_water,NA,NA,NA,156.2,s-a02,291,2.0549828178694156,NA,0,2.0549828178694156,0.013156099986359896
A,3,A3,2397,s,18.75,FALSE,FALSE,NA,NA,s-a03,heat_mech_with_water,NA,NA,NA,139.9,s-a03,301,7.9634551495016614,NA,0,7.9634551495016614,0.05692248141173453
A,4,A4,5982,s,18.75,FALSE,FALSE,NA,NA,s-a04,heat_mech_with_water,NA,NA,NA,161.7,s-a04,272,21.99264705882353,NA,0,21.99264705882353,0.13600894903415914
B,1,B1,843,s,18.75,FALSE,FALSE,NA,NA,s-b01,heat_mech_with_water,NA,NA,NA,103.1,s-b01,274,3.076642335766423,NA,0,3.076642335766423,0.029841341763010894
B,2,B2,5233,s,18.75,FALSE,FALSE,NA,NA,s-b02,heat_mech_with_water,NA,NA,NA,96,s-b02,285,18.36140350877193,NA,0,18.36140350877193,0.19126461988304091
B,3,B3,552,s,18.75,FALSE,FALSE,NA,NA,s-b03,heat_mech_with_water,NA,NA,NA,64.4,s-b03,254,2.173228346456693,NA,0,2.173228346456693,0.03374578177727784
B,4,B4,6918,s,18.75,FALSE,FALSE,NA,NA,s-b04,heat_mech_with_water,NA,NA,NA,114.2,s-b04,284,24.359154929577464,NA,0,24.359154929577464,0.21330258257073084
C,1,C1,1284,s,18.75,FALSE,FALSE,NA,NA,s-c01,heat_mech_with_water,NA,NA,NA,117.5,s-c01,285,4.505263157894737,NA,0,4.505263157894737,0.038342665173572224
C,2,C2,7489,s,18.75,FALSE,FALSE,NA,NA,s-c02,heat_mech_with_water,NA,NA,NA,126.5,s-c02,272,27.533088235294116,NA,0,27.533088235294116,0.21765287142524992
C,3,C3,2289,s,18.75,FALSE,FALSE,NA,NA,s-c03,heat_mech_with_water,NA,NA,NA,133.9,s-c03,356,6.429775280898877,NA,0,6.429775280898877,0.04801923286705658
C,4,C4,2110,s,18.75,FALSE,FALSE,NA,NA,s-c04,heat_mech_with_water,NA,NA,NA,213.5,s-c04,288,7.326388888888889,NA,0,7.326388888888889,0.034315638823835544
A,1,A1,417,s,2,FALSE,FALSE,NA,NA,s-a01,heat_mech_with_water,NA,NA,NA,122.6,s-a01,286,1.4580419580419581,NA,0,1.4580419580419581,0.011892675024812057
A,2,A2,344,s,2,FALSE,FALSE,NA,NA,s-a02,heat_mech_with_water,NA,NA,NA,156.2,s-a02,291,1.1821305841924399,NA,0,1.1821305841924399,0.007568057517237132
A,3,A3,507,s,2,FALSE,FALSE,NA,NA,s-a03,heat_mech_with_water,NA,NA,NA,139.9,s-a03,301,1.6843853820598007,NA,0,1.6843853820598007,0.012039924103358118
A,4,A4,1217,s,2,FALSE,FALSE,NA,NA,s-a04,heat_mech_with_water,NA,NA,NA,161.7,s-a04,272,4.474264705882353,NA,0,4.474264705882353,0.027670158972679985
B,1,B1,397,s,2,FALSE,FALSE,NA,NA,s-b01,heat_mech_with_water,NA,NA,NA,103.1,s-b01,274,1.448905109489051,NA,0,1.448905109489051,0.014053395824336092
B,2,B2,1013,s,2,FALSE,FALSE,NA,NA,s-b02,heat_mech_with_water,NA,NA,NA,96,s-b02,285,3.5543859649122806,NA,0,3.5543859649122806,0.03702485380116959
B,3,B3,258,s,2,FALSE,FALSE,NA,NA,s-b03,heat_mech_with_water,NA,NA,NA,64.4,s-b03,254,1.015748031496063,NA,0,1.015748031496063,0.01577248496111899
B,4,B4,1576,s,2,FALSE,FALSE,NA,NA,s-b04,heat_mech_with_water,NA,NA,NA,114.2,s-b04,284,5.549295774647887,NA,0,5.549295774647887,0.04859278261513036
C,1,C1,540,s,2,FALSE,FALSE,NA,NA,s-c01,heat_mech_with_water,NA,NA,NA,117.5,s-c01,285,1.894736842105263,NA,0,1.894736842105263,0.01612541993281075
C,2,C2,1815,s,2,FALSE,FALSE,NA,NA,s-c02,heat_mech_with_water,NA,NA,NA,126.5,s-c02,272,6.672794117647059,NA,0,6.672794117647059,0.05274936061381074
C,3,C3,969,s,2,FALSE,FALSE,NA,NA,s-c03,heat_mech_with_water,NA,NA,NA,133.9,s-c03,356,2.7219101123595504,NA,0,2.7219101123595504,0.020327932131139283
C,4,C4,647,s,2,FALSE,FALSE,NA,NA,s-c04,heat_mech_with_water,NA,NA,NA,213.5,s-c04,288,2.2465277777777777,NA,0,2.2465277777777777,0.010522378350247202
A,1,A1,245,t,0,FALSE,FALSE,NA,NA,t-a01,heat_mech_no-water,NA,NA,NA,66.7,t-a01,245,1,NA,0,1,0.014992503748125937
A,2,A2,273,t,0,FALSE,FALSE,NA,NA,t-a02,heat_mech_no-water,NA,NA,NA,159.7,t-a02,273,1,NA,0,1,0.006261740763932374
A,3,A3,286,t,0,FALSE,FALSE,NA,NA,t-a03,heat_mech_no-water,NA,NA,NA,165.2,t-a03,286,1,NA,0,1,0.006053268765133173
A,4,A4,262,t,0,FALSE,FALSE,NA,NA,t-a04,heat_mech_no-water,NA,NA,NA,135.1,t-a04,262,1,NA,0,1,0.007401924500370097
B,1,B1,251,t,0,FALSE,FALSE,NA,NA,t-b01,heat_mech_no-water,NA,NA,NA,97.6,t-b01,251,1,NA,0,1,0.010245901639344263
B,2,B2,287,t,0,FALSE,FALSE,NA,NA,t-b02,heat_mech_no-water,NA,NA,NA,134.1,t-b02,287,1,NA,0,1,0.007457121551081283
B,3,B3,256,t,0,FALSE,FALSE,NA,NA,t-b03,heat_mech_no-water,NA,NA,NA,100.3,t-b03,256,1,NA,0,1,0.009970089730807577
B,4,B4,252,t,0,FALSE,FALSE,NA,NA,t-b04,heat_mech_no-water,NA,NA,NA,104.5,t-b04,252,1,NA,0,1,0.009569377990430622
C,1,C1,259,t,0,FALSE,FALSE,NA,NA,t-c01,heat_mech_no-water,NA,NA,NA,128.2,t-c01,259,1,NA,0,1,0.0078003120124804995
C,2,C2,266,t,0,FALSE,FALSE,NA,NA,t-c02,heat_mech_no-water,NA,NA,NA,168,t-c02,266,1,NA,0,1,0.005952380952380952
C,3,C3,273,t,0,FALSE,FALSE,NA,NA,t-c03,heat_mech_no-water,NA,NA,NA,181.4,t-c03,273,1,NA,0,1,0.005512679162072767
C,4,C4,274,t,0,FALSE,FALSE,NA,NA,t-c04,heat_mech_no-water,NA,NA,NA,73.2,t-c04,274,1,NA,0,1,0.01366120218579235
A,1,A1,230,t,0.25,FALSE,FALSE,NA,NA,t-a01,heat_mech_no-water,NA,NA,NA,66.7,t-a01,245,0.9387755102040817,NA,0,0.9387755102040817,0.014074595355383532
A,2,A2,263,t,0.25,FALSE,FALSE,NA,NA,t-a02,heat_mech_no-water,NA,NA,NA,159.7,t-a02,273,0.9633699633699634,NA,0,0.9633699633699634,0.006032372970381737
A,3,A3,276,t,0.25,FALSE,FALSE,NA,NA,t-a03,heat_mech_no-water,NA,NA,NA,165.2,t-a03,286,0.965034965034965,NA,0,0.965034965034965,0.005841616011107537
A,4,A4,288,t,0.25,FALSE,FALSE,NA,NA,t-a04,heat_mech_no-water,NA,NA,NA,135.1,t-a04,262,1.099236641221374,NA,0,1.099236641221374,0.008136466626361022
B,1,B1,240,t,0.25,FALSE,FALSE,NA,NA,t-b01,heat_mech_no-water,NA,NA,NA,97.6,t-b01,251,0.9561752988047809,NA,0,0.9561752988047809,0.009796878061524395
B,2,B2,282,t,0.25,FALSE,FALSE,NA,NA,t-b02,heat_mech_no-water,NA,NA,NA,134.1,t-b02,287,0.9825783972125436,NA,0,0.9825783972125436,0.007327206541480564
B,3,B3,251,t,0.25,FALSE,FALSE,NA,NA,t-b03,heat_mech_no-water,NA,NA,NA,100.3,t-b03,256,0.98046875,NA,0,0.98046875,0.009775361415752743
B,4,B4,257,t,0.25,FALSE,FALSE,NA,NA,t-b04,heat_mech_no-water,NA,NA,NA,104.5,t-b04,252,1.0198412698412698,NA,0,1.0198412698412698,0.009759246601351863
C,1,C1,241,t,0.25,FALSE,FALSE,NA,NA,t-c01,heat_mech_no-water,NA,NA,NA,128.2,t-c01,259,0.9305019305019305,NA,0,0.9305019305019305,0.007258205386130504
C,2,C2,257,t,0.25,FALSE,FALSE,NA,NA,t-c02,heat_mech_no-water,NA,NA,NA,168,t-c02,266,0.9661654135338346,NA,0,0.9661654135338346,0.005750984604368063
C,3,C3,275,t,0.25,FALSE,FALSE,NA,NA,t-c03,heat_mech_no-water,NA,NA,NA,181.4,t-c03,273,1.0073260073260073,NA,0,1.0073260073260073,0.00555306509000004
C,4,C4,382,t,0.25,FALSE,FALSE,NA,NA,t-c04,heat_mech_no-water,NA,NA,NA,73.2,t-c04,274,1.3941605839416058,NA,0,1.3941605839416058,0.019045909616688603
A,1,A1,228,t,0.5,FALSE,FALSE,NA,NA,t-a01,heat_mech_no-water,NA,NA,NA,66.7,t-a01,245,0.9306122448979591,NA,0,0.9306122448979591,0.013952207569684544
A,2,A2,262,t,0.5,FALSE,FALSE,NA,NA,t-a02,heat_mech_no-water,NA,NA,NA,159.7,t-a02,273,0.9597069597069597,NA,0,0.9597069597069597,0.006009436191026674
A,3,A3,277,t,0.5,FALSE,FALSE,NA,NA,t-a03,heat_mech_no-water,NA,NA,NA,165.2,t-a03,286,0.9685314685314685,NA,0,0.9685314685314685,0.0058627812865101004
A,4,A4,334,t,0.5,FALSE,FALSE,NA,NA,t-a04,heat_mech_no-water,NA,NA,NA,135.1,t-a04,262,1.2748091603053435,NA,0,1.2748091603053435,0.009436041156960352
B,1,B1,239,t,0.5,FALSE,FALSE,NA,NA,t-b01,heat_mech_no-water,NA,NA,NA,97.6,t-b01,251,0.952191235059761,NA,0,0.952191235059761,0.009756057736268043
B,2,B2,283,t,0.5,FALSE,FALSE,NA,NA,t-b02,heat_mech_no-water,NA,NA,NA,134.1,t-b02,287,0.9860627177700348,NA,0,0.9860627177700348,0.007353189543400708
B,3,B3,250,t,0.5,FALSE,FALSE,NA,NA,t-b03,heat_mech_no-water,NA,NA,NA,100.3,t-b03,256,0.9765625,NA,0,0.9765625,0.009736415752741775
B,4,B4,321,t,0.5,FALSE,FALSE,NA,NA,t-b04,heat_mech_no-water,NA,NA,NA,104.5,t-b04,252,1.2738095238095237,NA,0,1.2738095238095237,0.012189564821143768
C,1,C1,242,t,0.5,FALSE,FALSE,NA,NA,t-c01,heat_mech_no-water,NA,NA,NA,128.2,t-c01,259,0.9343629343629344,NA,0,0.9343629343629344,0.007288322420927726
C,2,C2,258,t,0.5,FALSE,FALSE,NA,NA,t-c02,heat_mech_no-water,NA,NA,NA,168,t-c02,266,0.9699248120300752,NA,0,0.9699248120300752,0.005773361976369495
C,3,C3,277,t,0.5,FALSE,FALSE,NA,NA,t-c03,heat_mech_no-water,NA,NA,NA,181.4,t-c03,273,1.0146520146520146,NA,0,1.0146520146520146,0.0055934510179273126
C,4,C4,573,t,0.5,FALSE,FALSE,NA,NA,t-c04,heat_mech_no-water,NA,NA,NA,73.2,t-c04,274,2.091240875912409,NA,0,2.091240875912409,0.028568864425032908
A,1,A1,227,t,0.75,FALSE,FALSE,NA,NA,t-a01,heat_mech_no-water,NA,NA,NA,66.7,t-a01,245,0.926530612244898,NA,0,0.926530612244898,0.013891013676835052
A,2,A2,261,t,0.75,FALSE,FALSE,NA,NA,t-a02,heat_mech_no-water,NA,NA,NA,159.7,t-a02,273,0.9560439560439561,NA,0,0.9560439560439561,0.00598649941167161
A,3,A3,282,t,0.75,FALSE,FALSE,NA,NA,t-a03,heat_mech_no-water,NA,NA,NA,165.2,t-a03,286,0.986013986013986,NA,0,0.986013986013986,0.005968607663522918
A,4,A4,503,t,0.75,FALSE,FALSE,NA,NA,t-a04,heat_mech_no-water,NA,NA,NA,135.1,t-a04,262,1.9198473282442747,NA,0,1.9198473282442747,0.014210564975901369
B,1,B1,238,t,0.75,FALSE,FALSE,NA,NA,t-b01,heat_mech_no-water,NA,NA,NA,97.6,t-b01,251,0.9482071713147411,NA,0,0.9482071713147411,0.009715237411011692
B,2,B2,281,t,0.75,FALSE,FALSE,NA,NA,t-b02,heat_mech_no-water,NA,NA,NA,134.1,t-b02,287,0.9790940766550522,NA,0,0.9790940766550522,0.00730122353956042
B,3,B3,251,t,0.75,FALSE,FALSE,NA,NA,t-b03,heat_mech_no-water,NA,NA,NA,100.3,t-b03,256,0.98046875,NA,0,0.98046875,0.009775361415752743
B,4,B4,591,t,0.75,FALSE,FALSE,NA,NA,t-b04,heat_mech_no-water,NA,NA,NA,104.5,t-b04,252,2.3452380952380953,NA,0,2.3452380952380953,0.022442469810890864
C,1,C1,240,t,0.75,FALSE,FALSE,NA,NA,t-c01,heat_mech_no-water,NA,NA,NA,128.2,t-c01,259,0.9266409266409267,NA,0,0.9266409266409267,0.0072280883513332825
C,2,C2,258,t,0.75,FALSE,FALSE,NA,NA,t-c02,heat_mech_no-water,NA,NA,NA,168,t-c02,266,0.9699248120300752,NA,0,0.9699248120300752,0.005773361976369495
C,3,C3,292,t,0.75,FALSE,FALSE,NA,NA,t-c03,heat_mech_no-water,NA,NA,NA,181.4,t-c03,273,1.0695970695970696,NA,0,1.0695970695970696,0.0058963454773818605
C,4,C4,763,t,0.75,FALSE,FALSE,NA,NA,t-c04,heat_mech_no-water,NA,NA,NA,73.2,t-c04,274,2.7846715328467155,NA,0,2.7846715328467155,0.03804196083123928
A,1,A1,226,t,1,FALSE,FALSE,NA,NA,t-a01,heat_mech_no-water,NA,NA,NA,66.7,t-a01,245,0.9224489795918367,NA,0,0.9224489795918367,0.013829819783985557
A,2,A2,261,t,1,FALSE,FALSE,NA,NA,t-a02,heat_mech_no-water,NA,NA,NA,159.7,t-a02,273,0.9560439560439561,NA,0,0.9560439560439561,0.00598649941167161
A,3,A3,280,t,1,FALSE,FALSE,NA,NA,t-a03,heat_mech_no-water,NA,NA,NA,165.2,t-a03,286,0.9790209790209791,NA,0,0.9790209790209791,0.0059262771127177915
A,4,A4,671,t,1,FALSE,FALSE,NA,NA,t-a04,heat_mech_no-water,NA,NA,NA,135.1,t-a04,262,2.5610687022900764,NA,0,2.5610687022900764,0.018956837174611964
B,1,B1,237,t,1,FALSE,FALSE,NA,NA,t-b01,heat_mech_no-water,NA,NA,NA,97.6,t-b01,251,0.9442231075697212,NA,0,0.9442231075697212,0.00967441708575534
B,2,B2,283,t,1,FALSE,FALSE,NA,NA,t-b02,heat_mech_no-water,NA,NA,NA,134.1,t-b02,287,0.9860627177700348,NA,0,0.9860627177700348,0.007353189543400708
B,3,B3,250,t,1,FALSE,FALSE,NA,NA,t-b03,heat_mech_no-water,NA,NA,NA,100.3,t-b03,256,0.9765625,NA,0,0.9765625,0.009736415752741775
B,4,B4,653,t,1,FALSE,FALSE,NA,NA,t-b04,heat_mech_no-water,NA,NA,NA,104.5,t-b04,252,2.5912698412698414,NA,0,2.5912698412698414,0.024796840586314272
C,1,C1,239,t,1,FALSE,FALSE,NA,NA,t-c01,heat_mech_no-water,NA,NA,NA,128.2,t-c01,259,0.9227799227799228,NA,0,0.9227799227799228,0.0071979713165360604
C,2,C2,257,t,1,FALSE,FALSE,NA,NA,t-c02,heat_mech_no-water,NA,NA,NA,168,t-c02,266,0.9661654135338346,NA,0,0.9661654135338346,0.005750984604368063
C,3,C3,331,t,1,FALSE,FALSE,NA,NA,t-c03,heat_mech_no-water,NA,NA,NA,181.4,t-c03,273,1.2124542124542124,NA,0,1.2124542124542124,0.006683871071963684
C,4,C4,945,t,1,FALSE,FALSE,NA,NA,t-c04,heat_mech_no-water,NA,NA,NA,73.2,t-c04,274,3.448905109489051,NA,0,3.448905109489051,0.04711619002034222
A,1,A1,254,t,18.75,FALSE,FALSE,NA,NA,t-a01,heat_mech_no-water,NA,NA,NA,66.7,t-a01,245,1.036734693877551,NA,0,1.036734693877551,0.015543248783771378
A,2,A2,477,t,18.75,FALSE,FALSE,NA,NA,t-a02,heat_mech_no-water,NA,NA,NA,159.7,t-a02,273,1.7472527472527473,NA,0,1.7472527472527473,0.010940843752365356
A,3,A3,377,t,18.75,FALSE,FALSE,NA,NA,t-a03,heat_mech_no-water,NA,NA,NA,165.2,t-a03,286,1.3181818181818181,NA,0,1.3181818181818181,0.007979308826766455
A,4,A4,4555,t,18.75,FALSE,FALSE,NA,NA,t-a04,heat_mech_no-water,NA,NA,NA,135.1,t-a04,262,17.385496183206108,NA,0,17.385496183206108,0.1286861301495641
B,1,B1,271,t,18.75,FALSE,FALSE,NA,NA,t-b01,heat_mech_no-water,NA,NA,NA,97.6,t-b01,251,1.0796812749003983,NA,0,1.0796812749003983,0.011062308144471296
B,2,B2,345,t,18.75,FALSE,FALSE,NA,NA,t-b02,heat_mech_no-water,NA,NA,NA,134.1,t-b02,287,1.2020905923344947,NA,0,1.2020905923344947,0.008964135662449624
B,3,B3,339,t,18.75,FALSE,FALSE,NA,NA,t-b03,heat_mech_no-water,NA,NA,NA,100.3,t-b03,256,1.32421875,NA,0,1.32421875,0.013202579760717847
B,4,B4,4797,t,18.75,FALSE,FALSE,NA,NA,t-b04,heat_mech_no-water,NA,NA,NA,104.5,t-b04,252,19.035714285714285,NA,0,19.035714285714285,0.18215994531784005
C,1,C1,286,t,18.75,FALSE,FALSE,NA,NA,t-c01,heat_mech_no-water,NA,NA,NA,128.2,t-c01,259,1.1042471042471043,NA,0,1.1042471042471043,0.008613471952005495
C,2,C2,381,t,18.75,FALSE,FALSE,NA,NA,t-c02,heat_mech_no-water,NA,NA,NA,168,t-c02,266,1.4323308270676691,NA,0,1.4323308270676691,0.00852577873254565
C,3,C3,2850,t,18.75,FALSE,FALSE,NA,NA,t-c03,heat_mech_no-water,NA,NA,NA,181.4,t-c03,273,10.43956043956044,NA,0,10.43956043956044,0.057549947296364055
C,4,C4,6234,t,18.75,FALSE,FALSE,NA,NA,t-c04,heat_mech_no-water,NA,NA,NA,73.2,t-c04,274,22.751824817518248,NA,0,22.751824817518248,0.3108172789278449
A,1,A1,226,t,2,FALSE,FALSE,NA,NA,t-a01,heat_mech_no-water,NA,NA,NA,66.7,t-a01,245,0.9224489795918367,NA,0,0.9224489795918367,0.013829819783985557
A,2,A2,267,t,2,FALSE,FALSE,NA,NA,t-a02,heat_mech_no-water,NA,NA,NA,159.7,t-a02,273,0.978021978021978,NA,0,0.978021978021978,0.006124120087801992
A,3,A3,294,t,2,FALSE,FALSE,NA,NA,t-a03,heat_mech_no-water,NA,NA,NA,165.2,t-a03,286,1.027972027972028,NA,0,1.027972027972028,0.00622259096835368
A,4,A4,1131,t,2,FALSE,FALSE,NA,NA,t-a04,heat_mech_no-water,NA,NA,NA,135.1,t-a04,262,4.316793893129771,NA,0,4.316793893129771,0.031952582480605264
B,1,B1,237,t,2,FALSE,FALSE,NA,NA,t-b01,heat_mech_no-water,NA,NA,NA,97.6,t-b01,251,0.9442231075697212,NA,0,0.9442231075697212,0.00967441708575534
B,2,B2,288,t,2,FALSE,FALSE,NA,NA,t-b02,heat_mech_no-water,NA,NA,NA,134.1,t-b02,287,1.0034843205574913,NA,0,1.0034843205574913,0.007483104553001427
B,3,B3,259,t,2,FALSE,FALSE,NA,NA,t-b03,heat_mech_no-water,NA,NA,NA,100.3,t-b03,256,1.01171875,NA,0,1.01171875,0.010086926719840478
B,4,B4,1066,t,2,FALSE,FALSE,NA,NA,t-b04,heat_mech_no-water,NA,NA,NA,104.5,t-b04,252,4.23015873015873,NA,0,4.23015873015873,0.0404799878484089
C,1,C1,239,t,2,FALSE,FALSE,NA,NA,t-c01,heat_mech_no-water,NA,NA,NA,128.2,t-c01,259,0.9227799227799228,NA,0,0.9227799227799228,0.0071979713165360604
C,2,C2,259,t,2,FALSE,FALSE,NA,NA,t-c02,heat_mech_no-water,NA,NA,NA,168,t-c02,266,0.9736842105263158,NA,0,0.9736842105263158,0.005795739348370928
C,3,C3,993,t,2,FALSE,FALSE,NA,NA,t-c03,heat_mech_no-water,NA,NA,NA,181.4,t-c03,273,3.6373626373626373,NA,0,3.6373626373626373,0.020051613215891054
C,4,C4,1437,t,2,FALSE,FALSE,NA,NA,t-c04,heat_mech_no-water,NA,NA,NA,73.2,t-c04,274,5.244525547445256,NA,0,5.244525547445256,0.07164652387220294
A,1,A1,252,u,0,FALSE,FALSE,NA,NA,u-a01,heat_mech_with_water,NA,NA,NA,77.3,u-a01,252,1,NA,0,1,0.0129366106080207
A,2,A2,285,u,0,FALSE,FALSE,NA,NA,u-a02,heat_mech_with_water,NA,NA,NA,176.4,u-a02,285,1,NA,0,1,0.005668934240362812
A,3,A3,256,u,0,FALSE,FALSE,NA,NA,u-a03,heat_mech_with_water,NA,NA,NA,132.6,u-a03,256,1,NA,0,1,0.007541478129713424
A,4,A4,295,u,0,FALSE,FALSE,NA,NA,u-a04,heat_mech_with_water,NA,NA,NA,215.9,u-a04,295,1,NA,0,1,0.004631773969430292
B,1,B1,294,u,0,FALSE,FALSE,NA,NA,u-b01,heat_mech_with_water,NA,NA,NA,125.6,u-b01,294,1,NA,0,1,0.007961783439490446
B,2,B2,279,u,0,FALSE,FALSE,NA,NA,u-b02,heat_mech_with_water,NA,NA,NA,169.8,u-b02,279,1,NA,0,1,0.005889281507656065
B,3,B3,274,u,0,FALSE,FALSE,NA,NA,u-b03,heat_mech_with_water,NA,NA,NA,114.4,u-b03,274,1,NA,0,1,0.00874125874125874
B,4,B4,263,u,0,FALSE,FALSE,NA,NA,u-b04,heat_mech_with_water,NA,NA,NA,85.4,u-b04,263,1,NA,0,1,0.011709601873536299
C,1,C1,275,u,0,FALSE,FALSE,NA,NA,u-c01,heat_mech_with_water,NA,NA,NA,150.7,u-c01,275,1,NA,0,1,0.006635700066357001
C,2,C2,301,u,0,FALSE,FALSE,NA,NA,u-c02,heat_mech_with_water,NA,NA,NA,156.6,u-c02,301,1,NA,0,1,0.006385696040868455
C,3,C3,275,u,0,FALSE,FALSE,NA,NA,u-c03,heat_mech_with_water,NA,NA,NA,162.1,u-c03,275,1,NA,0,1,0.006169031462060457
C,4,C4,272,u,0,FALSE,FALSE,NA,NA,u-c04,heat_mech_with_water,NA,NA,NA,107.5,u-c04,272,1,NA,0,1,0.009302325581395349
A,1,A1,288,u,0.25,FALSE,FALSE,NA,NA,u-a01,heat_mech_with_water,NA,NA,NA,77.3,u-a01,252,1.1428571428571428,NA,0,1.1428571428571428,0.014784697837737941
A,2,A2,284,u,0.25,FALSE,FALSE,NA,NA,u-a02,heat_mech_with_water,NA,NA,NA,176.4,u-a02,285,0.9964912280701754,NA,0,0.9964912280701754,0.0056490432430282055
A,3,A3,250,u,0.25,FALSE,FALSE,NA,NA,u-a03,heat_mech_with_water,NA,NA,NA,132.6,u-a03,256,0.9765625,NA,0,0.9765625,0.007364724736048266
A,4,A4,300,u,0.25,FALSE,FALSE,NA,NA,u-a04,heat_mech_with_water,NA,NA,NA,215.9,u-a04,295,1.0169491525423728,NA,0,1.0169491525423728,0.004710278612979958
B,1,B1,371,u,0.25,FALSE,FALSE,NA,NA,u-b01,heat_mech_with_water,NA,NA,NA,125.6,u-b01,294,1.2619047619047619,NA,0,1.2619047619047619,0.010047012435547467
B,2,B2,321,u,0.25,FALSE,FALSE,NA,NA,u-b02,heat_mech_with_water,NA,NA,NA,169.8,u-b02,279,1.1505376344086022,NA,0,1.1505376344086022,0.006775840014184936
B,3,B3,268,u,0.25,FALSE,FALSE,NA,NA,u-b03,heat_mech_with_water,NA,NA,NA,114.4,u-b03,274,0.9781021897810219,NA,0,0.9781021897810219,0.008549844316267674
B,4,B4,254,u,0.25,FALSE,FALSE,NA,NA,u-b04,heat_mech_with_water,NA,NA,NA,85.4,u-b04,263,0.9657794676806084,NA,0,0.9657794676806084,0.011308893064175742
C,1,C1,469,u,0.25,FALSE,FALSE,NA,NA,u-c01,heat_mech_with_water,NA,NA,NA,150.7,u-c01,275,1.7054545454545456,NA,0,1.7054545454545456,0.011316884840441577
C,2,C2,419,u,0.25,FALSE,FALSE,NA,NA,u-c02,heat_mech_with_water,NA,NA,NA,156.6,u-c02,301,1.3920265780730896,NA,0,1.3920265780730896,0.008889058608384992
C,3,C3,270,u,0.25,FALSE,FALSE,NA,NA,u-c03,heat_mech_with_water,NA,NA,NA,162.1,u-c03,275,0.9818181818181818,NA,0,0.9818181818181818,0.006056867253659357
C,4,C4,264,u,0.25,FALSE,FALSE,NA,NA,u-c04,heat_mech_with_water,NA,NA,NA,107.5,u-c04,272,0.9705882352941176,NA,0,0.9705882352941176,0.009028727770177838
A,1,A1,366,u,0.5,FALSE,FALSE,NA,NA,u-a01,heat_mech_with_water,NA,NA,NA,77.3,u-a01,252,1.4523809523809523,NA,0,1.4523809523809523,0.018788886835458634
A,2,A2,421,u,0.5,FALSE,FALSE,NA,NA,u-a02,heat_mech_with_water,NA,NA,NA,176.4,u-a02,285,1.4771929824561403,NA,0,1.4771929824561403,0.008374109877869275
A,3,A3,252,u,0.5,FALSE,FALSE,NA,NA,u-a03,heat_mech_with_water,NA,NA,NA,132.6,u-a03,256,0.984375,NA,0,0.984375,0.007423642533936652
A,4,A4,314,u,0.5,FALSE,FALSE,NA,NA,u-a04,heat_mech_with_water,NA,NA,NA,215.9,u-a04,295,1.064406779661017,NA,0,1.064406779661017,0.004930091614919023
B,1,B1,458,u,0.5,FALSE,FALSE,NA,NA,u-b01,heat_mech_with_water,NA,NA,NA,125.6,u-b01,294,1.5578231292517006,NA,0,1.5578231292517006,0.012403050392131375
B,2,B2,363,u,0.5,FALSE,FALSE,NA,NA,u-b02,heat_mech_with_water,NA,NA,NA,169.8,u-b02,279,1.3010752688172043,NA,0,1.3010752688172043,0.007662398520713805
B,3,B3,272,u,0.5,FALSE,FALSE,NA,NA,u-b03,heat_mech_with_water,NA,NA,NA,114.4,u-b03,274,0.9927007299270073,NA,0,0.9927007299270073,0.008677453932928385
B,4,B4,252,u,0.5,FALSE,FALSE,NA,NA,u-b04,heat_mech_with_water,NA,NA,NA,85.4,u-b04,263,0.9581749049429658,NA,0,0.9581749049429658,0.011219846662095617
C,1,C1,672,u,0.5,FALSE,FALSE,NA,NA,u-c01,heat_mech_with_water,NA,NA,NA,150.7,u-c01,275,2.443636363636364,NA,0,2.443636363636364,0.0162152379803342
C,2,C2,390,u,0.5,FALSE,FALSE,NA,NA,u-c02,heat_mech_with_water,NA,NA,NA,156.6,u-c02,301,1.2956810631229236,NA,0,1.2956810631229236,0.008273825435012283
C,3,C3,271,u,0.5,FALSE,FALSE,NA,NA,u-c03,heat_mech_with_water,NA,NA,NA,162.1,u-c03,275,0.9854545454545455,NA,0,0.9854545454545455,0.0060793000953395775
C,4,C4,263,u,0.5,FALSE,FALSE,NA,NA,u-c04,heat_mech_with_water,NA,NA,NA,107.5,u-c04,272,0.9669117647058824,NA,0,0.9669117647058824,0.00899452804377565
A,1,A1,463,u,0.75,FALSE,FALSE,NA,NA,u-a01,heat_mech_with_water,NA,NA,NA,77.3,u-a01,252,1.8373015873015872,NA,0,1.8373015873015872,0.023768455204418983
A,2,A2,588,u,0.75,FALSE,FALSE,NA,NA,u-a02,heat_mech_with_water,NA,NA,NA,176.4,u-a02,285,2.0631578947368423,NA,0,2.0631578947368423,0.011695906432748539
A,3,A3,251,u,0.75,FALSE,FALSE,NA,NA,u-a03,heat_mech_with_water,NA,NA,NA,132.6,u-a03,256,0.98046875,NA,0,0.98046875,0.007394183634992459
A,4,A4,342,u,0.75,FALSE,FALSE,NA,NA,u-a04,heat_mech_with_water,NA,NA,NA,215.9,u-a04,295,1.159322033898305,NA,0,1.159322033898305,0.005369717618797151
B,1,B1,583,u,0.75,FALSE,FALSE,NA,NA,u-b01,heat_mech_with_water,NA,NA,NA,125.6,u-b01,294,1.9829931972789117,NA,0,1.9829931972789117,0.01578816239871745
B,2,B2,413,u,0.75,FALSE,FALSE,NA,NA,u-b02,heat_mech_with_water,NA,NA,NA,169.8,u-b02,279,1.4802867383512546,NA,0,1.4802867383512546,0.008717825314200556
B,3,B3,284,u,0.75,FALSE,FALSE,NA,NA,u-b03,heat_mech_with_water,NA,NA,NA,114.4,u-b03,274,1.0364963503649636,NA,0,1.0364963503649636,0.00906028278291052
B,4,B4,251,u,0.75,FALSE,FALSE,NA,NA,u-b04,heat_mech_with_water,NA,NA,NA,85.4,u-b04,263,0.9543726235741445,NA,0,0.9543726235741445,0.011175323461055556
C,1,C1,939,u,0.75,FALSE,FALSE,NA,NA,u-c01,heat_mech_with_water,NA,NA,NA,150.7,u-c01,275,3.4145454545454546,NA,0,3.4145454545454546,0.02265789949930627
C,2,C2,389,u,0.75,FALSE,FALSE,NA,NA,u-c02,heat_mech_with_water,NA,NA,NA,156.6,u-c02,301,1.2923588039867109,NA,0,1.2923588039867109,0.00825261049799943
C,3,C3,273,u,0.75,FALSE,FALSE,NA,NA,u-c03,heat_mech_with_water,NA,NA,NA,162.1,u-c03,275,0.9927272727272727,NA,0,0.9927272727272727,0.006124165778700017
C,4,C4,262,u,0.75,FALSE,FALSE,NA,NA,u-c04,heat_mech_with_water,NA,NA,NA,107.5,u-c04,272,0.9632352941176471,NA,0,0.9632352941176471,0.008960328317373461
A,1,A1,580,u,1,FALSE,FALSE,NA,NA,u-a01,heat_mech_with_water,NA,NA,NA,77.3,u-a01,252,2.3015873015873014,NA,0,2.3015873015873014,0.02977473870100002
A,2,A2,804,u,1,FALSE,FALSE,NA,NA,u-a02,heat_mech_with_water,NA,NA,NA,176.4,u-a02,285,2.8210526315789473,NA,0,2.8210526315789473,0.01599236185702351
A,3,A3,252,u,1,FALSE,FALSE,NA,NA,u-a03,heat_mech_with_water,NA,NA,NA,132.6,u-a03,256,0.984375,NA,0,0.984375,0.007423642533936652
A,4,A4,376,u,1,FALSE,FALSE,NA,NA,u-a04,heat_mech_with_water,NA,NA,NA,215.9,u-a04,295,1.2745762711864406,NA,0,1.2745762711864406,0.00590354919493488
B,1,B1,695,u,1,FALSE,FALSE,NA,NA,u-b01,heat_mech_with_water,NA,NA,NA,125.6,u-b01,294,2.3639455782312924,NA,0,2.3639455782312924,0.018821222756618572
B,2,B2,474,u,1,FALSE,FALSE,NA,NA,u-b02,heat_mech_with_water,NA,NA,NA,169.8,u-b02,279,1.6989247311827957,NA,0,1.6989247311827957,0.01000544600225439
B,3,B3,308,u,1,FALSE,FALSE,NA,NA,u-b03,heat_mech_with_water,NA,NA,NA,114.4,u-b03,274,1.1240875912408759,NA,0,1.1240875912408759,0.009825940482874789
B,4,B4,253,u,1,FALSE,FALSE,NA,NA,u-b04,heat_mech_with_water,NA,NA,NA,85.4,u-b04,263,0.9619771863117871,NA,0,0.9619771863117871,0.011264369863135679
C,1,C1,1269,u,1,FALSE,FALSE,NA,NA,u-c01,heat_mech_with_water,NA,NA,NA,150.7,u-c01,275,4.614545454545454,NA,0,4.614545454545454,0.03062073957893467
C,2,C2,391,u,1,FALSE,FALSE,NA,NA,u-c02,heat_mech_with_water,NA,NA,NA,156.6,u-c02,301,1.2990033222591362,NA,0,1.2990033222591362,0.008295040372025135
C,3,C3,278,u,1,FALSE,FALSE,NA,NA,u-c03,heat_mech_with_water,NA,NA,NA,162.1,u-c03,275,1.010909090909091,NA,0,1.010909090909091,0.006236329987101117
C,4,C4,262,u,1,FALSE,FALSE,NA,NA,u-c04,heat_mech_with_water,NA,NA,NA,107.5,u-c04,272,0.9632352941176471,NA,0,0.9632352941176471,0.008960328317373461
A,1,A1,3389,u,18.75,FALSE,FALSE,NA,NA,u-a01,heat_mech_with_water,NA,NA,NA,77.3,u-a01,252,13.448412698412698,NA,0,13.448412698412698,0.17397687837532597
A,2,A2,5188,u,18.75,FALSE,FALSE,NA,NA,u-a02,heat_mech_with_water,NA,NA,NA,176.4,u-a02,285,18.203508771929826,NA,0,18.203508771929826,0.10319449417193778
A,3,A3,322,u,18.75,FALSE,FALSE,NA,NA,u-a03,heat_mech_with_water,NA,NA,NA,132.6,u-a03,256,1.2578125,NA,0,1.2578125,0.009485765460030167
A,4,A4,770,u,18.75,FALSE,FALSE,NA,NA,u-a04,heat_mech_with_water,NA,NA,NA,215.9,u-a04,295,2.610169491525424,NA,0,2.610169491525424,0.012089715106648559
B,1,B1,5832,u,18.75,FALSE,FALSE,NA,NA,u-b01,heat_mech_with_water,NA,NA,NA,125.6,u-b01,294,19.836734693877553,NA,0,19.836734693877553,0.15793578577927989
B,2,B2,1591,u,18.75,FALSE,FALSE,NA,NA,u-b02,heat_mech_with_water,NA,NA,NA,169.8,u-b02,279,5.702508960573477,NA,0,5.702508960573477,0.033583680568748386
B,3,B3,1317,u,18.75,FALSE,FALSE,NA,NA,u-b03,heat_mech_with_water,NA,NA,NA,114.4,u-b03,274,4.806569343065694,NA,0,4.806569343065694,0.04201546628553928
B,4,B4,357,u,18.75,FALSE,FALSE,NA,NA,u-b04,heat_mech_with_water,NA,NA,NA,85.4,u-b04,263,1.3574144486692015,NA,0,1.3574144486692015,0.015894782771302123
C,1,C1,7292,u,18.75,FALSE,FALSE,NA,NA,u-c01,heat_mech_with_water,NA,NA,NA,150.7,u-c01,275,26.516363636363636,NA,0,26.516363636363636,0.17595463594136454
C,2,C2,1235,u,18.75,FALSE,FALSE,NA,NA,u-c02,heat_mech_with_water,NA,NA,NA,156.6,u-c02,301,4.102990033222591,NA,0,4.102990033222591,0.02620044721087223
C,3,C3,390,u,18.75,FALSE,FALSE,NA,NA,u-c03,heat_mech_with_water,NA,NA,NA,162.1,u-c03,275,1.4181818181818182,NA,0,1.4181818181818182,0.008748808255285739
C,4,C4,306,u,18.75,FALSE,FALSE,NA,NA,u-c04,heat_mech_with_water,NA,NA,NA,107.5,u-c04,272,1.125,NA,0,1.125,0.010465116279069767
A,1,A1,640,u,2,FALSE,FALSE,NA,NA,u-a01,heat_mech_with_water,NA,NA,NA,77.3,u-a01,252,2.5396825396825395,NA,0,2.5396825396825395,0.03285488408386209
A,2,A2,943,u,2,FALSE,FALSE,NA,NA,u-a02,heat_mech_with_water,NA,NA,NA,176.4,u-a02,285,3.3087719298245615,NA,0,3.3087719298245615,0.018757210486533796
A,3,A3,261,u,2,FALSE,FALSE,NA,NA,u-a03,heat_mech_with_water,NA,NA,NA,132.6,u-a03,256,1.01953125,NA,0,1.01953125,0.00768877262443439
A,4,A4,431,u,2,FALSE,FALSE,NA,NA,u-a04,heat_mech_with_water,NA,NA,NA,215.9,u-a04,295,1.4610169491525424,NA,0,1.4610169491525424,0.0067671002739812065
B,1,B1,1424,u,2,FALSE,FALSE,NA,NA,u-b01,heat_mech_with_water,NA,NA,NA,125.6,u-b01,294,4.8435374149659864,NA,0,4.8435374149659864,0.038563195979028554
B,2,B2,659,u,2,FALSE,FALSE,NA,NA,u-b02,heat_mech_with_water,NA,NA,NA,169.8,u-b02,279,2.3620071684587813,NA,0,2.3620071684587813,0.013910525138155366
B,3,B3,390,u,2,FALSE,FALSE,NA,NA,u-b03,heat_mech_with_water,NA,NA,NA,114.4,u-b03,274,1.4233576642335766,NA,0,1.4233576642335766,0.012441937624419376
B,4,B4,264,u,2,FALSE,FALSE,NA,NA,u-b04,heat_mech_with_water,NA,NA,NA,85.4,u-b04,263,1.0038022813688212,NA,0,1.0038022813688212,0.01175412507457636
C,1,C1,1744,u,2,FALSE,FALSE,NA,NA,u-c01,heat_mech_with_water,NA,NA,NA,150.7,u-c01,275,6.341818181818182,NA,0,6.341818181818182,0.04208240332991495
C,2,C2,428,u,2,FALSE,FALSE,NA,NA,u-c02,heat_mech_with_water,NA,NA,NA,156.6,u-c02,301,1.4219269102990033,NA,0,1.4219269102990033,0.00907999304150066
C,3,C3,290,u,2,FALSE,FALSE,NA,NA,u-c03,heat_mech_with_water,NA,NA,NA,162.1,u-c03,275,1.0545454545454545,NA,0,1.0545454545454545,0.006505524087263754
C,4,C4,262,u,2,FALSE,FALSE,NA,NA,u-c04,heat_mech_with_water,NA,NA,NA,107.5,u-c04,272,0.9632352941176471,NA,0,0.9632352941176471,0.008960328317373461
A,1,A1,273,v,0,FALSE,FALSE,NA,NA,v-a01,heat_stress_only,NA,NA,NA,133.1,v-a01,273,1,NA,0,1,0.007513148009015778
A,2,A2,243,v,0,FALSE,FALSE,NA,NA,v-a02,heat_stress_only,NA,NA,NA,82,v-a02,243,1,NA,0,1,0.012195121951219513
A,3,A3,264,v,0,FALSE,FALSE,NA,NA,v-a03,heat_stress_only,NA,NA,NA,130.7,v-a03,264,1,NA,0,1,0.007651109410864576
A,4,A4,249,v,0,FALSE,FALSE,NA,NA,v-a04,heat_stress_only,NA,NA,NA,103,v-a04,249,1,NA,0,1,0.009708737864077669
B,1,B1,258,v,0,FALSE,FALSE,NA,NA,v-b01,heat_stress_only,NA,NA,NA,91.3,v-b01,258,1,NA,0,1,0.01095290251916758
B,2,B2,270,v,0,FALSE,FALSE,NA,NA,v-b02,heat_stress_only,NA,NA,NA,177.4,v-b02,270,1,NA,0,1,0.005636978579481398
B,3,B3,276,v,0,FALSE,FALSE,NA,NA,v-b03,heat_stress_only,NA,NA,NA,123.4,v-b03,276,1,NA,0,1,0.008103727714748784
B,4,B4,248,v,0,FALSE,FALSE,NA,NA,v-b04,heat_stress_only,NA,NA,NA,131.1,v-b04,248,1,NA,0,1,0.007627765064836004
C,1,C1,266,v,0,FALSE,FALSE,NA,NA,v-c01,heat_stress_only,NA,NA,NA,154.6,v-c01,266,1,NA,0,1,0.00646830530401035
C,2,C2,254,v,0,FALSE,FALSE,NA,NA,v-c02,heat_stress_only,NA,NA,NA,113.7,v-c02,254,1,NA,0,1,0.008795074758135443
C,3,C3,284,v,0,FALSE,FALSE,NA,NA,v-c03,heat_stress_only,NA,NA,NA,227.6,v-c03,284,1,NA,0,1,0.004393673110720563
C,4,C4,270,v,0,FALSE,FALSE,NA,NA,v-c04,heat_stress_only,NA,NA,NA,163.5,v-c04,270,1,NA,0,1,0.0061162079510703364
A,1,A1,602,v,0.25,FALSE,FALSE,NA,NA,v-a01,heat_stress_only,NA,NA,NA,133.1,v-a01,273,2.2051282051282053,NA,0,2.2051282051282053,0.016567454583983513
A,2,A2,242,v,0.25,FALSE,FALSE,NA,NA,v-a02,heat_stress_only,NA,NA,NA,82,v-a02,243,0.9958847736625515,NA,0,0.9958847736625515,0.012144936264177456
A,3,A3,296,v,0.25,FALSE,FALSE,NA,NA,v-a03,heat_stress_only,NA,NA,NA,130.7,v-a03,264,1.121212121212121,NA,0,1.121212121212121,0.008578516612181494
A,4,A4,247,v,0.25,FALSE,FALSE,NA,NA,v-a04,heat_stress_only,NA,NA,NA,103,v-a04,249,0.9919678714859438,NA,0,0.9919678714859438,0.009630756033844114
B,1,B1,246,v,0.25,FALSE,FALSE,NA,NA,v-b01,heat_stress_only,NA,NA,NA,91.3,v-b01,258,0.9534883720930233,NA,0,0.9534883720930233,0.01044346519269467
B,2,B2,265,v,0.25,FALSE,FALSE,NA,NA,v-b02,heat_stress_only,NA,NA,NA,177.4,v-b02,270,0.9814814814814815,NA,0,0.9814814814814815,0.0055325900872687794
B,3,B3,361,v,0.25,FALSE,FALSE,NA,NA,v-b03,heat_stress_only,NA,NA,NA,123.4,v-b03,276,1.3079710144927537,NA,0,1.3079710144927537,0.010599440960233011
B,4,B4,249,v,0.25,FALSE,FALSE,NA,NA,v-b04,heat_stress_only,NA,NA,NA,131.1,v-b04,248,1.0040322580645162,NA,0,1.0040322580645162,0.0076585221820329235
C,1,C1,499,v,0.25,FALSE,FALSE,NA,NA,v-c01,heat_stress_only,NA,NA,NA,154.6,v-c01,266,1.8759398496240602,NA,0,1.8759398496240602,0.012134151679327687
C,2,C2,258,v,0.25,FALSE,FALSE,NA,NA,v-c02,heat_stress_only,NA,NA,NA,113.7,v-c02,254,1.015748031496063,NA,0,1.015748031496063,0.00893357987243679
C,3,C3,323,v,0.25,FALSE,FALSE,NA,NA,v-c03,heat_stress_only,NA,NA,NA,227.6,v-c03,284,1.1373239436619718,NA,0,1.1373239436619718,0.004997029629446273
C,4,C4,272,v,0.25,FALSE,FALSE,NA,NA,v-c04,heat_stress_only,NA,NA,NA,163.5,v-c04,270,1.0074074074074073,NA,0,1.0074074074074073,0.006161513195152338
A,1,A1,1079,v,0.5,FALSE,FALSE,NA,NA,v-a01,heat_stress_only,NA,NA,NA,133.1,v-a01,273,3.9523809523809526,NA,0,3.9523809523809526,0.029694823083252837
A,2,A2,327,v,0.5,FALSE,FALSE,NA,NA,v-a02,heat_stress_only,NA,NA,NA,82,v-a02,243,1.345679012345679,NA,0,1.345679012345679,0.016410719662752184
A,3,A3,449,v,0.5,FALSE,FALSE,NA,NA,v-a03,heat_stress_only,NA,NA,NA,130.7,v-a03,264,1.7007575757575757,NA,0,1.7007575757575757,0.013012682293478009
A,4,A4,301,v,0.5,FALSE,FALSE,NA,NA,v-a04,heat_stress_only,NA,NA,NA,103,v-a04,249,1.2088353413654618,NA,0,1.2088353413654618,0.011736265450150114
B,1,B1,313,v,0.5,FALSE,FALSE,NA,NA,v-b01,heat_stress_only,NA,NA,NA,91.3,v-b01,258,1.2131782945736433,NA,0,1.2131782945736433,0.013287823598835086
B,2,B2,269,v,0.5,FALSE,FALSE,NA,NA,v-b02,heat_stress_only,NA,NA,NA,177.4,v-b02,270,0.9962962962962963,NA,0,0.9962962962962963,0.005616100881038874
B,3,B3,604,v,0.5,FALSE,FALSE,NA,NA,v-b03,heat_stress_only,NA,NA,NA,123.4,v-b03,276,2.1884057971014492,NA,0,2.1884057971014492,0.01773424470908792
B,4,B4,286,v,0.5,FALSE,FALSE,NA,NA,v-b04,heat_stress_only,NA,NA,NA,131.1,v-b04,248,1.153225806451613,NA,0,1.153225806451613,0.00879653551831894
C,1,C1,915,v,0.5,FALSE,FALSE,NA,NA,v-c01,heat_stress_only,NA,NA,NA,154.6,v-c01,266,3.4398496240601504,NA,0,3.4398496240601504,0.022249997568306278
C,2,C2,336,v,0.5,FALSE,FALSE,NA,NA,v-c02,heat_stress_only,NA,NA,NA,113.7,v-c02,254,1.3228346456692914,NA,0,1.3228346456692914,0.011634429601313029
C,3,C3,367,v,0.5,FALSE,FALSE,NA,NA,v-c03,heat_stress_only,NA,NA,NA,227.6,v-c03,284,1.2922535211267605,NA,0,1.2922535211267605,0.0056777395480086135
C,4,C4,302,v,0.5,FALSE,FALSE,NA,NA,v-c04,heat_stress_only,NA,NA,NA,163.5,v-c04,270,1.1185185185185185,NA,0,1.1185185185185185,0.006841091856382376
A,1,A1,1518,v,0.75,FALSE,FALSE,NA,NA,v-a01,heat_stress_only,NA,NA,NA,133.1,v-a01,273,5.56043956043956,NA,0,5.56043956043956,0.04177640541276905
A,2,A2,474,v,0.75,FALSE,FALSE,NA,NA,v-a02,heat_stress_only,NA,NA,NA,82,v-a02,243,1.9506172839506173,NA,0,1.9506172839506173,0.023788015657934355
A,3,A3,528,v,0.75,FALSE,FALSE,NA,NA,v-a03,heat_stress_only,NA,NA,NA,130.7,v-a03,264,2,NA,0,2,0.015302218821729153
A,4,A4,411,v,0.75,FALSE,FALSE,NA,NA,v-a04,heat_stress_only,NA,NA,NA,103,v-a04,249,1.6506024096385543,NA,0,1.6506024096385543,0.01602526611299567
B,1,B1,502,v,0.75,FALSE,FALSE,NA,NA,v-b01,heat_stress_only,NA,NA,NA,91.3,v-b01,258,1.945736434108527,NA,0,1.945736434108527,0.021311461490783428
B,2,B2,283,v,0.75,FALSE,FALSE,NA,NA,v-b02,heat_stress_only,NA,NA,NA,177.4,v-b02,270,1.048148148148148,NA,0,1.048148148148148,0.005908388659234205
B,3,B3,769,v,0.75,FALSE,FALSE,NA,NA,v-b03,heat_stress_only,NA,NA,NA,123.4,v-b03,276,2.786231884057971,NA,0,2.786231884057971,0.022578864538557303
B,4,B4,375,v,0.75,FALSE,FALSE,NA,NA,v-b04,heat_stress_only,NA,NA,NA,131.1,v-b04,248,1.5120967741935485,NA,0,1.5120967741935485,0.011533918948844764
C,1,C1,1361,v,0.75,FALSE,FALSE,NA,NA,v-c01,heat_stress_only,NA,NA,NA,154.6,v-c01,266,5.116541353383458,NA,0,5.116541353383458,0.033095351574278516
C,2,C2,454,v,0.75,FALSE,FALSE,NA,NA,v-c02,heat_stress_only,NA,NA,NA,113.7,v-c02,254,1.7874015748031495,NA,0,1.7874015748031495,0.01572033047320272
C,3,C3,418,v,0.75,FALSE,FALSE,NA,NA,v-c03,heat_stress_only,NA,NA,NA,227.6,v-c03,284,1.471830985915493,NA,0,1.471830985915493,0.006466744226342237
C,4,C4,532,v,0.75,FALSE,FALSE,NA,NA,v-c04,heat_stress_only,NA,NA,NA,163.5,v-c04,270,1.9703703703703703,NA,0,1.9703703703703703,0.012051194925812662
A,1,A1,2072,v,1,FALSE,FALSE,NA,NA,v-a01,heat_stress_only,NA,NA,NA,133.1,v-a01,273,7.589743589743589,NA,0,7.589743589743589,0.057022866940222315
A,2,A2,565,v,1,FALSE,FALSE,NA,NA,v-a02,heat_stress_only,NA,NA,NA,82,v-a02,243,2.325102880658436,NA,0,2.325102880658436,0.028354913178761418
A,3,A3,707,v,1,FALSE,FALSE,NA,NA,v-a03,heat_stress_only,NA,NA,NA,130.7,v-a03,264,2.678030303030303,NA,0,2.678030303030303,0.020489902854095667
A,4,A4,598,v,1,FALSE,FALSE,NA,NA,v-a04,heat_stress_only,NA,NA,NA,103,v-a04,249,2.4016064257028114,NA,0,2.4016064257028114,0.02331656723983312
B,1,B1,713,v,1,FALSE,FALSE,NA,NA,v-b01,heat_stress_only,NA,NA,NA,91.3,v-b01,258,2.7635658914728682,NA,0,2.7635658914728682,0.030269067814598778
B,2,B2,456,v,1,FALSE,FALSE,NA,NA,v-b02,heat_stress_only,NA,NA,NA,177.4,v-b02,270,1.6888888888888889,NA,0,1.6888888888888889,0.009520230489790804
B,3,B3,1027,v,1,FALSE,FALSE,NA,NA,v-b03,heat_stress_only,NA,NA,NA,123.4,v-b03,276,3.721014492753623,NA,0,3.721014492753623,0.030154088271909425
B,4,B4,457,v,1,FALSE,FALSE,NA,NA,v-b04,heat_stress_only,NA,NA,NA,131.1,v-b04,248,1.842741935483871,NA,0,1.842741935483871,0.014056002558992151
C,1,C1,1842,v,1,FALSE,FALSE,NA,NA,v-c01,heat_stress_only,NA,NA,NA,154.6,v-c01,266,6.924812030075188,NA,0,6.924812030075188,0.04479179838341001
C,2,C2,642,v,1,FALSE,FALSE,NA,NA,v-c02,heat_stress_only,NA,NA,NA,113.7,v-c02,254,2.52755905511811,NA,0,2.52755905511811,0.022230070845365966
C,3,C3,512,v,1,FALSE,FALSE,NA,NA,v-c03,heat_stress_only,NA,NA,NA,227.6,v-c03,284,1.8028169014084507,NA,0,1.8028169014084507,0.007920988143270873
C,4,C4,606,v,1,FALSE,FALSE,NA,NA,v-c04,heat_stress_only,NA,NA,NA,163.5,v-c04,270,2.2444444444444445,NA,0,2.2444444444444445,0.013727488956846756
A,1,A1,6387,v,18.75,FALSE,FALSE,NA,NA,v-a01,heat_stress_only,NA,NA,NA,133.1,v-a01,273,23.395604395604394,NA,0,23.395604395604394,0.17577463858455594
A,2,A2,3567,v,18.75,FALSE,FALSE,NA,NA,v-a02,heat_stress_only,NA,NA,NA,82,v-a02,243,14.679012345679013,NA,0,14.679012345679013,0.17901234567901236
A,3,A3,2775,v,18.75,FALSE,FALSE,NA,NA,v-a03,heat_stress_only,NA,NA,NA,130.7,v-a03,264,10.511363636363637,NA,0,10.511363636363637,0.08042359323920151
A,4,A4,4469,v,18.75,FALSE,FALSE,NA,NA,v-a04,heat_stress_only,NA,NA,NA,103,v-a04,249,17.947791164658636,NA,0,17.947791164658636,0.17425039965687997
B,1,B1,5161,v,18.75,FALSE,FALSE,NA,NA,v-b01,heat_stress_only,NA,NA,NA,91.3,v-b01,258,20.003875968992247,NA,0,20.003875968992247,0.21910050349389099
B,2,B2,6073,v,18.75,FALSE,FALSE,NA,NA,v-b02,heat_stress_only,NA,NA,NA,177.4,v-b02,270,22.492592592592594,NA,0,22.492592592592594,0.1267902626414464
B,3,B3,6823,v,18.75,FALSE,FALSE,NA,NA,v-b03,heat_stress_only,NA,NA,NA,123.4,v-b03,276,24.721014492753625,NA,0,24.721014492753625,0.2003323702816339
B,4,B4,2900,v,18.75,FALSE,FALSE,NA,NA,v-b04,heat_stress_only,NA,NA,NA,131.1,v-b04,248,11.693548387096774,NA,0,11.693548387096774,0.08919563987106617
C,1,C1,8162,v,18.75,FALSE,FALSE,NA,NA,v-c01,heat_stress_only,NA,NA,NA,154.6,v-c01,266,30.68421052631579,NA,0,30.68421052631579,0.19847484169673862
C,2,C2,2389,v,18.75,FALSE,FALSE,NA,NA,v-c02,heat_stress_only,NA,NA,NA,113.7,v-c02,254,9.405511811023622,NA,0,9.405511811023622,0.08272217951647864
C,3,C3,2658,v,18.75,FALSE,FALSE,NA,NA,v-c03,heat_stress_only,NA,NA,NA,227.6,v-c03,284,9.359154929577464,NA,0,9.359154929577464,0.0411210673531523
C,4,C4,4108,v,18.75,FALSE,FALSE,NA,NA,v-c04,heat_stress_only,NA,NA,NA,163.5,v-c04,270,15.214814814814815,NA,0,15.214814814814815,0.09305697134443312
A,1,A1,2584,v,2,FALSE,FALSE,NA,NA,v-a01,heat_stress_only,NA,NA,NA,133.1,v-a01,273,9.465201465201465,NA,0,9.465201465201465,0.07111345954321162
A,2,A2,859,v,2,FALSE,FALSE,NA,NA,v-a02,heat_stress_only,NA,NA,NA,82,v-a02,243,3.5349794238683128,NA,0,3.5349794238683128,0.04310950516912577
A,3,A3,1190,v,2,FALSE,FALSE,NA,NA,v-a03,heat_stress_only,NA,NA,NA,130.7,v-a03,264,4.507575757575758,NA,0,4.507575757575758,0.0344879552989729
A,4,A4,948,v,2,FALSE,FALSE,NA,NA,v-a04,heat_stress_only,NA,NA,NA,103,v-a04,249,3.8072289156626504,NA,0,3.8072289156626504,0.03696338753070534
B,1,B1,1057,v,2,FALSE,FALSE,NA,NA,v-b01,heat_stress_only,NA,NA,NA,91.3,v-b01,258,4.096899224806202,NA,0,4.096899224806202,0.04487293784015555
B,2,B2,1461,v,2,FALSE,FALSE,NA,NA,v-b02,heat_stress_only,NA,NA,NA,177.4,v-b02,270,5.411111111111111,NA,0,5.411111111111111,0.03050231742452712
B,3,B3,1613,v,2,FALSE,FALSE,NA,NA,v-b03,heat_stress_only,NA,NA,NA,123.4,v-b03,276,5.844202898550725,NA,0,5.844202898550725,0.04735982899960069
B,4,B4,739,v,2,FALSE,FALSE,NA,NA,v-b04,heat_stress_only,NA,NA,NA,131.1,v-b04,248,2.9798387096774195,NA,0,2.9798387096774195,0.022729509608523414
C,1,C1,3321,v,2,FALSE,FALSE,NA,NA,v-c01,heat_stress_only,NA,NA,NA,154.6,v-c01,266,12.484962406015038,NA,0,12.484962406015038,0.08075654855119689
C,2,C2,1003,v,2,FALSE,FALSE,NA,NA,v-c02,heat_stress_only,NA,NA,NA,113.7,v-c02,254,3.9488188976377954,NA,0,3.9488188976377954,0.034730157411062404
C,3,C3,829,v,2,FALSE,FALSE,NA,NA,v-c03,heat_stress_only,NA,NA,NA,227.6,v-c03,284,2.9190140845070425,NA,0,2.9190140845070425,0.012825193692913192
C,4,C4,1058,v,2,FALSE,FALSE,NA,NA,v-c04,heat_stress_only,NA,NA,NA,163.5,v-c04,270,3.9185185185185185,NA,0,3.9185185185185185,0.023966474119379317
