row_id,col_id,well_id,value,plate_id,time_hr,is_blank,exclude_from_analysis,family_id_group,sample_id_group,treatment_group,weight_g_measurement,width_mm_measurement,length_mm_measurement,area_mm2_measurement,sample_key,value_t0,fold_change,trace_id,mean_blank_rfu,mean_blank_fc,corrected_fc,metabolism_per_area_mm2_measurement
A,1,A1,111,b,0,FALSE,FALSE,6,1,NA,NA,NA,NA,123.259,1,111,1,1,99,0.9867109634551495,0.013289036544850474,1.07813924702054e-4
A,2,A2,109,b,0,FALSE,FALSE,6,2,NA,NA,NA,NA,91.188,2,109,1,2,99,0.9867109634551495,0.013289036544850474,1.4573229531134003e-4
A,3,A3,116,b,0,FALSE,FALSE,6,3,NA,NA,NA,NA,161.735,3,116,1,3,99,0.9867109634551495,0.013289036544850474,8.216549630476071e-5
A,4,A4,107,b,0,FALSE,FALSE,6,4,NA,NA,NA,NA,105.846,4,107,1,4,99,0.9867109634551495,0.013289036544850474,1.2555067309912962e-4
B,1,B1,104,b,0,FALSE,FALSE,6,5,NA,NA,NA,NA,75.109,5,104,1,5,99,0.9867109634551495,0.013289036544850474,1.7693001564194006e-4
B,2,B2,120,b,0,FALSE,FALSE,6,6,NA,NA,NA,NA,184.364,6,120,1,6,99,0.9867109634551495,0.013289036544850474,7.208043080455227e-5
B,3,B3,103,b,0,FALSE,FALSE,6,7,NA,NA,NA,NA,60.784,7,103,1,7,99,0.9867109634551495,0.013289036544850474,2.186272134912226e-4
B,4,B4,104,b,0,FALSE,FALSE,6,8,NA,NA,NA,NA,84.067,8,104,1,8,99,0.9867109634551495,0.013289036544850474,1.5807673099849497e-4
C,1,C1,106,b,0,FALSE,FALSE,6,9,NA,NA,NA,NA,99.964,9,106,1,9,99,0.9867109634551495,0.013289036544850474,1.3293822320885993e-4
C,2,C2,124,b,0,FALSE,FALSE,6,10,NA,NA,NA,NA,232.042,10,124,1,10,99,0.9867109634551495,0.013289036544850474,5.726996209673453e-5
C,4,C4,120,b,0,FALSE,FALSE,6,11,NA,NA,NA,NA,134.47,11,120,1,11,99,0.9867109634551495,0.013289036544850474,9.882528850189986e-5
A,1,A1,184,b,1,FALSE,FALSE,6,1,NA,NA,NA,NA,123.259,1,111,1.6576576576576576,1,103,1.026578073089701,0.6310795845679567,0.005119947302573902
A,2,A2,185,b,1,FALSE,FALSE,6,2,NA,NA,NA,NA,91.188,2,109,1.6972477064220184,2,103,1.026578073089701,0.6706696333323174,0.007354801435850303
A,3,A3,255,b,1,FALSE,FALSE,6,3,NA,NA,NA,NA,161.735,3,116,2.1982758620689653,3,103,1.026578073089701,1.1716977889792644,0.007244553058888084
A,4,A4,179,b,1,FALSE,FALSE,6,4,NA,NA,NA,NA,105.846,4,107,1.6728971962616823,4,103,1.026578073089701,0.6463191231719814,0.006106221521568896
B,1,B1,141,b,1,FALSE,FALSE,6,5,NA,NA,NA,NA,75.109,5,104,1.3557692307692308,5,103,1.026578073089701,0.3291911576795299,0.004382845699976433
B,2,B2,249,b,1,FALSE,FALSE,6,6,NA,NA,NA,NA,184.364,6,120,2.075,6,103,1.026578073089701,1.0484219269102992,0.005686695487786657
B,3,B3,138,b,1,FALSE,FALSE,6,7,NA,NA,NA,NA,60.784,7,103,1.3398058252427185,7,103,1.026578073089701,0.31322775215301757,0.005153128325760358
B,4,B4,160,b,1,FALSE,FALSE,6,8,NA,NA,NA,NA,84.067,8,104,1.5384615384615385,8,103,1.026578073089701,0.5118834653718376,0.006088994080576655
C,1,C1,158,b,1,FALSE,FALSE,6,9,NA,NA,NA,NA,99.964,9,106,1.490566037735849,9,103,1.026578073089701,0.463987964646148,0.004641550604679165
C,2,C2,291,b,1,FALSE,FALSE,6,10,NA,NA,NA,NA,232.042,10,124,2.346774193548387,10,103,1.026578073089701,1.320196120458686,0.005689470528864111
C,4,C4,216,b,1,FALSE,FALSE,6,11,NA,NA,NA,NA,134.47,11,120,1.8,11,103,1.026578073089701,0.7734219269102991,0.005751631790810583
A,1,A1,225,b,2,FALSE,FALSE,6,1,NA,NA,NA,NA,123.259,1,111,2.027027027027027,1,111,1.106312292358804,0.9207147346682232,0.00746975664793827
A,2,A2,211,b,2,FALSE,FALSE,6,2,NA,NA,NA,NA,91.188,2,109,1.9357798165137614,2,111,1.106312292358804,0.8294675241549574,0.00909623551514407
A,3,A3,320,b,2,FALSE,FALSE,6,3,NA,NA,NA,NA,161.735,3,116,2.7586206896551726,3,111,1.106312292358804,1.6523083972963686,0.010216146148306604
A,4,A4,209,b,2,FALSE,FALSE,6,4,NA,NA,NA,NA,105.846,4,107,1.9532710280373833,4,111,1.106312292358804,0.8469587356785793,0.00800180201121043
B,1,B1,172,b,2,FALSE,FALSE,6,5,NA,NA,NA,NA,75.109,5,104,1.6538461538461537,5,111,1.106312292358804,0.5475338614873497,0.007289856894478022
B,2,B2,417,b,2,FALSE,FALSE,6,6,NA,NA,NA,NA,184.364,6,120,3.475,6,111,1.106312292358804,2.368687707641196,0.012847886288218936
B,3,B3,166,b,2,FALSE,FALSE,6,7,NA,NA,NA,NA,60.784,7,103,1.6116504854368932,7,111,1.106312292358804,0.5053381930780891,0.008313671247007258
B,4,B4,207,b,2,FALSE,FALSE,6,8,NA,NA,NA,NA,84.067,8,104,1.9903846153846154,8,111,1.106312292358804,0.8840723230258114,0.01051628252495999
C,1,C1,218,b,2,FALSE,FALSE,6,9,NA,NA,NA,NA,99.964,9,106,2.056603773584906,9,111,1.106312292358804,0.9502914812261019,0.00950633709361472
C,2,C2,345,b,2,FALSE,FALSE,6,10,NA,NA,NA,NA,232.042,10,124,2.782258064516129,10,111,1.106312292358804,1.675945772157325,0.007222596651284358
C,4,C4,308,b,2,FALSE,FALSE,6,11,NA,NA,NA,NA,134.47,11,120,2.566666666666667,11,111,1.106312292358804,1.4603543743078629,0.010860075662287966
A,1,A1,240,b,3,FALSE,FALSE,6,1,NA,NA,NA,NA,123.259,1,111,2.1621621621621623,1,115,1.1461794019933556,1.0159827601688067,0.008242665932457725
A,2,A2,225,b,3,FALSE,FALSE,6,2,NA,NA,NA,NA,91.188,2,109,2.0642201834862384,2,115,1.1461794019933556,0.9180407814928828,0.010067561318297174
A,3,A3,347,b,3,FALSE,FALSE,6,3,NA,NA,NA,NA,161.735,3,116,2.9913793103448274,3,115,1.1461794019933556,1.8451999083514719,0.011408785410402644
A,4,A4,220,b,3,FALSE,FALSE,6,4,NA,NA,NA,NA,105.846,4,107,2.05607476635514,4,115,1.1461794019933556,0.9098953643617844,0.008596407652266352
B,1,B1,183,b,3,FALSE,FALSE,6,5,NA,NA,NA,NA,75.109,5,104,1.7596153846153846,5,115,1.1461794019933556,0.613435982622029,0.00816727665954851
B,2,B2,471,b,3,FALSE,FALSE,6,6,NA,NA,NA,NA,184.364,6,120,3.925,6,115,1.1461794019933556,2.7788205980066443,0.015072468583924433
B,3,B3,175,b,3,FALSE,FALSE,6,7,NA,NA,NA,NA,60.784,7,103,1.6990291262135921,7,115,1.1461794019933556,0.5528497242202366,0.009095316600096022
B,4,B4,218,b,3,FALSE,FALSE,6,8,NA,NA,NA,NA,84.067,8,104,2.0961538461538463,8,115,1.1461794019933556,0.9499744441604907,0.01130020631354147
C,1,C1,245,b,3,FALSE,FALSE,6,9,NA,NA,NA,NA,99.964,9,106,2.311320754716981,9,115,1.1461794019933556,1.1651413527236256,0.011655609546673058
C,2,C2,362,b,3,FALSE,FALSE,6,10,NA,NA,NA,NA,232.042,10,124,2.9193548387096775,10,115,1.1461794019933556,1.773175436716322,0.007641614176383249
C,4,C4,532,b,3,FALSE,FALSE,6,11,NA,NA,NA,NA,134.47,11,120,4.433333333333334,11,115,1.1461794019933556,3.287153931339978,0.024445258655015824
A,1,A1,255,b,4,FALSE,FALSE,6,1,NA,NA,NA,NA,123.259,1,111,2.2972972972972974,1,119,1.186046511627907,1.1112507856693903,0.00901557521697718
A,2,A2,236,b,4,FALSE,FALSE,6,2,NA,NA,NA,NA,91.188,2,109,2.165137614678899,2,119,1.186046511627907,0.9790911030509919,0.010737060830931613
A,3,A3,368,b,4,FALSE,FALSE,6,3,NA,NA,NA,NA,161.735,3,116,3.1724137931034484,3,119,1.186046511627907,1.9863672814755413,0.01228161672782973
A,4,A4,229,b,4,FALSE,FALSE,6,4,NA,NA,NA,NA,105.846,4,107,2.1401869158878504,4,119,1.186046511627907,0.9541404042599433,0.009014420991439858
B,1,B1,192,b,4,FALSE,FALSE,6,5,NA,NA,NA,NA,75.109,5,104,1.8461538461538463,5,119,1.186046511627907,0.6601073345259392,0.008788658276983307
B,2,B2,491,b,4,FALSE,FALSE,6,6,NA,NA,NA,NA,184.364,6,120,4.091666666666667,6,119,1.186046511627907,2.9056201550387595,0.015760236027851204
B,3,B3,181,b,4,FALSE,FALSE,6,7,NA,NA,NA,NA,60.784,7,103,1.7572815533980584,7,119,1.186046511627907,0.5712350417701513,0.009397786288663978
B,4,B4,226,b,4,FALSE,FALSE,6,8,NA,NA,NA,NA,84.067,8,104,2.173076923076923,8,119,1.186046511627907,0.9870304114490158,0.011740997198056501
C,1,C1,265,b,4,FALSE,FALSE,6,9,NA,NA,NA,NA,99.964,9,106,2.5,9,119,1.186046511627907,1.313953488372093,0.013144266819776049
C,2,C2,371,b,4,FALSE,FALSE,6,10,NA,NA,NA,NA,232.042,10,124,2.9919354838709675,10,119,1.186046511627907,1.8058889722430604,0.007782595272593153
C,4,C4,890,b,4,FALSE,FALSE,6,11,NA,NA,NA,NA,134.47,11,120,7.416666666666667,11,119,1.186046511627907,6.23062015503876,0.04633464828615126
A,2,A2,109,d,0,FALSE,FALSE,5,12,NA,NA,NA,NA,124.4,12,109,1,12,97,0.9667774086378738,0.03322259136212624,2.67062631528346e-4
A,3,A3,124,d,0,FALSE,FALSE,5,13,NA,NA,NA,NA,202.983,13,124,1,13,97,0.9667774086378738,0.03322259136212624,1.6367179203246695e-4
A,4,A4,120,d,0,FALSE,FALSE,5,14,NA,NA,NA,NA,166.263,14,120,1,14,97,0.9667774086378738,0.03322259136212624,1.9981951102846838e-4
B,1,B1,116,d,0,FALSE,FALSE,5,15,NA,NA,NA,NA,137.366,15,116,1,15,97,0.9667774086378738,0.03322259136212624,2.4185454451702924e-4
B,2,B2,111,d,0,FALSE,FALSE,5,16,NA,NA,NA,NA,150.185,16,111,1,16,97,0.9667774086378738,0.03322259136212624,2.2121111537188294e-4
B,3,B3,124,d,0,FALSE,FALSE,5,17,NA,NA,NA,NA,156.37,17,124,1,17,97,0.9667774086378738,0.03322259136212624,2.1246141435138607e-4
B,4,B4,110,d,0,FALSE,FALSE,5,18,NA,NA,NA,NA,50.841,18,110,1,18,97,0.9667774086378738,0.03322259136212624,6.534606196205079e-4
C,1,C1,124,d,0,FALSE,FALSE,5,19,NA,NA,NA,NA,227.283,19,124,1,19,97,0.9667774086378738,0.03322259136212624,1.4617279498302222e-4
C,2,C2,109,d,0,FALSE,FALSE,5,20,NA,NA,NA,NA,112.485,20,109,1,20,97,0.9667774086378738,0.03322259136212624,2.953513033926856e-4
C,3,C3,115,d,0,FALSE,FALSE,5,21,NA,NA,NA,NA,168.651,21,115,1,21,97,0.9667774086378738,0.03322259136212624,1.9699018305332456e-4
C,4,C4,122,d,0,FALSE,FALSE,5,22,NA,NA,NA,NA,89.494,22,122,1,22,97,0.9667774086378738,0.03322259136212624,3.712270248522386e-4
A,2,A2,161,d,1,FALSE,FALSE,5,12,NA,NA,NA,NA,124.4,12,109,1.4770642201834863,12,102,1.0166112956810631,0.46045292450242314,0.003701390068347453
A,3,A3,268,d,1,FALSE,FALSE,5,13,NA,NA,NA,NA,202.983,13,124,2.161290322580645,13,102,1.0166112956810631,1.144679026899582,0.005639285195802515
A,4,A4,251,d,1,FALSE,FALSE,5,14,NA,NA,NA,NA,166.263,14,120,2.091666666666667,14,102,1.0166112956810631,1.0750553709856037,0.006465992860622049
B,1,B1,223,d,1,FALSE,FALSE,5,15,NA,NA,NA,NA,137.366,15,116,1.9224137931034482,15,102,1.0166112956810631,0.9058024974223851,0.006594080758138003
B,2,B2,201,d,1,FALSE,FALSE,5,16,NA,NA,NA,NA,150.185,16,111,1.8108108108108107,16,102,1.0166112956810631,0.7941995151297476,0.00528814139314677
B,3,B3,239,d,1,FALSE,FALSE,5,17,NA,NA,NA,NA,156.37,17,124,1.9274193548387097,17,102,1.0166112956810631,0.9108080591576466,0.005824698210383364
B,4,B4,166,d,1,FALSE,FALSE,5,18,NA,NA,NA,NA,50.841,18,110,1.509090909090909,18,102,1.0166112956810631,0.4924796134098459,0.00968666260321091
C,1,C1,300,d,1,FALSE,FALSE,5,19,NA,NA,NA,NA,227.283,19,124,2.4193548387096775,19,102,1.0166112956810631,1.4027435430286144,0.006171792624299286
C,2,C2,193,d,1,FALSE,FALSE,5,20,NA,NA,NA,NA,112.485,20,109,1.7706422018348624,20,102,1.0166112956810631,0.7540309061537993,0.006703390729019864
C,3,C3,231,d,1,FALSE,FALSE,5,21,NA,NA,NA,NA,168.651,21,115,2.008695652173913,21,102,1.0166112956810631,0.9920843564928499,0.005882469457594973
C,4,C4,291,d,1,FALSE,FALSE,5,22,NA,NA,NA,NA,89.494,22,122,2.3852459016393444,22,102,1.0166112956810631,1.3686346059582812,0.015293032001679233
A,2,A2,215,d,2,FALSE,FALSE,5,12,NA,NA,NA,NA,124.4,12,109,1.9724770642201834,12,110,1.0963455149501662,0.8761315492700172,0.007042858113103032
A,3,A3,334,d,2,FALSE,FALSE,5,13,NA,NA,NA,NA,202.983,13,124,2.693548387096774,13,110,1.0963455149501662,1.5972028721466078,0.00786865339534152
A,4,A4,308,d,2,FALSE,FALSE,5,14,NA,NA,NA,NA,166.263,14,120,2.566666666666667,14,110,1.0963455149501662,1.4703211517165007,0.008843345493083252
B,1,B1,275,d,2,FALSE,FALSE,5,15,NA,NA,NA,NA,137.366,15,116,2.3706896551724137,15,110,1.0963455149501662,1.2743441402222475,0.009276998239901049
B,2,B2,255,d,2,FALSE,FALSE,5,16,NA,NA,NA,NA,150.185,16,111,2.2972972972972974,16,110,1.0963455149501662,1.2009517823471312,0.007996482886753878
B,3,B3,289,d,2,FALSE,FALSE,5,17,NA,NA,NA,NA,156.37,17,124,2.3306451612903225,17,110,1.0963455149501662,1.2342996463401563,0.007893455562704843
B,4,B4,206,d,2,FALSE,FALSE,5,18,NA,NA,NA,NA,50.841,18,110,1.8727272727272728,18,110,1.0963455149501662,0.7763817577771066,0.015270780625422526
C,1,C1,354,d,2,FALSE,FALSE,5,19,NA,NA,NA,NA,227.283,19,124,2.8548387096774195,19,110,1.0963455149501662,1.7584931947272533,0.00773702034348039
C,2,C2,234,d,2,FALSE,FALSE,5,20,NA,NA,NA,NA,112.485,20,109,2.146788990825688,20,110,1.0963455149501662,1.050443475875522,0.009338520477179374
C,3,C3,296,d,2,FALSE,FALSE,5,21,NA,NA,NA,NA,168.651,21,115,2.5739130434782607,21,110,1.0963455149501662,1.4775675285280945,0.008761095567343771
C,4,C4,389,d,2,FALSE,FALSE,5,22,NA,NA,NA,NA,89.494,22,122,3.1885245901639343,22,110,1.0963455149501662,2.0921790752137683,0.02337786974784643
A,2,A2,236,d,3,FALSE,FALSE,5,12,NA,NA,NA,NA,124.4,12,109,2.165137614678899,12,113,1.12624584717608,1.038891767502819,0.008351219996003368
A,3,A3,347,d,3,FALSE,FALSE,5,13,NA,NA,NA,NA,202.983,13,124,2.7983870967741935,13,113,1.12624584717608,1.6721412495981136,0.008237838881079271
A,4,A4,316,d,3,FALSE,FALSE,5,14,NA,NA,NA,NA,166.263,14,120,2.6333333333333333,14,113,1.12624584717608,1.5070874861572534,0.009064479085288088
B,1,B1,287,d,3,FALSE,FALSE,5,15,NA,NA,NA,NA,137.366,15,116,2.4741379310344827,15,113,1.12624584717608,1.3478920838584028,0.00981241416259047
B,2,B2,277,d,3,FALSE,FALSE,5,16,NA,NA,NA,NA,150.185,16,111,2.4954954954954953,16,113,1.12624584717608,1.3692496483194154,0.009117086582011621
B,3,B3,299,d,3,FALSE,FALSE,5,17,NA,NA,NA,NA,156.37,17,124,2.411290322580645,17,113,1.12624584717608,1.2850444754045651,0.008217973239141555
B,4,B4,214,d,3,FALSE,FALSE,5,18,NA,NA,NA,NA,50.841,18,110,1.9454545454545455,18,113,1.12624584717608,0.8192086982784657,0.016113150769624232
C,1,C1,368,d,3,FALSE,FALSE,5,19,NA,NA,NA,NA,227.283,19,124,2.967741935483871,19,113,1.12624584717608,1.841496088307791,0.008102216568365392
C,2,C2,246,d,3,FALSE,FALSE,5,20,NA,NA,NA,NA,112.485,20,109,2.256880733944954,20,113,1.12624584717608,1.130634886768874,0.010051428072799698
C,3,C3,310,d,3,FALSE,FALSE,5,21,NA,NA,NA,NA,168.651,21,115,2.6956521739130435,21,113,1.12624584717608,1.5694063267369636,0.009305644951627702
C,4,C4,402,d,3,FALSE,FALSE,5,22,NA,NA,NA,NA,89.494,22,122,3.2950819672131146,22,113,1.12624584717608,2.1688361200370347,0.024234430465025977
A,2,A2,243,d,4,FALSE,FALSE,5,12,NA,NA,NA,NA,124.4,12,109,2.229357798165138,12,118,1.1760797342192693,1.0532780639458685,0.008466865465802801
A,3,A3,358,d,4,FALSE,FALSE,5,13,NA,NA,NA,NA,202.983,13,124,2.8870967741935485,13,118,1.1760797342192693,1.7110170399742792,0.008429361276433392
A,4,A4,324,d,4,FALSE,FALSE,5,14,NA,NA,NA,NA,166.263,14,120,2.7,14,118,1.1760797342192693,1.523920265780731,0.009165720970875847
B,1,B1,295,d,4,FALSE,FALSE,5,15,NA,NA,NA,NA,137.366,15,116,2.543103448275862,15,118,1.1760797342192693,1.3670237140565928,0.00995168902098476
B,2,B2,292,d,4,FALSE,FALSE,5,16,NA,NA,NA,NA,150.185,16,111,2.630630630630631,16,118,1.1760797342192693,1.4545508964113616,0.009685061067425919
B,3,B3,308,d,4,FALSE,FALSE,5,17,NA,NA,NA,NA,156.37,17,124,2.4838709677419355,17,118,1.1760797342192693,1.3077912335226662,0.008363440772032143
B,4,B4,220,d,4,FALSE,FALSE,5,18,NA,NA,NA,NA,50.841,18,110,2,18,118,1.1760797342192693,0.8239202657807307,0.016205823366588594
C,1,C1,376,d,4,FALSE,FALSE,5,19,NA,NA,NA,NA,227.283,19,124,3.032258064516129,19,118,1.1760797342192693,1.8561783302968597,0.008166815513244984
C,2,C2,257,d,4,FALSE,FALSE,5,20,NA,NA,NA,NA,112.485,20,109,2.3577981651376145,20,118,1.1760797342192693,1.1817184309183453,0.010505564572328268
C,3,C3,319,d,4,FALSE,FALSE,5,21,NA,NA,NA,NA,168.651,21,115,2.773913043478261,21,118,1.1760797342192693,1.5978333092589916,0.009474200029996807
C,4,C4,413,d,4,FALSE,FALSE,5,22,NA,NA,NA,NA,89.494,22,122,3.3852459016393444,22,118,1.1760797342192693,2.209166167420075,0.024685075730440865
A,1,A1,133,f,0,FALSE,FALSE,9,23,NA,NA,NA,NA,204.594,23,133,1,23,98,0.9767441860465117,0.023255813953488302,1.13668113207075e-4
A,2,A2,113,f,0,FALSE,FALSE,9,24,NA,NA,NA,NA,189.996,24,113,1,24,98,0.9767441860465117,0.023255813953488302,1.2240159768357387e-4
A,3,A3,116,f,0,FALSE,FALSE,9,25,NA,NA,NA,NA,214.292,25,116,1,25,98,0.9767441860465117,0.023255813953488302,1.0852394841379194e-4
B,1,B1,112,f,0,FALSE,FALSE,9,26,NA,NA,NA,NA,96.482,26,112,1,26,98,0.9767441860465117,0.023255813953488302,2.4103785113791486e-4
B,2,B2,117,f,0,FALSE,FALSE,9,27,NA,NA,NA,NA,139.38,27,117,1,27,98,0.9767441860465117,0.023255813953488302,1.6685187224485797e-4
B,3,B3,112,f,0,FALSE,FALSE,9,28,NA,NA,NA,NA,145.157,28,112,1,28,98,0.9767441860465117,0.023255813953488302,1.6021145348476686e-4
B,4,B4,125,f,0,FALSE,FALSE,9,29,NA,NA,NA,NA,172.426,29,125,1,29,98,0.9767441860465117,0.023255813953488302,1.3487417183886597e-4
C,1,C1,122,f,0,FALSE,FALSE,9,30,NA,NA,NA,NA,224.359,30,122,1,30,98,0.9767441860465117,0.023255813953488302,1.0365447320360806e-4
C,2,C2,114,f,0,FALSE,FALSE,9,31,NA,NA,NA,NA,174.774,31,114,1,31,98,0.9767441860465117,0.023255813953488302,1.3306220578282983e-4
C,3,C3,105,f,0,FALSE,FALSE,9,32,NA,NA,NA,NA,94.482,32,105,1,32,98,0.9767441860465117,0.023255813953488302,2.46140153187785e-4
C,4,C4,108,f,0,FALSE,FALSE,9,33,NA,NA,NA,NA,90.215,33,108,1,33,98,0.9767441860465117,0.023255813953488302,2.5778211997437567e-4
A,1,A1,314,f,1,FALSE,FALSE,9,23,NA,NA,NA,NA,204.594,23,133,2.3609022556390977,23,102,1.0166112956810631,1.3442909599580346,0.006570529731849588
A,2,A2,187,f,1,FALSE,FALSE,9,24,NA,NA,NA,NA,189.996,24,113,1.654867256637168,24,102,1.0166112956810631,0.6382559609561049,0.0033593126221399656
A,3,A3,245,f,1,FALSE,FALSE,9,25,NA,NA,NA,NA,214.292,25,116,2.1120689655172415,25,102,1.0166112956810631,1.0954576698361784,0.005111985840984164
B,1,B1,230,f,1,FALSE,FALSE,9,26,NA,NA,NA,NA,96.482,26,112,2.0535714285714284,26,102,1.0166112956810631,1.0369601328903653,0.010747705612345984
B,2,B2,246,f,1,FALSE,FALSE,9,27,NA,NA,NA,NA,139.38,27,117,2.1025641025641026,27,102,1.0166112956810631,1.0859528068830395,0.007791310136913758
B,3,B3,240,f,1,FALSE,FALSE,9,28,NA,NA,NA,NA,145.157,28,112,2.142857142857143,28,102,1.0166112956810631,1.1262458471760797,0.007758811818762303
B,4,B4,287,f,1,FALSE,FALSE,9,29,NA,NA,NA,NA,172.426,29,125,2.296,29,102,1.0166112956810631,1.2793887043189367,0.007419929154065726
C,1,C1,323,f,1,FALSE,FALSE,9,30,NA,NA,NA,NA,224.359,30,122,2.6475409836065573,30,102,1.0166112956810631,1.6309296879254942,0.007269285778263828
C,2,C2,241,f,1,FALSE,FALSE,9,31,NA,NA,NA,NA,174.774,31,114,2.1140350877192984,31,102,1.0166112956810631,1.0974237920382353,0.006279102109228119
C,3,C3,183,f,1,FALSE,FALSE,9,32,NA,NA,NA,NA,94.482,32,105,1.7428571428571429,32,102,1.0166112956810631,0.7262458471760798,0.007686605355264281
C,4,C4,197,f,1,FALSE,FALSE,9,33,NA,NA,NA,NA,90.215,33,108,1.8240740740740742,33,102,1.0166112956810631,0.8074627783930111,0.008950427073025673
A,1,A1,388,f,2,FALSE,FALSE,9,23,NA,NA,NA,NA,204.594,23,133,2.917293233082707,23,109,1.0863787375415284,1.8309144955411785,0.008949013634520947
A,2,A2,286,f,2,FALSE,FALSE,9,24,NA,NA,NA,NA,189.996,24,113,2.5309734513274336,24,109,1.0863787375415284,1.4445947137859052,0.007603290141823539
A,3,A3,323,f,2,FALSE,FALSE,9,25,NA,NA,NA,NA,214.292,25,116,2.7844827586206895,25,109,1.0863787375415284,1.6981040210791611,0.007924252986948469
B,1,B1,276,f,2,FALSE,FALSE,9,26,NA,NA,NA,NA,96.482,26,112,2.4642857142857144,26,109,1.0863787375415284,1.377906976744186,0.014281492679921499
B,2,B2,319,f,2,FALSE,FALSE,9,27,NA,NA,NA,NA,139.38,27,117,2.7264957264957266,27,109,1.0863787375415284,1.6401169889541982,0.011767233383227136
B,3,B3,449,f,2,FALSE,FALSE,9,28,NA,NA,NA,NA,145.157,28,112,4.008928571428571,28,109,1.0863787375415284,2.922549833887043,0.020133716141054463
B,4,B4,427,f,2,FALSE,FALSE,9,29,NA,NA,NA,NA,172.426,29,125,3.416,29,109,1.0863787375415284,2.3296212624584713,0.01351084675430893
C,1,C1,408,f,2,FALSE,FALSE,9,30,NA,NA,NA,NA,224.359,30,122,3.3442622950819674,30,109,1.0863787375415284,2.2578835575404392,0.010063708420613566
C,2,C2,385,f,2,FALSE,FALSE,9,31,NA,NA,NA,NA,174.774,31,114,3.3771929824561404,31,109,1.0863787375415284,2.2908142449146123,0.013107294248083882
C,3,C3,219,f,2,FALSE,FALSE,9,32,NA,NA,NA,NA,94.482,32,105,2.085714285714286,32,109,1.0863787375415284,0.9993355481727575,0.010576994011269422
C,4,C4,240,f,2,FALSE,FALSE,9,33,NA,NA,NA,NA,90.215,33,108,2.2222222222222223,33,109,1.0863787375415284,1.135843484680694,0.012590406081923116
A,1,A1,388,f,3,FALSE,FALSE,9,23,NA,NA,NA,NA,204.594,23,133,2.917293233082707,23,113,1.12624584717608,1.791047385906627,0.008754154011880245
A,2,A2,333,f,3,FALSE,FALSE,9,24,NA,NA,NA,NA,189.996,24,113,2.9469026548672566,24,113,1.12624584717608,1.8206568076911767,0.009582605990079669
A,3,A3,343,f,3,FALSE,FALSE,9,25,NA,NA,NA,NA,214.292,25,116,2.956896551724138,25,113,1.12624584717608,1.830650704548058,0.008542786032833974
B,1,B1,291,f,3,FALSE,FALSE,9,26,NA,NA,NA,NA,96.482,26,112,2.5982142857142856,26,113,1.12624584717608,1.4719684385382057,0.01525640470282753
B,2,B2,337,f,3,FALSE,FALSE,9,27,NA,NA,NA,NA,139.38,27,117,2.8803418803418803,27,113,1.12624584717608,1.7540960331658004,0.012584990910932705
B,3,B3,571,f,3,FALSE,FALSE,9,28,NA,NA,NA,NA,145.157,28,112,5.098214285714286,28,113,1.12624584717608,3.9719684385382057,0.02736325797955459
B,4,B4,454,f,3,FALSE,FALSE,9,29,NA,NA,NA,NA,172.426,29,125,3.632,29,113,1.12624584717608,2.5057541528239202,0.014532345196338838
C,1,C1,429,f,3,FALSE,FALSE,9,30,NA,NA,NA,NA,224.359,30,122,3.5163934426229506,30,113,1.12624584717608,2.3901475954468707,0.010653228065051416
C,2,C2,562,f,3,FALSE,FALSE,9,31,NA,NA,NA,NA,174.774,31,114,4.9298245614035086,31,113,1.12624584717608,3.8035787142274287,0.021762840664100086
C,3,C3,229,f,3,FALSE,FALSE,9,32,NA,NA,NA,NA,94.482,32,105,2.1809523809523808,32,113,1.12624584717608,1.0547065337763009,0.01116304199504986
C,4,C4,251,f,3,FALSE,FALSE,9,33,NA,NA,NA,NA,90.215,33,108,2.324074074074074,33,113,1.12624584717608,1.197828226897994,0.013277484086881272
A,1,A1,418,f,4,FALSE,FALSE,9,23,NA,NA,NA,NA,204.594,23,133,3.142857142857143,23,117,1.1661129568106312,1.9767441860465116,0.009661789622601403
A,2,A2,362,f,4,FALSE,FALSE,9,24,NA,NA,NA,NA,189.996,24,113,3.2035398230088497,24,117,1.1661129568106312,2.0374268661982184,0.01072352505420229
A,3,A3,353,f,4,FALSE,FALSE,9,25,NA,NA,NA,NA,214.292,25,116,3.043103448275862,25,117,1.1661129568106312,1.876990491465231,0.008759032028564906
B,1,B1,304,f,4,FALSE,FALSE,9,26,NA,NA,NA,NA,96.482,26,112,2.7142857142857144,26,117,1.1661129568106312,1.5481727574750832,0.016046234090038382
B,2,B2,347,f,4,FALSE,FALSE,9,27,NA,NA,NA,NA,139.38,27,117,2.965811965811966,27,117,1.1661129568106312,1.7996990090013347,0.01291217541255083
B,3,B3,634,f,4,FALSE,FALSE,9,28,NA,NA,NA,NA,145.157,28,112,5.660714285714286,28,117,1.1661129568106312,4.494601328903654,0.03096372430474351
B,4,B4,473,f,4,FALSE,FALSE,9,29,NA,NA,NA,NA,172.426,29,125,3.784,29,117,1.1661129568106312,2.6178870431893686,0.015182669917468182
C,1,C1,441,f,4,FALSE,FALSE,9,30,NA,NA,NA,NA,224.359,30,122,3.6147540983606556,30,117,1.1661129568106312,2.4486411415500244,0.01091394212645815
C,2,C2,629,f,4,FALSE,FALSE,9,31,NA,NA,NA,NA,174.774,31,114,5.517543859649122,31,117,1.1661129568106312,4.351430902838491,0.024897472752460268
C,3,C3,236,f,4,FALSE,FALSE,9,32,NA,NA,NA,NA,94.482,32,105,2.2476190476190476,32,117,1.1661129568106312,1.0815060908084164,0.011446689219199599
C,4,C4,257,f,4,FALSE,FALSE,9,33,NA,NA,NA,NA,90.215,33,108,2.3796296296296298,33,117,1.1661129568106312,1.2135166728189986,0.013451384723371929
A,1,A1,110,h,0,FALSE,FALSE,1,34,NA,NA,NA,NA,163.75,34,110,1,34,102,1.0166112956810631,-0.01661129568106312,-1.0144302705992746e-4
A,2,A2,123,h,0,FALSE,FALSE,1,35,NA,NA,NA,NA,235.28,35,123,1,35,102,1.0166112956810631,-0.01661129568106312,-7.0602242779085e-5
A,3,A3,120,h,0,FALSE,FALSE,1,36,NA,NA,NA,NA,165.3,36,120,1,36,102,1.0166112956810631,-0.01661129568106312,-1.0049180690298318e-4
A,4,A4,106,h,0,FALSE,FALSE,1,37,NA,NA,NA,NA,91.199,37,106,1,37,102,1.0166112956810631,-0.01661129568106312,-1.8214339719802982e-4
B,1,B1,113,h,0,FALSE,FALSE,1,38,NA,NA,NA,NA,158.987,38,113,1,38,102,1.0166112956810631,-0.01661129568106312,-1.0448210030419544e-4
B,2,B2,108,h,0,FALSE,FALSE,1,39,NA,NA,NA,NA,105.18,39,108,1,39,102,1.0166112956810631,-0.01661129568106312,-1.579320753095942e-4
B,3,B3,112,h,0,FALSE,FALSE,1,40,NA,NA,NA,NA,143.089,40,112,1,40,102,1.0166112956810631,-0.01661129568106312,-1.1609065463496929e-4
B,4,B4,124,h,0,FALSE,FALSE,1,41,NA,NA,NA,NA,191.716,41,124,1,41,102,1.0166112956810631,-0.01661129568106312,-8.664532788636901e-5
C,1,C1,105,h,0,FALSE,FALSE,1,42,NA,NA,NA,NA,66.207,42,105,1,42,102,1.0166112956810631,-0.01661129568106312,-2.508993864857662e-4
C,2,C2,115,h,0,FALSE,FALSE,1,43,NA,NA,NA,NA,111.998,43,115,1,43,102,1.0166112956810631,-0.01661129568106312,-1.483177885414304e-4
C,4,C4,116,h,0,FALSE,FALSE,1,44,NA,NA,NA,NA,137.297,44,116,1,44,102,1.0166112956810631,-0.01661129568106312,-1.2098804548579445e-4
A,1,A1,202,h,1,FALSE,FALSE,1,34,NA,NA,NA,NA,163.75,34,110,1.8363636363636364,34,110,1.0963455149501662,0.7400181214134702,0.004519194634586078
A,2,A2,182,h,1,FALSE,FALSE,1,35,NA,NA,NA,NA,235.28,35,123,1.4796747967479675,35,110,1.0963455149501662,0.38332928179780135,0.001629247202472804
A,3,A3,172,h,1,FALSE,FALSE,1,36,NA,NA,NA,NA,165.3,36,120,1.4333333333333333,36,110,1.0963455149501662,0.33698781838316716,0.002038643789371852
A,4,A4,170,h,1,FALSE,FALSE,1,37,NA,NA,NA,NA,91.199,37,106,1.6037735849056605,37,110,1.0963455149501662,0.5074280699554943,0.005563965284219063
B,1,B1,203,h,1,FALSE,FALSE,1,38,NA,NA,NA,NA,158.987,38,113,1.7964601769911503,38,110,1.0963455149501662,0.7001146620409842,0.004403596910697001
B,2,B2,192,h,1,FALSE,FALSE,1,39,NA,NA,NA,NA,105.18,39,108,1.7777777777777777,39,110,1.0963455149501662,0.6814322628276115,0.006478724689366909
B,3,B3,212,h,1,FALSE,FALSE,1,40,NA,NA,NA,NA,143.089,40,112,1.8928571428571428,40,110,1.0963455149501662,0.7965116279069766,0.0055665468897467775
B,4,B4,227,h,1,FALSE,FALSE,1,41,NA,NA,NA,NA,191.716,41,124,1.8306451612903225,41,110,1.0963455149501662,0.7342996463401563,0.0038301427441640567
C,1,C1,144,h,1,FALSE,FALSE,1,42,NA,NA,NA,NA,66.207,42,105,1.3714285714285714,42,110,1.0963455149501662,0.27508305647840525,0.004154893840204288
C,2,C2,221,h,1,FALSE,FALSE,1,43,NA,NA,NA,NA,111.998,43,115,1.9217391304347826,43,110,1.0963455149501662,0.8253936154846164,0.007369717454638622
C,4,C4,195,h,1,FALSE,FALSE,1,44,NA,NA,NA,NA,137.297,44,116,1.6810344827586208,44,110,1.0963455149501662,0.5846889678084546,0.004258570601021541
A,1,A1,233,h,2,FALSE,FALSE,1,34,NA,NA,NA,NA,163.75,34,110,2.118181818181818,34,128,1.275747508305648,0.8424343098761702,0.005144637006877375
A,2,A2,474,h,2,FALSE,FALSE,1,35,NA,NA,NA,NA,235.28,35,123,3.8536585365853657,35,128,1.275747508305648,2.5779110282797175,0.010956779276945416
A,3,A3,283,h,2,FALSE,FALSE,1,36,NA,NA,NA,NA,165.3,36,120,2.3583333333333334,36,128,1.275747508305648,1.0825858250276854,0.006549218542212252
A,4,A4,249,h,2,FALSE,FALSE,1,37,NA,NA,NA,NA,91.199,37,106,2.349056603773585,37,128,1.275747508305648,1.073309095467937,0.01176886912650289
B,1,B1,307,h,2,FALSE,FALSE,1,38,NA,NA,NA,NA,158.987,38,113,2.7168141592920354,38,128,1.275747508305648,1.4410666509863874,0.009064053356478124
B,2,B2,248,h,2,FALSE,FALSE,1,39,NA,NA,NA,NA,105.18,39,108,2.2962962962962963,39,128,1.275747508305648,1.0205487879906483,0.009702878760131662
B,3,B3,287,h,2,FALSE,FALSE,1,40,NA,NA,NA,NA,143.089,40,112,2.5625,40,128,1.275747508305648,1.286752491694352,0.00899267233466131
B,4,B4,355,h,2,FALSE,FALSE,1,41,NA,NA,NA,NA,191.716,41,124,2.8629032258064515,41,128,1.275747508305648,1.5871557175008035,0.00827868157848486
C,1,C1,181,h,2,FALSE,FALSE,1,42,NA,NA,NA,NA,66.207,42,105,1.723809523809524,42,128,1.275747508305648,0.4480620155038759,0.0067675927848094
C,2,C2,283,h,2,FALSE,FALSE,1,43,NA,NA,NA,NA,111.998,43,115,2.4608695652173913,43,128,1.275747508305648,1.1851220569117433,0.010581635894495824
C,4,C4,266,h,2,FALSE,FALSE,1,44,NA,NA,NA,NA,137.297,44,116,2.293103448275862,44,128,1.275747508305648,1.0173559399702141,0.007409891985769639
A,1,A1,243,h,3,FALSE,FALSE,1,34,NA,NA,NA,NA,163.75,34,110,2.209090909090909,34,139,1.3853820598006645,0.8237088492902445,0.0050302830491007295
A,2,A2,740,h,3,FALSE,FALSE,1,35,NA,NA,NA,NA,235.28,35,123,6.016260162601626,35,139,1.3853820598006645,4.630878102800962,0.019682412881676988
A,3,A3,421,h,3,FALSE,FALSE,1,36,NA,NA,NA,NA,165.3,36,120,3.5083333333333333,36,139,1.3853820598006645,2.122951273532669,0.012843020408546091
A,4,A4,269,h,3,FALSE,FALSE,1,37,NA,NA,NA,NA,91.199,37,106,2.5377358490566038,37,139,1.3853820598006645,1.1523537892559392,0.012635596763735778
B,1,B1,350,h,3,FALSE,FALSE,1,38,NA,NA,NA,NA,158.987,38,113,3.0973451327433628,38,139,1.3853820598006645,1.7119630729426982,0.010767943749757517
B,2,B2,264,h,3,FALSE,FALSE,1,39,NA,NA,NA,NA,105.18,39,108,2.4444444444444446,39,139,1.3853820598006645,1.05906238464378,0.01006904720140502
B,3,B3,303,h,3,FALSE,FALSE,1,40,NA,NA,NA,NA,143.089,40,112,2.705357142857143,40,139,1.3853820598006645,1.3199750830564783,0.009224853643931247
B,4,B4,386,h,3,FALSE,FALSE,1,41,NA,NA,NA,NA,191.716,41,124,3.1129032258064515,41,139,1.3853820598006645,1.727521166005787,0.00901083459912468
C,1,C1,199,h,3,FALSE,FALSE,1,42,NA,NA,NA,NA,66.207,42,105,1.8952380952380952,42,139,1.3853820598006645,0.5098560354374306,0.007700938502536449
C,2,C2,303,h,3,FALSE,FALSE,1,43,NA,NA,NA,NA,111.998,43,115,2.634782608695652,43,139,1.3853820598006645,1.2494005488949875,0.01115556125015614
C,4,C4,354,h,3,FALSE,FALSE,1,44,NA,NA,NA,NA,137.297,44,116,3.0517241379310347,44,139,1.3853820598006645,1.6663420781303702,0.012136769762852577
A,1,A1,248,h,4,FALSE,FALSE,1,34,NA,NA,NA,NA,163.75,34,110,2.2545454545454544,34,150,1.495016611295681,0.7595288432497733,0.0046383440809146465
A,2,A2,862,h,4,FALSE,FALSE,1,35,NA,NA,NA,NA,235.28,35,123,7.008130081300813,35,150,1.495016611295681,5.513113470005131,0.023432138175812356
A,3,A3,450,h,4,FALSE,FALSE,1,36,NA,NA,NA,NA,165.3,36,120,3.75,36,150,1.495016611295681,2.2549833887043187,0.013641762787079967
A,4,A4,281,h,4,FALSE,FALSE,1,37,NA,NA,NA,NA,91.199,37,106,2.650943396226415,37,150,1.495016611295681,1.155926784930734,0.012674774777472713
B,1,B1,382,h,4,FALSE,FALSE,1,38,NA,NA,NA,NA,158.987,38,113,3.3805309734513274,38,150,1.495016611295681,1.8855143621556463,0.01185955054284719
B,2,B2,280,h,4,FALSE,FALSE,1,39,NA,NA,NA,NA,105.18,39,108,2.5925925925925926,39,150,1.495016611295681,1.0975759812969115,0.010435215642678373
B,3,B3,312,h,4,FALSE,FALSE,1,40,NA,NA,NA,NA,143.089,40,112,2.7857142857142856,40,150,1.495016611295681,1.2906976744186045,0.009020243865137114
B,4,B4,410,h,4,FALSE,FALSE,1,41,NA,NA,NA,NA,191.716,41,124,3.306451612903226,41,150,1.495016611295681,1.811435001607545,0.009448533255479693
C,1,C1,208,h,4,FALSE,FALSE,1,42,NA,NA,NA,NA,66.207,42,105,1.980952380952381,42,150,1.495016611295681,0.48593576965669993,0.007339643385996949
C,2,C2,316,h,4,FALSE,FALSE,1,43,NA,NA,NA,NA,111.998,43,115,2.747826086956522,43,150,1.495016611295681,1.2528094756608408,0.011185998639804646
C,4,C4,418,h,4,FALSE,FALSE,1,44,NA,NA,NA,NA,137.297,44,116,3.603448275862069,44,150,1.495016611295681,2.108431664566388,0.015356720573402101
A,1,A1,111,j,0,FALSE,FALSE,8,45,NA,NA,NA,NA,146.653,45,111,1,45,100,0.9966777408637875,0.0033222591362125353,2.2653877767331972e-5
A,2,A2,110,j,0,FALSE,FALSE,8,46,NA,NA,NA,NA,128.38,46,110,1,46,100,0.9966777408637875,0.0033222591362125353,2.587832322957264e-5
A,3,A3,123,j,0,FALSE,FALSE,8,47,NA,NA,NA,NA,213.259,47,123,1,47,100,0.9966777408637875,0.0033222591362125353,1.5578517840806415e-5
A,4,A4,117,j,0,FALSE,FALSE,8,48,NA,NA,NA,NA,173.887,48,117,1,48,100,0.9966777408637875,0.0033222591362125353,1.910585113442946e-5
B,1,B1,111,j,0,FALSE,FALSE,8,49,NA,NA,NA,NA,125.954,49,111,1,49,100,0.9966777408637875,0.0033222591362125353,2.6376765614530188e-5
B,2,B2,112,j,0,FALSE,FALSE,8,50,NA,NA,NA,NA,118.8,50,112,1,50,100,0.9966777408637875,0.0033222591362125353,2.796514424421326e-5
B,3,B3,111,j,0,FALSE,FALSE,8,51,NA,NA,NA,NA,148.612,51,111,1,51,100,0.9966777408637875,0.0033222591362125353,2.2355254866447766e-5
B,4,B4,109,j,0,FALSE,FALSE,8,52,NA,NA,NA,NA,110.518,52,109,1,52,100,0.9966777408637875,0.0033222591362125353,3.0060796759012425e-5
C,1,C1,107,j,0,FALSE,FALSE,8,53,NA,NA,NA,NA,109.571,53,107,1,53,100,0.9966777408637875,0.0033222591362125353,3.0320606147726455e-5
C,2,C2,125,j,0,FALSE,FALSE,8,54,NA,NA,NA,NA,178.012,54,125,1,54,100,0.9966777408637875,0.0033222591362125353,1.866311898193681e-5
C,3,C3,107,j,0,FALSE,FALSE,8,55,NA,NA,NA,NA,106.694,55,107,1,55,100,0.9966777408637875,0.0033222591362125353,3.113820023818148e-5
A,1,A1,199,j,1,FALSE,FALSE,8,45,NA,NA,NA,NA,146.653,45,111,1.7927927927927927,45,103,1.026578073089701,0.7662147197030917,0.005224678115709135
A,2,A2,180,j,1,FALSE,FALSE,8,46,NA,NA,NA,NA,128.38,46,110,1.6363636363636365,46,103,1.026578073089701,0.6097855632739355,0.004749848600046234
A,3,A3,190,j,1,FALSE,FALSE,8,47,NA,NA,NA,NA,213.259,47,123,1.5447154471544715,47,103,1.026578073089701,0.5181373740647706,0.002429615510082907
A,4,A4,189,j,1,FALSE,FALSE,8,48,NA,NA,NA,NA,173.887,48,117,1.6153846153846154,48,103,1.026578073089701,0.5888065422949145,0.0033861446933635894
B,1,B1,181,j,1,FALSE,FALSE,8,49,NA,NA,NA,NA,125.954,49,111,1.6306306306306306,49,103,1.026578073089701,0.6040525575409297,0.004795818771463628
B,2,B2,168,j,1,FALSE,FALSE,8,50,NA,NA,NA,NA,118.8,50,112,1.5,50,103,1.026578073089701,0.47342192691029905,0.003985033054800497
B,3,B3,155,j,1,FALSE,FALSE,8,51,NA,NA,NA,NA,148.612,51,111,1.3963963963963963,51,103,1.026578073089701,0.3698183233066954,0.002488482244412937
B,4,B4,165,j,1,FALSE,FALSE,8,52,NA,NA,NA,NA,110.518,52,109,1.5137614678899083,52,103,1.026578073089701,0.48718339480020734,0.004408181425651996
C,1,C1,174,j,1,FALSE,FALSE,8,53,NA,NA,NA,NA,109.571,53,107,1.6261682242990654,53,103,1.026578073089701,0.5995901512093644,0.0054721609842874885
C,2,C2,218,j,1,FALSE,FALSE,8,54,NA,NA,NA,NA,178.012,54,125,1.744,54,103,1.026578073089701,0.717421926910299,0.004030188565435471
C,3,C3,175,j,1,FALSE,FALSE,8,55,NA,NA,NA,NA,106.694,55,107,1.6355140186915889,55,103,1.026578073089701,0.6089359456018879,0.005707311991319923
A,1,A1,259,j,2,FALSE,FALSE,8,45,NA,NA,NA,NA,146.653,45,111,2.3333333333333335,45,110,1.0963455149501662,1.2369878183831673,0.00843479382203683
A,2,A2,236,j,2,FALSE,FALSE,8,46,NA,NA,NA,NA,128.38,46,110,2.1454545454545455,46,110,1.0963455149501662,1.0491090305043793,0.008171903960931448
A,3,A3,307,j,2,FALSE,FALSE,8,47,NA,NA,NA,NA,213.259,47,123,2.4959349593495936,47,110,1.0963455149501662,1.3995894443994275,0.0065628622679438035
A,4,A4,271,j,2,FALSE,FALSE,8,48,NA,NA,NA,NA,173.887,48,117,2.3162393162393164,48,110,1.0963455149501662,1.2198938012891503,0.007015439919540565
B,1,B1,244,j,2,FALSE,FALSE,8,49,NA,NA,NA,NA,125.954,49,111,2.1981981981981984,49,110,1.0963455149501662,1.1018526832480322,0.008748056300300365
B,2,B2,245,j,2,FALSE,FALSE,8,50,NA,NA,NA,NA,118.8,50,112,2.1875,50,110,1.0963455149501662,1.0911544850498338,0.009184802062709038
B,3,B3,210,j,2,FALSE,FALSE,8,51,NA,NA,NA,NA,148.612,51,111,1.8918918918918919,51,110,1.0963455149501662,0.7955463769417257,0.005353177246398176
B,4,B4,229,j,2,FALSE,FALSE,8,52,NA,NA,NA,NA,110.518,52,109,2.1009174311926606,52,110,1.0963455149501662,1.0045719162424944,0.009089667893397406
C,1,C1,208,j,2,FALSE,FALSE,8,53,NA,NA,NA,NA,109.571,53,107,1.9439252336448598,53,110,1.0963455149501662,0.8475797186946936,0.007735438379632326
C,2,C2,313,j,2,FALSE,FALSE,8,54,NA,NA,NA,NA,178.012,54,125,2.504,54,110,1.0963455149501662,1.4076544850498338,0.007907638165122766
C,3,C3,238,j,2,FALSE,FALSE,8,55,NA,NA,NA,NA,106.694,55,107,2.2242990654205608,55,110,1.0963455149501662,1.1279535504703946,0.010571855497688666
A,1,A1,281,j,3,FALSE,FALSE,8,45,NA,NA,NA,NA,146.653,45,111,2.5315315315315314,45,114,1.1362126245847177,1.3953189069468137,0.009514424573290787
A,2,A2,252,j,3,FALSE,FALSE,8,46,NA,NA,NA,NA,128.38,46,110,2.290909090909091,46,114,1.1362126245847177,1.1546964663243733,0.00899436412466407
A,3,A3,388,j,3,FALSE,FALSE,8,47,NA,NA,NA,NA,213.259,47,123,3.154471544715447,47,114,1.1362126245847177,2.0182589201307293,0.009463886260981855
A,4,A4,353,j,3,FALSE,FALSE,8,48,NA,NA,NA,NA,173.887,48,117,3.017094017094017,48,114,1.1362126245847177,1.8808813925092993,0.010816687805927408
B,1,B1,259,j,3,FALSE,FALSE,8,49,NA,NA,NA,NA,125.954,49,111,2.3333333333333335,49,114,1.1362126245847177,1.1971207087486158,0.009504427876435967
B,2,B2,273,j,3,FALSE,FALSE,8,50,NA,NA,NA,NA,118.8,50,112,2.4375,50,114,1.1362126245847177,1.3012873754152823,0.010953597436155574
B,3,B3,305,j,3,FALSE,FALSE,8,51,NA,NA,NA,NA,148.612,51,111,2.7477477477477477,51,114,1.1362126245847177,1.61153512316303,0.010843909799767381
B,4,B4,256,j,3,FALSE,FALSE,8,52,NA,NA,NA,NA,110.518,52,109,2.3486238532110093,52,114,1.1362126245847177,1.2124112286262916,0.010970260307156225
C,1,C1,217,j,3,FALSE,FALSE,8,53,NA,NA,NA,NA,109.571,53,107,2.02803738317757,53,114,1.1362126245847177,0.8918247585928523,0.008139240844683832
C,2,C2,472,j,3,FALSE,FALSE,8,54,NA,NA,NA,NA,178.012,54,125,3.776,54,114,1.1362126245847177,2.639787375415282,0.01482926642819182
C,3,C3,257,j,3,FALSE,FALSE,8,55,NA,NA,NA,NA,106.694,55,107,2.4018691588785046,55,114,1.1362126245847177,1.2656565342937869,0.011862490245878746
A,1,A1,289,j,4,FALSE,FALSE,8,45,NA,NA,NA,NA,146.653,45,111,2.6036036036036037,45,117,1.1661129568106312,1.4374906467929724,0.009801985958643686
A,2,A2,259,j,4,FALSE,FALSE,8,46,NA,NA,NA,NA,128.38,46,110,2.3545454545454545,46,117,1.1661129568106312,1.1884324977348233,0.009257146734186192
A,3,A3,404,j,4,FALSE,FALSE,8,47,NA,NA,NA,NA,213.259,47,123,3.2845528455284554,47,117,1.1661129568106312,2.118439888717824,0.00993364823392131
A,4,A4,369,j,4,FALSE,FALSE,8,48,NA,NA,NA,NA,173.887,48,117,3.1538461538461537,48,117,1.1661129568106312,1.9877331970355225,0.011431177701815102
B,1,B1,280,j,4,FALSE,FALSE,8,49,NA,NA,NA,NA,125.954,49,111,2.5225225225225225,49,117,1.1661129568106312,1.3564095657118913,0.010769086854819152
B,2,B2,283,j,4,FALSE,FALSE,8,50,NA,NA,NA,NA,118.8,50,112,2.5267857142857144,50,117,1.1661129568106312,1.3606727574750832,0.011453474389520903
B,3,B3,322,j,4,FALSE,FALSE,8,51,NA,NA,NA,NA,148.612,51,111,2.900900900900901,51,117,1.1661129568106312,1.7347879440902698,0.011673269615443368
B,4,B4,268,j,4,FALSE,FALSE,8,52,NA,NA,NA,NA,110.518,52,109,2.458715596330275,52,117,1.1661129568106312,1.292602639519644,0.011695856236265983
C,1,C1,222,j,4,FALSE,FALSE,8,53,NA,NA,NA,NA,109.571,53,107,2.074766355140187,53,117,1.1661129568106312,0.9086533983295557,0.008292827466478865
C,2,C2,532,j,4,FALSE,FALSE,8,54,NA,NA,NA,NA,178.012,54,125,4.256,54,117,1.1661129568106312,3.089887043189369,0.017357745787864687
C,3,C3,265,j,4,FALSE,FALSE,8,55,NA,NA,NA,NA,106.694,55,107,2.4766355140186915,55,117,1.1661129568106312,1.3105225572080603,0.012283001454702798
A,1,A1,116,l,0,FALSE,FALSE,9b,56,NA,NA,NA,NA,178.695,56,116,1,56,98,0.9767441860465117,0.023255813953488302,1.3014249952985983e-4
A,2,A2,121,l,0,FALSE,FALSE,9b,57,NA,NA,NA,NA,171.704,57,121,1,57,98,0.9767441860465117,0.023255813953488302,1.3544130569752774e-4
A,3,A3,115,l,0,FALSE,FALSE,9b,58,NA,NA,NA,NA,124.458,58,115,1,58,98,0.9767441860465117,0.023255813953488302,1.8685672237612932e-4
A,4,A4,123,l,0,FALSE,FALSE,9b,59,NA,NA,NA,NA,174.154,59,123,1,59,98,0.9767441860465117,0.023255813953488302,1.3353591622063406e-4
B,1,B1,142,l,0,FALSE,FALSE,9b,60,NA,NA,NA,NA,175.591,60,142,1,60,98,0.9767441860465117,0.023255813953488302,1.324430862258789e-4
B,2,B2,115,l,0,FALSE,FALSE,9b,61,NA,NA,NA,NA,122.013,61,115,1,61,98,0.9767441860465117,0.023255813953488302,1.9060111589329253e-4
B,3,B3,118,l,0,FALSE,FALSE,9b,62,NA,NA,NA,NA,166.335,62,118,1,62,98,0.9767441860465117,0.023255813953488302,1.3981311181343855e-4
B,4,B4,127,l,0,FALSE,FALSE,9b,63,NA,NA,NA,NA,136.715,63,127,1,63,98,0.9767441860465117,0.023255813953488302,1.701043334929474e-4
C,1,C1,115,l,0,FALSE,FALSE,9b,64,NA,NA,NA,NA,195.23,64,115,1,64,98,0.9767441860465117,0.023255813953488302,1.1912008376524256e-4
C,3,C3,127,l,0,FALSE,FALSE,9b,65,NA,NA,NA,NA,162.448,65,127,1,65,98,0.9767441860465117,0.023255813953488302,1.4315851197606804e-4
C,4,C4,131,l,0,FALSE,FALSE,9b,66,NA,NA,NA,NA,219.706,66,131,1,66,98,0.9767441860465117,0.023255813953488302,1.0584969893170102e-4
A,1,A1,212,l,1,FALSE,FALSE,9b,56,NA,NA,NA,NA,178.695,56,116,1.8275862068965518,56,103,1.026578073089701,0.8010081338068509,0.0044825436291270095
A,2,A2,228,l,1,FALSE,FALSE,9b,57,NA,NA,NA,NA,171.704,57,121,1.884297520661157,57,103,1.026578073089701,0.857719447571456,0.004995337601753343
A,3,A3,191,l,1,FALSE,FALSE,9b,58,NA,NA,NA,NA,124.458,58,115,1.6608695652173913,58,103,1.026578073089701,0.6342914921276903,0.005096430057751935
A,4,A4,247,l,1,FALSE,FALSE,9b,59,NA,NA,NA,NA,174.154,59,123,2.008130081300813,59,103,1.026578073089701,0.9815520082111122,0.0056361152095910074
B,1,B1,297,l,1,FALSE,FALSE,9b,60,NA,NA,NA,NA,175.591,60,142,2.091549295774648,60,103,1.026578073089701,1.064971222684947,0.0060650672453881295
B,2,B2,183,l,1,FALSE,FALSE,9b,61,NA,NA,NA,NA,122.013,61,115,1.5913043478260869,61,103,1.026578073089701,0.5647262747363859,0.004628410699977756
B,3,B3,196,l,1,FALSE,FALSE,9b,62,NA,NA,NA,NA,166.335,62,118,1.6610169491525424,62,103,1.026578073089701,0.6344388760628414,0.003814223561263964
B,4,B4,251,l,1,FALSE,FALSE,9b,63,NA,NA,NA,NA,136.715,63,127,1.9763779527559056,63,103,1.026578073089701,0.9497998796662046,0.00694729824573898
C,1,C1,189,l,1,FALSE,FALSE,9b,64,NA,NA,NA,NA,195.23,64,115,1.6434782608695653,64,103,1.026578073089701,0.6169001877798643,0.0031598636878546553
C,3,C3,215,l,1,FALSE,FALSE,9b,65,NA,NA,NA,NA,162.448,65,127,1.6929133858267718,65,103,1.026578073089701,0.6663353127370708,0.004101837589487533
C,4,C4,312,l,1,FALSE,FALSE,9b,66,NA,NA,NA,NA,219.706,66,131,2.381679389312977,66,103,1.026578073089701,1.3551013162232761,0.006167793852799997
A,1,A1,283,l,2,FALSE,FALSE,9b,56,NA,NA,NA,NA,178.695,56,116,2.439655172413793,56,117,1.1661129568106312,1.273542215603162,0.0071269045894018414
A,2,A2,372,l,2,FALSE,FALSE,9b,57,NA,NA,NA,NA,171.704,57,121,3.074380165289256,57,117,1.1661129568106312,1.908267208478625,0.01111370270045325
A,3,A3,261,l,2,FALSE,FALSE,9b,58,NA,NA,NA,NA,124.458,58,115,2.2695652173913046,58,117,1.1661129568106312,1.1034522605806734,0.00886606132655734
A,4,A4,339,l,2,FALSE,FALSE,9b,59,NA,NA,NA,NA,174.154,59,123,2.7560975609756095,59,117,1.1661129568106312,1.5899846041649783,0.009129762188436547
B,1,B1,555,l,2,FALSE,FALSE,9b,60,NA,NA,NA,NA,175.591,60,142,3.908450704225352,60,117,1.1661129568106312,2.742337747414721,0.015617758013877252
B,2,B2,321,l,2,FALSE,FALSE,9b,61,NA,NA,NA,NA,122.013,61,115,2.791304347826087,61,117,1.1661129568106312,1.6251913910154556,0.01331982158471192
B,3,B3,327,l,2,FALSE,FALSE,9b,62,NA,NA,NA,NA,166.335,62,118,2.7711864406779663,62,117,1.1661129568106312,1.605073483867335,0.009649643694155378
B,4,B4,481,l,2,FALSE,FALSE,9b,63,NA,NA,NA,NA,136.715,63,127,3.7874015748031495,63,117,1.1661129568106312,2.6212886179925183,0.019173379790019516
C,1,C1,281,l,2,FALSE,FALSE,9b,64,NA,NA,NA,NA,195.23,64,115,2.4434782608695653,64,117,1.1661129568106312,1.2773653040589341,0.006542874066787554
C,3,C3,300,l,2,FALSE,FALSE,9b,65,NA,NA,NA,NA,162.448,65,127,2.3622047244094486,65,117,1.1661129568106312,1.1960917675988174,0.007362920858359705
C,4,C4,472,l,2,FALSE,FALSE,9b,66,NA,NA,NA,NA,219.706,66,131,3.6030534351145036,66,117,1.1661129568106312,2.4369404783038724,0.01109182488554647
A,1,A1,309,l,3,FALSE,FALSE,9b,56,NA,NA,NA,NA,178.695,56,116,2.663793103448276,56,124,1.2358803986710964,1.4279127047771794,0.007990781525936257
A,2,A2,442,l,3,FALSE,FALSE,9b,57,NA,NA,NA,NA,171.704,57,121,3.652892561983471,57,124,1.2358803986710964,2.4170121633123745,0.01407662118129091
A,3,A3,278,l,3,FALSE,FALSE,9b,58,NA,NA,NA,NA,124.458,58,115,2.417391304347826,58,124,1.2358803986710964,1.1815109056767295,0.009493249977315476
A,4,A4,361,l,3,FALSE,FALSE,9b,59,NA,NA,NA,NA,174.154,59,123,2.934959349593496,59,124,1.2358803986710964,1.6990789509223996,0.009756186771032533
B,1,B1,658,l,3,FALSE,FALSE,9b,60,NA,NA,NA,NA,175.591,60,142,4.633802816901408,60,124,1.2358803986710964,3.3979224182303116,0.019351347268540594
B,2,B2,357,l,3,FALSE,FALSE,9b,61,NA,NA,NA,NA,122.013,61,115,3.1043478260869564,61,124,1.2358803986710964,1.86846742741586,0.015313674997056543
B,3,B3,354,l,3,FALSE,FALSE,9b,62,NA,NA,NA,NA,166.335,62,118,3,62,124,1.2358803986710964,1.7641196013289036,0.010605823196133728
B,4,B4,561,l,3,FALSE,FALSE,9b,63,NA,NA,NA,NA,136.715,63,127,4.417322834645669,63,124,1.2358803986710964,3.181442435974573,0.023270617240058317
C,1,C1,294,l,3,FALSE,FALSE,9b,64,NA,NA,NA,NA,195.23,64,115,2.5565217391304347,64,124,1.2358803986710964,1.3206413404593382,0.006764541005272439
C,3,C3,314,l,3,FALSE,FALSE,9b,65,NA,NA,NA,NA,162.448,65,127,2.47244094488189,65,124,1.2358803986710964,1.2365605462107934,0.00761203921384562
C,4,C4,507,l,3,FALSE,FALSE,9b,66,NA,NA,NA,NA,219.706,66,131,3.8702290076335877,66,124,1.2358803986710964,2.6343486089624912,0.011990335307012514
A,1,A1,338,l,4,FALSE,FALSE,9b,56,NA,NA,NA,NA,178.695,56,116,2.913793103448276,56,131,1.3056478405315615,1.6081452629167143,0.008999385897292675
A,2,A2,463,l,4,FALSE,FALSE,9b,57,NA,NA,NA,NA,171.704,57,121,3.8264462809917354,57,131,1.3056478405315615,2.520798440460174,0.014681069983577402
A,3,A3,288,l,4,FALSE,FALSE,9b,58,NA,NA,NA,NA,124.458,58,115,2.5043478260869567,58,131,1.3056478405315615,1.1986999855553953,0.009631361467767401
A,4,A4,375,l,4,FALSE,FALSE,9b,59,NA,NA,NA,NA,174.154,59,123,3.048780487804878,59,131,1.3056478405315615,1.7431326472733166,0.01000914505135292
B,1,B1,692,l,4,FALSE,FALSE,9b,60,NA,NA,NA,NA,175.591,60,142,4.873239436619718,60,131,1.3056478405315615,3.567591596088157,0.02031762217931532
B,2,B2,388,l,4,FALSE,FALSE,9b,61,NA,NA,NA,NA,122.013,61,115,3.373913043478261,61,131,1.3056478405315615,2.0682652029466997,0.016951187192731098
B,3,B3,368,l,4,FALSE,FALSE,9b,62,NA,NA,NA,NA,166.335,62,118,3.1186440677966103,62,131,1.3056478405315615,1.8129962272650488,0.010899667702317905
B,4,B4,592,l,4,FALSE,FALSE,9b,63,NA,NA,NA,NA,136.715,63,127,4.661417322834645,63,131,1.3056478405315615,3.355769482303084,0.02454573003915506
C,1,C1,304,l,4,FALSE,FALSE,9b,64,NA,NA,NA,NA,195.23,64,115,2.643478260869565,64,131,1.3056478405315615,1.3378304203380036,0.006852586284577184
C,3,C3,325,l,4,FALSE,FALSE,9b,65,NA,NA,NA,NA,162.448,65,127,2.559055118110236,65,131,1.3056478405315615,1.2534072775786747,0.007715744592599937
C,4,C4,595,l,4,FALSE,FALSE,9b,66,NA,NA,NA,NA,219.706,66,131,4.541984732824427,66,131,1.3056478405315615,3.236336892292866,0.014730307284702584
A,1,A1,117,n,0,FALSE,FALSE,7,67,NA,NA,NA,NA,150.494,67,117,1,67,103,1.026578073089701,-0.02657807308970095,-1.7660553304251964e-4
A,2,A2,115,n,0,FALSE,FALSE,7,68,NA,NA,NA,NA,155.517,68,115,1,68,103,1.026578073089701,-0.02657807308970095,-1.70901400423754e-4
A,3,A3,131,n,0,FALSE,FALSE,7,69,NA,NA,NA,NA,251.915,69,131,1,69,103,1.026578073089701,-0.02657807308970095,-1.0550413071750768e-4
A,4,A4,119,n,0,FALSE,FALSE,7,70,NA,NA,NA,NA,187.172,70,119,1,70,103,1.026578073089701,-0.02657807308970095,-1.4199812519875274e-4
B,1,B1,118,n,0,FALSE,FALSE,7,71,NA,NA,NA,NA,175.625,71,118,1,71,103,1.026578073089701,-0.02657807308970095,-1.5133422399829722e-4
B,2,B2,137,n,0,FALSE,FALSE,7,72,NA,NA,NA,NA,263.964,72,137,1,72,103,1.026578073089701,-0.02657807308970095,-1.0068824949501049e-4
B,3,B3,117,n,0,FALSE,FALSE,7,73,NA,NA,NA,NA,142.68,73,117,1,73,103,1.026578073089701,-0.02657807308970095,-1.8627749572260266e-4
B,4,B4,120,n,0,FALSE,FALSE,7,74,NA,NA,NA,NA,210.851,74,120,1,74,103,1.026578073089701,-0.02657807308970095,-1.2605144433605224e-4
C,2,C2,111,n,0,FALSE,FALSE,7,75,NA,NA,NA,NA,134.555,75,111,1,75,103,1.026578073089701,-0.02657807308970095,-1.9752571877448588e-4
C,3,C3,126,n,0,FALSE,FALSE,7,76,NA,NA,NA,NA,228.481,76,126,1,76,103,1.026578073089701,-0.02657807308970095,-1.1632509088152165e-4
C,4,C4,115,n,0,FALSE,FALSE,7,77,NA,NA,NA,NA,133.236,77,115,1,77,103,1.026578073089701,-0.02657807308970095,-1.9948116942643842e-4
A,1,A1,233,n,1,FALSE,FALSE,7,67,NA,NA,NA,NA,150.494,67,117,1.9914529914529915,67,123,1.2259136212624586,0.7655393701905329,0.005086843131224719
A,2,A2,221,n,1,FALSE,FALSE,7,68,NA,NA,NA,NA,155.517,68,115,1.9217391304347826,68,123,1.2259136212624586,0.695825509172324,0.0044742729680505924
A,3,A3,188,n,1,FALSE,FALSE,7,69,NA,NA,NA,NA,251.915,69,131,1.4351145038167938,69,123,1.2259136212624586,0.20920088255433522,8.304423418785512e-4
A,4,A4,204,n,1,FALSE,FALSE,7,70,NA,NA,NA,NA,187.172,70,119,1.7142857142857142,70,123,1.2259136212624586,0.48837209302325557,0.002609215550527085
B,1,B1,216,n,1,FALSE,FALSE,7,71,NA,NA,NA,NA,175.625,71,118,1.8305084745762712,71,123,1.2259136212624586,0.6045948533138126,0.0034425329726053386
B,2,B2,216,n,1,FALSE,FALSE,7,72,NA,NA,NA,NA,263.964,72,137,1.5766423357664234,72,123,1.2259136212624586,0.3507287145039648,0.001328699044202864
B,3,B3,154,n,1,FALSE,FALSE,7,73,NA,NA,NA,NA,142.68,73,117,1.3162393162393162,73,123,1.2259136212624586,0.0903256949768576,6.330648652709392e-4
B,4,B4,175,n,1,FALSE,FALSE,7,74,NA,NA,NA,NA,210.851,74,120,1.4583333333333333,74,123,1.2259136212624586,0.23241971207087464,0.0011022936200012078
C,2,C2,165,n,1,FALSE,FALSE,7,75,NA,NA,NA,NA,134.555,75,111,1.4864864864864864,75,123,1.2259136212624586,0.2605728652240278,0.001936552823930941
C,3,C3,210,n,1,FALSE,FALSE,7,76,NA,NA,NA,NA,228.481,76,126,1.6666666666666667,76,123,1.2259136212624586,0.4407530454042081,0.0019290577571185706
C,4,C4,197,n,1,FALSE,FALSE,7,77,NA,NA,NA,NA,133.236,77,115,1.7130434782608697,77,123,1.2259136212624586,0.48712985699841105,0.0036561429118137072
A,1,A1,315,n,2,FALSE,FALSE,7,67,NA,NA,NA,NA,150.494,67,117,2.6923076923076925,67,148,1.4750830564784054,1.217224635829287,0.008088193787322333
A,2,A2,305,n,2,FALSE,FALSE,7,68,NA,NA,NA,NA,155.517,68,115,2.652173913043478,68,148,1.4750830564784054,1.1770908565650726,0.007568888652462899
A,3,A3,416,n,2,FALSE,FALSE,7,69,NA,NA,NA,NA,251.915,69,131,3.1755725190839694,69,148,1.4750830564784054,1.700489462605564,0.006750250928311391
A,4,A4,289,n,2,FALSE,FALSE,7,70,NA,NA,NA,NA,187.172,70,119,2.4285714285714284,70,148,1.4750830564784054,0.953488372093023,0.005094182741505263
B,1,B1,292,n,2,FALSE,FALSE,7,71,NA,NA,NA,NA,175.625,71,118,2.4745762711864407,71,148,1.4750830564784054,0.9994932147080353,0.005691064567732586
B,2,B2,363,n,2,FALSE,FALSE,7,72,NA,NA,NA,NA,263.964,72,137,2.6496350364963503,72,148,1.4750830564784054,1.174551980017945,0.004449667303185074
B,3,B3,309,n,2,FALSE,FALSE,7,73,NA,NA,NA,NA,142.68,73,117,2.641025641025641,73,148,1.4750830564784054,1.1659425845472355,0.008171731038318163
B,4,B4,273,n,2,FALSE,FALSE,7,74,NA,NA,NA,NA,210.851,74,120,2.275,74,148,1.4750830564784054,0.7999169435215945,0.0037937545637516277
C,2,C2,232,n,2,FALSE,FALSE,7,75,NA,NA,NA,NA,134.555,75,111,2.09009009009009,75,148,1.4750830564784054,0.6150070336116846,0.004570673952002413
C,3,C3,349,n,2,FALSE,FALSE,7,76,NA,NA,NA,NA,228.481,76,126,2.7698412698412698,76,148,1.4750830564784054,1.2947582133628643,0.005666809114818582
C,4,C4,251,n,2,FALSE,FALSE,7,77,NA,NA,NA,NA,133.236,77,115,2.1826086956521737,77,148,1.4750830564784054,0.7075256391737683,0.0053103188265466415
A,1,A1,332,n,3,FALSE,FALSE,7,67,NA,NA,NA,NA,150.494,67,117,2.8376068376068377,67,163,1.6245847176079735,1.2130221199988642,0.008060268980815608
A,2,A2,332,n,3,FALSE,FALSE,7,68,NA,NA,NA,NA,155.517,68,115,2.8869565217391306,68,163,1.6245847176079735,1.2623718041311571,0.008117259232953035
A,3,A3,459,n,3,FALSE,FALSE,7,69,NA,NA,NA,NA,251.915,69,131,3.50381679389313,69,163,1.6245847176079735,1.8792320762851564,0.0074597863417627235
A,4,A4,304,n,3,FALSE,FALSE,7,70,NA,NA,NA,NA,187.172,70,119,2.5546218487394956,70,163,1.6245847176079735,0.9300371311315221,0.004968890278094598
B,1,B1,315,n,3,FALSE,FALSE,7,71,NA,NA,NA,NA,175.625,71,118,2.669491525423729,71,163,1.6245847176079735,1.0449068078157553,0.005949647304288998
B,2,B2,396,n,3,FALSE,FALSE,7,72,NA,NA,NA,NA,263.964,72,137,2.8905109489051095,72,163,1.6245847176079735,1.265926231297136,0.004795829095244564
B,3,B3,330,n,3,FALSE,FALSE,7,73,NA,NA,NA,NA,142.68,73,117,2.8205128205128207,73,163,1.6245847176079735,1.1959281029048472,0.008381890264261614
B,4,B4,288,n,3,FALSE,FALSE,7,74,NA,NA,NA,NA,210.851,74,120,2.4,74,163,1.6245847176079735,0.7754152823920264,0.0036775508885043295
C,2,C2,243,n,3,FALSE,FALSE,7,75,NA,NA,NA,NA,134.555,75,111,2.189189189189189,75,163,1.6245847176079735,0.5646044715812155,0.004196086890722868
C,3,C3,371,n,3,FALSE,FALSE,7,76,NA,NA,NA,NA,228.481,76,126,2.9444444444444446,76,163,1.6245847176079735,1.3198597268364711,0.0057766717006511314
C,4,C4,263,n,3,FALSE,FALSE,7,77,NA,NA,NA,NA,133.236,77,115,2.2869565217391306,77,163,1.6245847176079735,0.662371804131157,0.00497141766587977
A,1,A1,324,n,4,FALSE,FALSE,7,67,NA,NA,NA,NA,150.494,67,117,2.769230769230769,67,168,1.6744186046511629,1.0948121645796063,0.007274789457251494
A,2,A2,337,n,4,FALSE,FALSE,7,68,NA,NA,NA,NA,155.517,68,115,2.9304347826086956,68,168,1.6744186046511629,1.2560161779575327,0.008076391506764745
A,3,A3,506,n,4,FALSE,FALSE,7,69,NA,NA,NA,NA,251.915,69,131,3.8625954198473282,69,168,1.6744186046511629,2.188176815196165,0.008686171189473296
A,4,A4,310,n,4,FALSE,FALSE,7,70,NA,NA,NA,NA,187.172,70,119,2.6050420168067228,70,168,1.6744186046511629,0.9306234121555599,0.004972022589679866
B,1,B1,321,n,4,FALSE,FALSE,7,71,NA,NA,NA,NA,175.625,71,118,2.7203389830508473,71,168,1.6744186046511629,1.0459203783996844,0.005955418524695712
B,2,B2,419,n,4,FALSE,FALSE,7,72,NA,NA,NA,NA,263.964,72,137,3.0583941605839415,72,168,1.6744186046511629,1.3839755559327787,0.005243046612162184
B,3,B3,342,n,4,FALSE,FALSE,7,73,NA,NA,NA,NA,142.68,73,117,2.923076923076923,73,168,1.6744186046511629,1.24865831842576,0.008751460039429212
B,4,B4,324,n,4,FALSE,FALSE,7,74,NA,NA,NA,NA,210.851,74,120,2.7,74,168,1.6744186046511629,1.0255813953488373,0.004864010108317425
C,2,C2,250,n,4,FALSE,FALSE,7,75,NA,NA,NA,NA,134.555,75,111,2.2522522522522523,75,168,1.6744186046511629,0.5778336476010895,0.004294404872365125
C,3,C3,376,n,4,FALSE,FALSE,7,76,NA,NA,NA,NA,228.481,76,126,2.984126984126984,76,168,1.6744186046511629,1.3097083794758213,0.005732241978439439
C,4,C4,267,n,4,FALSE,FALSE,7,77,NA,NA,NA,NA,133.236,77,115,2.3217391304347825,77,168,1.6744186046511629,0.6473205257836196,0.004858450612324145
A,1,A1,123,p,0,FALSE,FALSE,3,78,NA,NA,NA,NA,140.543,78,123,1,78,104,1.036544850498339,-0.036544850498339,-2.6002611655037244e-4
A,2,A2,120,p,0,FALSE,FALSE,3,79,NA,NA,NA,NA,140.645,79,120,1,79,104,1.036544850498339,-0.036544850498339,-2.598375377605958e-4
A,3,A3,112,p,0,FALSE,FALSE,3,80,NA,NA,NA,NA,116.098,80,112,1,80,104,1.036544850498339,-0.036544850498339,-3.147758832911764e-4
B,1,B1,128,p,0,FALSE,FALSE,3,81,NA,NA,NA,NA,202.587,81,128,1,81,104,1.036544850498339,-0.036544850498339,-1.8039089624871785e-4
B,2,B2,122,p,0,FALSE,FALSE,3,82,NA,NA,NA,NA,139.73,82,122,1,82,104,1.036544850498339,-0.036544850498339,-2.615390431427682e-4
B,3,B3,128,p,0,FALSE,FALSE,3,83,NA,NA,NA,NA,157.501,83,128,1,83,104,1.036544850498339,-0.036544850498339,-2.320293236127961e-4
B,4,B4,111,p,0,FALSE,FALSE,3,84,NA,NA,NA,NA,110.713,84,111,1,84,104,1.036544850498339,-0.036544850498339,-3.300863538910426e-4
C,1,C1,117,p,0,FALSE,FALSE,3,85,NA,NA,NA,NA,135.789,85,117,1,85,104,1.036544850498339,-0.036544850498339,-2.691296828044908e-4
C,2,C2,122,p,0,FALSE,FALSE,3,86,NA,NA,NA,NA,198.879,86,122,1,86,104,1.036544850498339,-0.036544850498339,-1.8375419475328718e-4
C,3,C3,121,p,0,FALSE,FALSE,3,87,NA,NA,NA,NA,185.546,87,121,1,87,104,1.036544850498339,-0.036544850498339,-1.9695843886873875e-4
C,4,C4,114,p,0,FALSE,FALSE,3,88,NA,NA,NA,NA,91.886,88,114,1,88,104,1.036544850498339,-0.036544850498339,-3.9771946214155586e-4
A,1,A1,217,p,1,FALSE,FALSE,3,78,NA,NA,NA,NA,140.543,78,123,1.7642276422764227,78,119,1.186046511627907,0.5781811306485156,0.004113909128512381
A,2,A2,210,p,1,FALSE,FALSE,3,79,NA,NA,NA,NA,140.645,79,120,1.75,79,119,1.186046511627907,0.5639534883720929,0.004009765639532816
A,3,A3,210,p,1,FALSE,FALSE,3,80,NA,NA,NA,NA,116.098,80,112,1.875,80,119,1.186046511627907,0.6889534883720929,0.005934240799773406
B,1,B1,294,p,1,FALSE,FALSE,3,81,NA,NA,NA,NA,202.587,81,128,2.296875,81,119,1.186046511627907,1.110828488372093,0.005483217029582811
B,2,B2,236,p,1,FALSE,FALSE,3,82,NA,NA,NA,NA,139.73,82,122,1.9344262295081966,82,119,1.186046511627907,0.7483797178802896,0.005355898646534671
B,3,B3,270,p,1,FALSE,FALSE,3,83,NA,NA,NA,NA,157.501,83,128,2.109375,83,119,1.186046511627907,0.9233284883720929,0.00586236587940453
B,4,B4,164,p,1,FALSE,FALSE,3,84,NA,NA,NA,NA,110.713,84,111,1.4774774774774775,84,119,1.186046511627907,0.2914309658495704,0.00263231026030882
C,1,C1,224,p,1,FALSE,FALSE,3,85,NA,NA,NA,NA,135.789,85,117,1.9145299145299146,85,119,1.186046511627907,0.7284834029020075,0.005364818968414287
C,2,C2,220,p,1,FALSE,FALSE,3,86,NA,NA,NA,NA,198.879,86,122,1.8032786885245902,86,119,1.186046511627907,0.6172321768966831,0.003103556317643809
C,3,C3,239,p,1,FALSE,FALSE,3,87,NA,NA,NA,NA,185.546,87,121,1.975206611570248,87,119,1.186046511627907,0.7891600999423409,0.004253177648358579
C,4,C4,189,p,1,FALSE,FALSE,3,88,NA,NA,NA,NA,91.886,88,114,1.6578947368421053,88,119,1.186046511627907,0.4718482252141982,0.0051351481750669115
A,1,A1,281,p,2,FALSE,FALSE,3,78,NA,NA,NA,NA,140.543,78,123,2.2845528455284554,78,136,1.3554817275747508,0.9290711179537046,0.006610582654089528
A,2,A2,253,p,2,FALSE,FALSE,3,79,NA,NA,NA,NA,140.645,79,120,2.1083333333333334,79,136,1.3554817275747508,0.7528516057585826,0.005352850124487771
A,3,A3,248,p,2,FALSE,FALSE,3,80,NA,NA,NA,NA,116.098,80,112,2.2142857142857144,80,136,1.3554817275747508,0.8588039867109636,0.007397233257342621
B,1,B1,344,p,2,FALSE,FALSE,3,81,NA,NA,NA,NA,202.587,81,128,2.6875,81,136,1.3554817275747508,1.3320182724252492,0.006575043178610914
B,2,B2,269,p,2,FALSE,FALSE,3,82,NA,NA,NA,NA,139.73,82,122,2.2049180327868854,82,136,1.3554817275747508,0.8494363052121345,0.006079126209204427
B,3,B3,328,p,2,FALSE,FALSE,3,83,NA,NA,NA,NA,157.501,83,128,2.5625,83,136,1.3554817275747508,1.2070182724252492,0.007663559421370335
B,4,B4,196,p,2,FALSE,FALSE,3,84,NA,NA,NA,NA,110.713,84,111,1.7657657657657657,84,136,1.3554817275747508,0.4102840381910149,0.0037058343481886943
C,1,C1,283,p,2,FALSE,FALSE,3,85,NA,NA,NA,NA,135.789,85,117,2.4188034188034186,85,136,1.3554817275747508,1.0633216912286678,0.007830690933939184
C,2,C2,274,p,2,FALSE,FALSE,3,86,NA,NA,NA,NA,198.879,86,122,2.2459016393442623,86,136,1.3554817275747508,0.8904199117695115,0.004477194232520837
C,3,C3,281,p,2,FALSE,FALSE,3,87,NA,NA,NA,NA,185.546,87,121,2.322314049586777,87,136,1.3554817275747508,0.9668323220120261,0.005210741929289913
C,4,C4,217,p,2,FALSE,FALSE,3,88,NA,NA,NA,NA,91.886,88,114,1.9035087719298245,88,136,1.3554817275747508,0.5480270443550737,0.00596420612884524
A,1,A1,359,p,3,FALSE,FALSE,3,78,NA,NA,NA,NA,140.543,78,123,2.9186991869918697,78,145,1.4451827242524917,1.473516462739378,0.010484452891566125
A,2,A2,268,p,3,FALSE,FALSE,3,79,NA,NA,NA,NA,140.645,79,120,2.2333333333333334,79,145,1.4451827242524917,0.7881506090808417,0.005603829564370163
A,3,A3,258,p,3,FALSE,FALSE,3,80,NA,NA,NA,NA,116.098,80,112,2.3035714285714284,80,145,1.4451827242524917,0.8583887043189367,0.007393656258668855
B,1,B1,361,p,3,FALSE,FALSE,3,81,NA,NA,NA,NA,202.587,81,128,2.8203125,81,145,1.4451827242524917,1.3751297757475083,0.006787848064029323
B,2,B2,286,p,3,FALSE,FALSE,3,82,NA,NA,NA,NA,139.73,82,122,2.3442622950819674,82,145,1.4451827242524917,0.8990795708294756,0.00643440614634993
B,3,B3,340,p,3,FALSE,FALSE,3,83,NA,NA,NA,NA,157.501,83,128,2.65625,83,145,1.4451827242524917,1.2110672757475083,0.007689267215747889
B,4,B4,209,p,3,FALSE,FALSE,3,84,NA,NA,NA,NA,110.713,84,111,1.882882882882883,84,145,1.4451827242524917,0.43770015863039125,0.00395346669885552
C,1,C1,298,p,3,FALSE,FALSE,3,85,NA,NA,NA,NA,135.789,85,117,2.547008547008547,85,145,1.4451827242524917,1.1018258227560551,0.008114249480856735
C,2,C2,286,p,3,FALSE,FALSE,3,86,NA,NA,NA,NA,198.879,86,122,2.3442622950819674,86,145,1.4451827242524917,0.8990795708294756,0.0045207365826933745
C,3,C3,292,p,3,FALSE,FALSE,3,87,NA,NA,NA,NA,185.546,87,121,2.4132231404958677,87,145,1.4451827242524917,0.968040416243376,0.005217252952062432
C,4,C4,229,p,3,FALSE,FALSE,3,88,NA,NA,NA,NA,91.886,88,114,2.008771929824561,88,145,1.4451827242524917,0.5635892055720695,0.0061335699189437945
A,1,A1,1119,p,4,FALSE,FALSE,3,78,NA,NA,NA,NA,140.543,78,123,9.097560975609756,78,153,1.5249169435215948,7.572644032088162,0.05388133192039562
A,2,A2,276,p,4,FALSE,FALSE,3,79,NA,NA,NA,NA,140.645,79,120,2.3,79,153,1.5249169435215948,0.775083056478405,0.005510917959958797
A,3,A3,261,p,4,FALSE,FALSE,3,80,NA,NA,NA,NA,116.098,80,112,2.330357142857143,80,153,1.5249169435215948,0.805440199335548,0.006937588927764027
B,1,B1,376,p,4,FALSE,FALSE,3,81,NA,NA,NA,NA,202.587,81,128,2.9375,81,153,1.5249169435215948,1.4125830564784052,0.006972723108977404
B,2,B2,296,p,4,FALSE,FALSE,3,82,NA,NA,NA,NA,139.73,82,122,2.4262295081967213,82,153,1.5249169435215948,0.9013125646751265,0.006450386922458503
B,3,B3,349,p,4,FALSE,FALSE,3,83,NA,NA,NA,NA,157.501,83,128,2.7265625,83,153,1.5249169435215948,1.2016455564784052,0.0076294471557539646
B,4,B4,232,p,4,FALSE,FALSE,3,84,NA,NA,NA,NA,110.713,84,111,2.09009009009009,84,153,1.5249169435215948,0.5651731465684953,0.005104848993058586
C,1,C1,311,p,4,FALSE,FALSE,3,85,NA,NA,NA,NA,135.789,85,117,2.658119658119658,85,153,1.5249169435215948,1.1332027145980632,0.008345320420638368
C,2,C2,295,p,4,FALSE,FALSE,3,86,NA,NA,NA,NA,198.879,86,122,2.418032786885246,86,153,1.5249169435215948,0.8931158433636512,0.004490749869838702
C,3,C3,307,p,4,FALSE,FALSE,3,87,NA,NA,NA,NA,185.546,87,121,2.5371900826446283,87,153,1.5249169435215948,1.0122731391230335,0.005455645172210846
C,4,C4,235,p,4,FALSE,FALSE,3,88,NA,NA,NA,NA,91.886,88,114,2.06140350877193,88,153,1.5249169435215948,0.536486565250335,0.00583861050922159
A,1,A1,110,r,0,FALSE,FALSE,10,89,NA,NA,NA,NA,112.845,89,110,1,89,102,1.0166112956810631,-0.01661129568106312,-1.472045343707131e-4
A,2,A2,113,r,0,FALSE,FALSE,10,90,NA,NA,NA,NA,153.237,90,113,1,90,102,1.0166112956810631,-0.01661129568106312,-1.0840264218865627e-4
A,3,A3,111,r,0,FALSE,FALSE,10,91,NA,NA,NA,NA,119.666,91,111,1,91,102,1.0166112956810631,-0.01661129568106312,-1.3881382916670668e-4
A,4,A4,113,r,0,FALSE,FALSE,10,92,NA,NA,NA,NA,117.225,92,113,1,92,102,1.0166112956810631,-0.01661129568106312,-1.4170437774419382e-4
B,1,B1,127,r,0,FALSE,FALSE,10,93,NA,NA,NA,NA,191.208,93,127,1,93,102,1.0166112956810631,-0.01661129568106312,-8.687552655256643e-5
B,2,B2,158,r,0,FALSE,FALSE,10,94,NA,NA,NA,NA,228.643,94,158,1,94,102,1.0166112956810631,-0.01661129568106312,-7.265166955062311e-5
B,3,B3,117,r,0,FALSE,FALSE,10,95,NA,NA,NA,NA,177.56,95,117,1,95,102,1.0166112956810631,-0.01661129568106312,-9.35531408034643e-5
B,4,B4,124,r,0,FALSE,FALSE,10,96,NA,NA,NA,NA,191.036,96,124,1,96,102,1.0166112956810631,-0.01661129568106312,-8.695374526823802e-5
C,1,C1,125,r,0,FALSE,FALSE,10,97,NA,NA,NA,NA,181.107,97,125,1,97,102,1.0166112956810631,-0.01661129568106312,-9.172089251692713e-5
C,2,C2,120,r,0,FALSE,FALSE,10,98,NA,NA,NA,NA,118.857,98,120,1,98,102,1.0166112956810631,-0.01661129568106312,-1.3975866529580185e-4
C,3,C3,119,r,0,FALSE,FALSE,10,99,NA,NA,NA,NA,135.348,99,119,1,99,102,1.0166112956810631,-0.01661129568106312,-1.2273026332907113e-4
A,1,A1,176,r,1,FALSE,FALSE,10,89,NA,NA,NA,NA,112.845,89,110,1.6,89,111,1.106312292358804,0.49368770764119607,0.004374918761497594
A,2,A2,193,r,1,FALSE,FALSE,10,90,NA,NA,NA,NA,153.237,90,113,1.7079646017699115,90,111,1.106312292358804,0.6016523094111075,0.003926286141148074
A,3,A3,161,r,1,FALSE,FALSE,10,91,NA,NA,NA,NA,119.666,91,111,1.4504504504504505,91,111,1.106312292358804,0.3441381580916465,0.0028758223563221507
A,4,A4,200,r,1,FALSE,FALSE,10,92,NA,NA,NA,NA,117.225,92,113,1.7699115044247788,92,111,1.106312292358804,0.6635992120659748,0.005660901787724247
B,1,B1,193,r,1,FALSE,FALSE,10,93,NA,NA,NA,NA,191.208,93,127,1.5196850393700787,93,111,1.106312292358804,0.4133727470112747,0.0021619008985569363
B,2,B2,351,r,1,FALSE,FALSE,10,94,NA,NA,NA,NA,228.643,94,158,2.221518987341772,94,111,1.106312292358804,1.115206694982968,0.004877502022729617
B,3,B3,179,r,1,FALSE,FALSE,10,95,NA,NA,NA,NA,177.56,95,117,1.5299145299145298,95,111,1.106312292358804,0.4236022375557258,0.0023856850504377436
B,4,B4,208,r,1,FALSE,FALSE,10,96,NA,NA,NA,NA,191.036,96,124,1.6774193548387097,96,111,1.106312292358804,0.5711070624799057,0.0029895258615125196
C,1,C1,207,r,1,FALSE,FALSE,10,97,NA,NA,NA,NA,181.107,97,125,1.656,97,111,1.106312292358804,0.5496877076411959,0.0030351543984561387
C,2,C2,198,r,1,FALSE,FALSE,10,98,NA,NA,NA,NA,118.857,98,120,1.65,98,111,1.106312292358804,0.5436877076411959,0.004574301115131595
C,3,C3,218,r,1,FALSE,FALSE,10,99,NA,NA,NA,NA,135.348,99,119,1.8319327731092436,99,111,1.106312292358804,0.7256204807504396,0.005361146679304013
A,1,A1,234,r,2,FALSE,FALSE,10,89,NA,NA,NA,NA,112.845,89,110,2.1272727272727274,89,122,1.2159468438538206,0.9113258834189069,0.00807590840018527
A,2,A2,281,r,2,FALSE,FALSE,10,90,NA,NA,NA,NA,153.237,90,113,2.4867256637168142,90,122,1.2159468438538206,1.2707788198629937,0.008292898058973966
A,3,A3,236,r,2,FALSE,FALSE,10,91,NA,NA,NA,NA,119.666,91,111,2.126126126126126,91,122,1.2159468438538206,0.9101792822723056,0.007605997378305497
A,4,A4,264,r,2,FALSE,FALSE,10,92,NA,NA,NA,NA,117.225,92,113,2.336283185840708,92,122,1.2159468438538206,1.1203363419868875,0.009557145165168587
B,1,B1,329,r,2,FALSE,FALSE,10,93,NA,NA,NA,NA,191.208,93,127,2.590551181102362,93,122,1.2159468438538206,1.3746043372485415,0.0071890524311145005
B,2,B2,530,r,2,FALSE,FALSE,10,94,NA,NA,NA,NA,228.643,94,158,3.3544303797468356,94,122,1.2159468438538206,2.138483535893015,0.009352936831186676
B,3,B3,255,r,2,FALSE,FALSE,10,95,NA,NA,NA,NA,177.56,95,117,2.1794871794871793,95,122,1.2159468438538206,0.9635403356333587,0.005426561926297357
B,4,B4,330,r,2,FALSE,FALSE,10,96,NA,NA,NA,NA,191.036,96,124,2.661290322580645,96,122,1.2159468438538206,1.4453434787268244,0.007565817326194144
C,1,C1,343,r,2,FALSE,FALSE,10,97,NA,NA,NA,NA,181.107,97,125,2.744,97,122,1.2159468438538206,1.5280531561461796,0.008437294837561109
C,2,C2,325,r,2,FALSE,FALSE,10,98,NA,NA,NA,NA,118.857,98,120,2.7083333333333335,98,122,1.2159468438538206,1.492386489479513,0.012556151421283667
C,3,C3,319,r,2,FALSE,FALSE,10,99,NA,NA,NA,NA,135.348,99,119,2.680672268907563,99,122,1.2159468438538206,1.4647254250537423,0.010821921454722213
A,1,A1,249,r,3,FALSE,FALSE,10,89,NA,NA,NA,NA,112.845,89,110,2.2636363636363637,89,128,1.275747508305648,0.9878888553307157,0.008754387481330282
A,2,A2,293,r,3,FALSE,FALSE,10,90,NA,NA,NA,NA,153.237,90,113,2.5929203539823007,90,128,1.275747508305648,1.3171728456766527,0.008595658004768122
A,3,A3,249,r,3,FALSE,FALSE,10,91,NA,NA,NA,NA,119.666,91,111,2.2432432432432434,91,128,1.275747508305648,0.9674957349375954,0.008084967617682511
A,4,A4,277,r,3,FALSE,FALSE,10,92,NA,NA,NA,NA,117.225,92,113,2.4513274336283186,92,128,1.275747508305648,1.1755799253226706,0.010028406272746178
B,1,B1,371,r,3,FALSE,FALSE,10,93,NA,NA,NA,NA,191.208,93,127,2.921259842519685,93,128,1.275747508305648,1.6455123342140372,0.008605875979111947
B,2,B2,591,r,3,FALSE,FALSE,10,94,NA,NA,NA,NA,228.643,94,158,3.740506329113924,94,128,1.275747508305648,2.4647588208082762,0.010779944370955053
B,3,B3,270,r,3,FALSE,FALSE,10,95,NA,NA,NA,NA,177.56,95,117,2.3076923076923075,95,128,1.275747508305648,1.0319447993866595,0.005811808962529058
B,4,B4,358,r,3,FALSE,FALSE,10,96,NA,NA,NA,NA,191.036,96,124,2.8870967741935485,96,128,1.275747508305648,1.6113492658879005,0.008434793786971569
C,1,C1,359,r,3,FALSE,FALSE,10,97,NA,NA,NA,NA,181.107,97,125,2.872,97,128,1.275747508305648,1.596252491694352,0.008813864133878602
C,2,C2,350,r,3,FALSE,FALSE,10,98,NA,NA,NA,NA,118.857,98,120,2.9166666666666665,98,128,1.275747508305648,1.6409191583610185,0.013805826820136959
C,3,C3,339,r,3,FALSE,FALSE,10,99,NA,NA,NA,NA,135.348,99,119,2.8487394957983194,99,128,1.275747508305648,1.5729919874926714,0.011621833994537572
A,1,A1,249,r,4,FALSE,FALSE,10,89,NA,NA,NA,NA,112.845,89,110,2.2636363636363637,89,133,1.3255813953488373,0.9380549682875263,0.008312773878218143
A,2,A2,300,r,4,FALSE,FALSE,10,90,NA,NA,NA,NA,153.237,90,113,2.6548672566371683,90,133,1.3255813953488373,1.329285861288331,0.00867470559517826
A,3,A3,289,r,4,FALSE,FALSE,10,91,NA,NA,NA,NA,119.666,91,111,2.6036036036036037,91,133,1.3255813953488373,1.2780222082547663,0.01067991082057365
A,4,A4,292,r,4,FALSE,FALSE,10,92,NA,NA,NA,NA,117.225,92,113,2.584070796460177,92,133,1.3255813953488373,1.2584894011113397,0.010735674140425163
B,1,B1,518,r,4,FALSE,FALSE,10,93,NA,NA,NA,NA,191.208,93,127,4.078740157480315,93,133,1.3255813953488373,2.7531587621314775,0.014398763452007643
B,2,B2,604,r,4,FALSE,FALSE,10,94,NA,NA,NA,NA,228.643,94,158,3.8227848101265822,94,133,1.3255813953488373,2.497203414777745,0.010921845036925447
B,3,B3,285,r,4,FALSE,FALSE,10,95,NA,NA,NA,NA,177.56,95,117,2.4358974358974357,95,133,1.3255813953488373,1.1103160405485983,0.006253187883242838
B,4,B4,422,r,4,FALSE,FALSE,10,96,NA,NA,NA,NA,191.036,96,124,3.403225806451613,96,133,1.3255813953488373,2.0776444111027756,0.010875669565436754
C,1,C1,368,r,4,FALSE,FALSE,10,97,NA,NA,NA,NA,181.107,97,125,2.944,97,133,1.3255813953488373,1.6184186046511626,0.008936256492853189
C,2,C2,363,r,4,FALSE,FALSE,10,98,NA,NA,NA,NA,118.857,98,120,3.025,98,133,1.3255813953488373,1.6994186046511626,0.014298010253087008
C,3,C3,353,r,4,FALSE,FALSE,10,99,NA,NA,NA,NA,135.348,99,119,2.966386554621849,99,133,1.3255813953488373,1.6408051592730115,0.012122862246010368
